/*

database choujigen3ogre

drop database choujigen3ogre;
create database choujigen3ogre;
use choujigen3ogre;
source /home/alejandro/Desktop/projects/choujigen3mysql/sql/choujigen3.sql
*/

/*1-drop*/
drop table if exists daily;
drop table if exists link_lock;
drop table if exists link_chest;
drop table if exists link_player;
drop table if exists conn_link;
drop table if exists conn_link_type;
drop table if exists conn_panel;
drop table if exists player_received_during_story;
drop table if exists item_gifted_during_story;
drop table if exists story;
drop table if exists utc_session_drops;
drop table if exists utc_drop_type;
drop table if exists utc_session_develops_stat;
drop table if exists utc_session;
drop table if exists old_pin_badge_exchange;
drop table if exists gacha_yields;
drop table if exists gacha;
drop table if exists ultimate_note_increases_free;
drop table if exists tournament_rank_may_drop_item;
drop table if exists tournament_rank_disputed_by_team;
drop table if exists tournament_rank_requires_player;
drop table if exists tournament_name;
drop table if exists tournament_rank;
drop table if exists practice_game_can_drop_item;
drop table if exists practice_game_initiated_by_npc;
drop table if exists item_vscard;
drop table if exists practice_game;
drop table if exists practice_game_condition;
drop table if exists route_path;
drop table if exists extra_battle_route;
drop table if exists tactic_executed_by_team;
drop table if exists player_plays_during_story_team;
drop table if exists player_is_part_of_team;
drop table if exists team;
drop table if exists formation_organized_as_positi;
drop table if exists item_formation;
drop table if exists formation_scheme;
drop table if exists formation_type;
drop table if exists player_decrypted_with_passwd;
drop table if exists player_has_recommended_routine_tm;
drop table if exists player_has_recommended_gear_equipment;
drop table if exists player_has_recommended_slot_hissatsu;
drop table if exists player_learns_hissatsu;
drop table if exists hissatsu_evokes_attri;
drop table if exists hissatsu_designed_for_attri;
drop table if exists hissatsu_combined_with_hissatsu;
drop table if exists hissatsu_helped_by_attri;
drop table if exists hissatsu_restricted_by_hissatsu_special_restriction;
drop table if exists hissatsu_special_restriction;
drop table if exists hissatsu_available_for_positi;
drop table if exists hissatsu_constrained_by_body_type;
drop table if exists hissatsu_limited_by_gender;
drop table if exists hissatsu_evolves;
drop table if exists growth_type_can_achieve_growth_rate;
drop table if exists growth_rate;
drop table if exists growth_type;
drop table if exists hissatsu_skill;
drop table if exists hissatsu_catch;
drop table if exists hissatsu_block;
drop table if exists hissatsu_dribble;
drop table if exists hissatsu_shoot_can_have_shoot_special_property;
drop table if exists hissatsu_shoot;
drop table if exists shoot_special_property;
drop table if exists catch_type;
drop table if exists equipment_strengthens_stat;
drop table if exists item_sold_at_stor;
drop table if exists chest;
drop table if exists npc;
drop table if exists player_found_at_zone;
drop table if exists item_wear;
drop table if exists item_ultimate_note;
drop table if exists item_recovery;
drop table if exists item_key;
drop table if exists item_map;
drop table if exists item_reward_player;
drop table if exists item_currency;
drop table if exists item_equipment;
drop table if exists equipment_type;
drop table if exists item_tactic;
drop table if exists tactic_side;
drop table if exists tactic_type;
drop table if exists item_hissatsu;
drop table if exists hissatsu_type;
drop table if exists item;
drop table if exists item_type;
drop table if exists player;
drop table if exists player_obtention_method;
drop table if exists passwd;
drop table if exists attri;
drop table if exists positi;
drop table if exists body_type;
drop table if exists gender;
drop table if exists training_method_focuses_on_stat;
drop table if exists stat;
drop table if exists training_method;
drop table if exists stor;
drop table if exists stor_type;
drop table if exists zone_building_floor;
drop table if exists zone_building;
drop table if exists zone_level;
drop table if exists zone_inner;
drop table if exists zone_outer;
drop table if exists zone;
drop table if exists zone_type;
drop table if exists region;

/*2-create*/
/*page-zone*/
create table region (
    region_id int not null auto_increment,
    region_name_ja varchar(32),
    region_name_en varchar(32),
    region_name_es varchar(32),
    constraint region_pk primary key (region_id)
);

create table zone_type (
    zone_type_id int not null auto_increment,
    zone_type_name varchar(32),
    constraint zone_type_pk primary key (zone_type_id)
);

create table zone (
    zone_id int not null auto_increment,
    zone_name_ja varchar(32),
    zone_name_en varchar(32),
    zone_name_es varchar(32),
    zone_type_id int,
    constraint zone_pk primary key (zone_id),
    constraint zone_fk_zone_type foreign key (zone_type_id) 
        references zone_type(zone_type_id) on delete cascade
);

create table zone_outer (
    zone_outer_id int not null,
    region_id int,
    constraint zone_outer_pk primary key (zone_outer_id),
    constraint zone_outer_fk_zone foreign key (zone_outer_id) 
        references zone(zone_id) on delete cascade,
    constraint zone_outer_fk_region foreign key (region_id) 
        references region(region_id) on delete cascade
);

create table zone_inner ( 
    zone_inner_id int not null,
    zone_outer_id int,
    constraint zone_inner_pk primary key (zone_inner_id),
    constraint zone_inner_fk_zone foreign key (zone_inner_id) 
        references zone(zone_id) on delete cascade,
    constraint zone_inner_fk_zone_outer foreign key (zone_outer_id) 
        references zone_outer(zone_outer_id) on delete cascade
);

create table zone_level ( 
    zone_level_id int not null,
    zone_inner_id int,
    constraint zone_level_pk primary key (zone_level_id),
    constraint zone_level_fk_zone foreign key (zone_level_id) 
        references zone(zone_id) on delete cascade,
    constraint zone_level_fk_zone_inner foreign key (zone_inner_id) 
        references zone_inner(zone_inner_id) on delete cascade
);

create table zone_building ( 
    zone_building_id int not null,
    zone_level_id int,
    constraint zone_building_pk primary key (zone_building_id),
    constraint zone_building_fk_zone foreign key (zone_building_id) 
        references zone(zone_id) on delete cascade,
    constraint zone_building_fk_zone_level foreign key (zone_level_id) 
        references zone_level(zone_level_id) on delete cascade
);

create table zone_building_floor ( 
    zone_building_floor_id int not null,
    zone_building_id int,
    constraint zone_building_floor_pk primary key (zone_building_floor_id),
    constraint zone_building_floor_fk_zone foreign key (zone_building_floor_id) 
        references zone(zone_id) on delete cascade,
    constraint zone_building_floor_fk_building foreign key (zone_building_id) 
        references zone_building(zone_building_id) on delete cascade
);

create table stor_type ( 
    stor_type_id int not null auto_increment,
    stor_type_name_ja varchar(32),
    stor_type_name_en varchar(32),
    stor_type_name_es varchar(32),
    constraint stor_type_pk primary key (stor_type_id)
);

create table stor ( 
    stor_id int not null auto_increment,
    stor_type_id int,
    zone_id int,
    constraint stor_pk primary key (stor_id),
    constraint stor_fk_stor_type foreign key (stor_type_id) 
        references stor_type(stor_type_id) on delete cascade,
    constraint stor_fk_zone foreign key (zone_id) 
        references zone(zone_id) on delete cascade
);
/*page-training-method*/
create table training_method (
    training_method_id int not null auto_increment,
    training_method_name_ja varchar(32),
    training_method_name_en varchar(32),
    training_method_name_es varchar(32),
    training_method_desc_ja varchar(200),
    training_method_desc_en varchar(200),
    training_method_desc_es varchar(200),
    constraint training_method_pk primary key (training_method_id)
);

create table stat (
    stat_id int not null auto_increment,
    stat_name_ja varchar(32),
    stat_name_en varchar(32),
    stat_name_es varchar(32),
    constraint stat_pk primary key (stat_id)
);

create table training_method_focuses_on_stat (
    training_method_id int not null,
    stat_id int not null,
    constraint training_method_focuses_on_stat_pk 
        primary key (training_method_id, stat_id),    
    constraint training_method_focuses_on_stat_fk_training_method
        foreign key (training_method_id) 
        references training_method(training_method_id) on delete cascade,
    constraint training_method_focuses_on_stat_fk_stat foreign key (stat_id) 
        references stat(stat_id) on delete cascade
);
/*page-player*/
create table gender (
    gender_id int not null auto_increment,
    gender_name_ja varchar(32),
    gender_name_en varchar(32),
    gender_name_es varchar(32),
    gender_symbol varchar(1),
    constraint gender_pk primary key (gender_id)
);

create table body_type (
    body_type_id int not null auto_increment,
    body_type_name_ja varchar(32),
    body_type_name_en varchar(32),
    body_type_name_es varchar(32),
    constraint body_type_pk primary key (body_type_id)
);

create table positi (
    positi_id int not null auto_increment,
    positi_name_ja varchar(32),
    positi_name_en varchar(32),
    positi_name_es varchar(32),
    constraint positi_pk primary key (positi_id)
);

create table attri (
    attri_id int not null auto_increment,
    attri_name_ja varchar(32),
    attri_name_en varchar(32),
    attri_name_es varchar(32),
    constraint attri_pk primary key (attri_id)
);

create table passwd (
    passwd_id int not null auto_increment,
    passwd_ja varchar(32),
    passwd_en varchar(32),
    passwd_es varchar(32),
    constraint passwd_pk primary key (passwd_id)
);

create table player_obtention_method (
    player_obtention_method_id int not null auto_increment,
    player_obtention_method_desc_ja varchar(32),
    player_obtention_method_desc_en varchar(32),
    player_obtention_method_desc_es varchar(32),
    constraint player_obtention_method_pk 
        primary key (player_obtention_method_id)
);

create table player (
    player_id int not null auto_increment,
    player_name_ja varchar(32),
    player_name_hiragana varchar(32),
    player_name_kanji varchar(32),
    player_name_romanji varchar(32),
    player_name_en varchar(32),
    player_name_en_full varchar(32),
    player_initial_lv int,
    player_gp_99 int,
    player_tp_99 int,
    player_kick_99 int,
    player_body_99 int,
    player_control_99 int,
    player_guard_99 int,
    player_speed_99 int,
    player_stamina_99 int,
    player_guts_99 int,
    player_freedom_99 int,
    attri_id int,
    positi_id int,
    gender_id int,
    body_type_id int,
    player_obtention_method_id int,
    original_version int,
    constraint player_pk primary key (player_id),
    constraint player_fk_attri foreign key (attri_id) 
        references attri(attri_id) on delete cascade,
    constraint player_fk_positi foreign key (positi_id) 
        references positi(positi_id) on delete cascade,
    constraint player_fk_gender foreign key (gender_id) 
        references gender(gender_id) on delete cascade,
    constraint player_fk_body_type foreign key (body_type_id) 
        references body_type(body_type_id) on delete cascade,
    constraint player_fk_player_obtention_method 
        foreign key (player_obtention_method_id) 
        references player_obtention_method(player_obtention_method_id) 
        on delete cascade,
    constraint player_fk_player foreign key (original_version) 
        references player(player_id) on delete cascade
);
drop table if exists player;
source /home/alejandro/Desktop/projects/choujigen3mysql/sql/player.sql

/*page-item*/
create table item_type (
    item_type_id int not null auto_increment,
    item_type_name_ja varchar(32),
    item_type_name_en varchar(32),
    item_type_name_es varchar(32),
    constraint item_type_pk primary key (item_type_id)
);

create table item (
    item_id int not null auto_increment,
    item_name_ja varchar(32),
    item_name_en varchar(32),
    item_name_es varchar(32),
    item_price_buy int,
    item_price_sell int,
    item_type_id int,
    constraint item_pk primary key (item_id),
    constraint item_fk_item_type foreign key (item_type_id) 
        references item_type(item_type_id) on delete cascade
);

create table hissatsu_type (
    hissatsu_type_id int not null auto_increment,
    hissatsu_type_name_ja varchar(32),
    hissatsu_type_name_en varchar(32),
    hissatsu_type_name_es varchar(32),
    constraint hissatsu_type_pk primary key (hissatsu_type_id)
);

create table item_hissatsu (
    item_hissatsu_id int not null,
    hissatsu_type_id int,
    constraint item_hissatsu_pk primary key (item_hissatsu_id),
    constraint item_hissatsu_fk_item foreign key (item_hissatsu_id) 
        references item(item_id) on delete cascade,
    constraint item_hissatsu_fk_hissatsu_type foreign key (hissatsu_type_id) 
        references hissatsu_type(hissatsu_type_id) on delete cascade
);
/*page-tactic*/
create table tactic_type (
    tactic_type_id int not null auto_increment,
    tactic_type_name_ja varchar(32),
    tactic_type_name_en varchar(32),
    tactic_type_name_es varchar(32),
    constraint tactic_type_pk primary key (tactic_type_id)
);

create table tactic_side (
    tactic_side_id int not null auto_increment,
    tactic_side_name_ja varchar(32),
    tactic_side_name_en varchar(32),
    tactic_side_name_es varchar(32),
    constraint tactic_side_pk primary key (tactic_side_id)    
);
/*page-item*/
create table item_tactic (
    item_tactic_id int not null,
    item_tactic_ttp int,
    item_tactic_power int,
    item_tactic_effect_ja varchar(200),
    item_tactic_effect_en varchar(200),
    item_tactic_effect_es varchar(200),
    tactic_type_id int,
    tactic_side_id int,
    constraint item_tactic_id_pk primary key (item_tactic_id),
    constraint item_tactic_fk_item foreign key (item_tactic_id)
        references item(item_id) on delete cascade,
    constraint item_tactic_fk_tactic_type foreign key (tactic_type_id) 
        references tactic_type(tactic_type_id) on delete cascade,
    constraint item_tactic_fk_tactic_side foreign key (tactic_side_id) 
        references tactic_side(tactic_side_id) on delete cascade
);

create table equipment_type (
    equipment_type_id int not null,
    equipment_type_name_ja varchar(32),
    equipment_type_name_en varchar(32),
    equipment_type_name_es varchar(32),
    constraint equipment_type_pk primary key (equipment_type_id)   
);

create table item_equipment (
    item_equipment_id int not null,
    equipment_type_id int,
    constraint equipment_type_pk primary key (item_equipment_id),
    constraint item_equipment_fk_item foreign key (item_equipment_id)
        references item(item_id) on delete cascade,
    constraint item_equipment_fk_equipment_type foreign key (equipment_type_id) 
        references equipment_type(equipment_type_id) on delete cascade
);

create table item_currency (
    item_currency_id int not null,
    item_currency_carry_limit int,
    constraint item_currency_pk primary key (item_currency_id),
    constraint item_currency_fk_item foreign key (item_currency_id)
        references item(item_id) on delete cascade
);

create table item_reward_player (
    item_reward_player_id int not null,
    player_id int,
    constraint item_reward_player_pk primary key (item_reward_player_id),
    constraint item_reward_player_fk_item foreign key (item_reward_player_id) 
        references item(item_id) on delete cascade,
    constraint item_reward_player_fk_player foreign key (player_id) 
        references player(player_id) on delete cascade
);

create table item_map (
    item_map_id int not null,
    zone_id int,
    constraint item_map_pk primary key (item_map_id),
    constraint item_map_fk_item foreign key (item_map_id)
        references item(item_id) on delete cascade,
    constraint item_map_fk_zone foreign key (zone_id) 
        references zone(zone_id) on delete cascade
);

create table item_key (
    item_key_id int not null,
    zone_id int,
    constraint item_key_pk primary key (item_key_id),
    constraint item_key_fk_item foreign key (item_key_id) 
        references item(item_id) on delete cascade,
    constraint item_key_fk_zone foreign key (zone_id) 
        references zone(zone_id) on delete cascade
);

create table item_recovery (
    item_recovery_id int not null,
    item_recovery_gp int,
    item_recovery_tp int,
    constraint item_recovery_pk primary key (item_recovery_id),
    constraint item_recovery_fk_item foreign key (item_recovery_id)
        references item(item_id) on delete cascade
);

create table item_ultimate_note (
    item_ultimate_note_id int not null,
    item_ultimate_note_order int,
    constraint item_ultimate_note_pk primary key (item_ultimate_note_id),
    constraint item_ultimate_note_fk_item foreign key (item_ultimate_note_id)
        references item(item_id) on delete cascade
);

create table item_wear (
    item_wear_id int not null,
    item_wear_hex varchar(6), 
    constraint item_wear_pk primary key (item_wear_id),
    constraint item_wear_fk_item foreign key (item_wear_id)
        references item(item_id) on delete cascade
);
/*missing vscard*/
/*page-zone*/
create table player_found_at_zone (
    player_id int not null,
    zone_id int not null,
    is_random boolean,
    hint_ja varchar(200), 
    hint_en varchar(200), 
    hint_es varchar(200),
    constraint player_found_at_zone_pk primary key (player_id),
    constraint player_found_at_zone_fk_player foreign key (player_id)
        references player(player_id) on delete cascade,
    constraint player_found_at_zone_fk_zone foreign key (zone_id)
        references zone(zone_id) on delete cascade
);

create table npc (
    npc_id int not null auto_increment,
    npc_name_ja varchar(32),
    npc_name_en varchar(32),
    npc_name_es varchar(32),
    zone_id int,
    constraint npc_pk primary key (npc_id),
    constraint npc_fk_zone foreign key (zone_id)
        references zone(zone_id) on delete cascade
);

create table chest (
    chest_id int not null auto_increment,
    chest_hint_ja varchar(200), 
    chest_hint_en varchar(200), 
    chest_hint_es varchar(200), 
    zone_id int,
    item_id int,
    constraint chest_pk primary key (chest_id),
    constraint chest_fk_zone foreign key (zone_id)
        references zone(zone_id) on delete cascade,
    constraint chest_fk_item foreign key (item_id)
        references item(item_id) on delete cascade
);

create table item_sold_at_stor (
    stor_id int not null,
    item_id int not null,
    constraint item_sold_at_stor_pk primary key (stor_id, item_id),
    constraint item_sold_at_stor_fk_stor foreign key (stor_id)
        references stor(stor_id) on delete cascade,
    constraint item_sold_at_stor_fk_item foreign key (item_id)
        references item(item_id) on delete cascade
);
/*page-equipment*/
create table equipment_strengthens_stat (
    item_equipment_id int not null,
    stat_id int not null,
    amount int,
    constraint equipment_strengthens_stat_pk 
        primary key (item_equipment_id, stat_id),
    constraint equipment_strengthens_stat_fk_item_equipment 
        foreign key (item_equipment_id)
        references item_equipment(item_equipment_id) on delete cascade,
    constraint equipment_strengthens_stat_fk_stat foreign key (stat_id)
        references stat(stat_id) on delete cascade
);
/*page-hissatsu*/
create table catch_type (
    catch_type_id int not null auto_increment,
    catch_type_name_ja varchar(32),
    catch_type_name_en varchar(32),
    catch_type_name_es varchar(32),
    constraint catch_type_pk primary key (catch_type_id)
);

create table shoot_special_property (
    shoot_special_property_id int not null auto_increment,
    shoot_special_property_name_ja varchar(32),
    shoot_special_property_name_en varchar(32),
    shoot_special_property_name_es varchar(32),
    constraint shoot_special_property_pk primary key (shoot_special_property_id)
);

create table hissatsu_shoot (
    item_hissatsu_id int not null,
    hissatsu_shoot_power int,
    hissatsu_shoot_tp int,
    hissatsu_shoot_participants int,
    constraint hissatsu_shoot_pk primary key (item_hissatsu_id),
    constraint hissatsu_shoot_fk_item_hissatsu foreign key (item_hissatsu_id)
        references item_hissatsu(item_hissatsu_id) on delete cascade
);

create table hissatsu_shoot_can_have_shoot_special_property (
    item_hissatsu_id int not null,
    shoot_special_property_id int not null,
    constraint hissatsu_shoot_can_have_spp_pk primary key (item_hissatsu_id),
    constraint hissatsu_shoot_can_have_ssp_fk_hissatsu_shoot 
        foreign key (item_hissatsu_id)
        references hissatsu_shoot(item_hissatsu_id) on delete cascade,
    constraint hissatsu_shoot_can_have_spp_fk_spp 
        foreign key (shoot_special_property_id)
        references shoot_special_property(shoot_special_property_id) 
        on delete cascade
);

create table hissatsu_dribble (
    item_hissatsu_id int not null,
    hissatsu_dribble_power int,
    hissatsu_dribble_tp int,
    hissatsu_dribble_participants int,
    hissatsu_dribble_foul int,
    constraint hissatsu_dribble_pk primary key (item_hissatsu_id),
    constraint hissatsu_dribble_fk_item_hissatsu foreign key (item_hissatsu_id)
        references item_hissatsu(item_hissatsu_id) on delete cascade
);

create table hissatsu_block (
    item_hissatsu_id int not null,
    hissatsu_block_power int,
    hissatsu_block_tp int,
    hissatsu_block_participants int,
    hissatsu_block_foul int,
    hissatsu_block_is_block int,
    constraint hissatsu_block_pk primary key (item_hissatsu_id),
    constraint hissatsu_block_fk_item_hissatsu foreign key (item_hissatsu_id)
        references item_hissatsu(item_hissatsu_id) on delete cascade
);

create table hissatsu_catch (
    item_hissatsu_id int not null,
    hissatsu_catch_power int,
    hissatsu_catch_tp int,
    hissatsu_catch_participants int,
    catch_type_id int,
    constraint hissatsu_catch_pk primary key (item_hissatsu_id),
    constraint hissatsu_catch_fk_item_hissatsu foreign key (item_hissatsu_id)
        references item_hissatsu(item_hissatsu_id) on delete cascade,
    constraint hissatsu_catch_fk_catch_type foreign key (catch_type_id)
        references catch_type(catch_type_id) on delete cascade
);

create table hissatsu_skill (
    item_hissatsu_id int not null,
    hissatsu_skill_effect_ja varchar(400),
    hissatsu_skill_effect_en varchar(400),
    hissatsu_skill_effect_es varchar(400),
    constraint hissatsu_skill_pk primary key (item_hissatsu_id),
    constraint hissatsu_skill_fk_item_hissatsu foreign key (item_hissatsu_id)
        references item_hissatsu(item_hissatsu_id) on delete cascade
);

create table growth_type (
    growth_type_id int not null auto_increment,
    growth_type_name_ja varchar(32),
    growth_type_name_en varchar(32),
    growth_type_name_es varchar(32),
    constraint growth_type_pk primary key (growth_type_id)
);

create table growth_rate (
    growth_rate_id int not null auto_increment,
    growth_rate_name_ja varchar(32),
    growth_rate_name_en varchar(32),
    growth_rate_name_es varchar(32),
    constraint growth_rate_pk primary key (growth_rate_id)
);

create table growth_type_can_achieve_growth_rate (
    growth_type_id int not null,
    growth_rate_id int not null,
    additional_power int, 
    number_of_uses int,    
    constraint growth_type_can_achieve_growth_rate_pk 
        primary key (growth_type_id, growth_rate_id),
    constraint growth_type_can_achieve_growth_rate_fk_growth_type
        foreign key (growth_type_id)
        references growth_type(growth_type_id) on delete cascade,
    constraint growth_type_can_achieve_growth_rate_fk_growth_rate 
        foreign key (growth_rate_id)
        references growth_rate(growth_rate_id) on delete cascade
);

create table hissatsu_evolves (
    item_hissatsu_id int not null,
    growth_type_id int not null,
    growth_rate_id int not null,
    constraint hissatsu_evolves_pk 
        primary key (item_hissatsu_id, growth_type_id, growth_rate_id),
    constraint hissatsu_evolves_fk_item_hissatsu foreign key (item_hissatsu_id)
        references item_hissatsu(item_hissatsu_id) on delete cascade,
    constraint hissatsu_evolves_fk_growth_type foreign key (growth_type_id)
        references growth_type(growth_type_id) on delete cascade,
    constraint hissatsu_evolves_fk_growth_rate 
        foreign key (growth_rate_id)
        references growth_rate(growth_rate_id) on delete cascade
);

create table hissatsu_limited_by_gender (
    item_hissatsu_id int not null,
    gender_id int not null,
    constraint hissatsu_limited_by_gender_pk primary key (item_hissatsu_id),
    constraint hissatsu_limited_by_gender_fk_item_hissatsu 
        foreign key (item_hissatsu_id)
        references item_hissatsu(item_hissatsu_id) on delete cascade,
    constraint hissatsu_limited_by_gender_fk_gender
        foreign key (gender_id)
        references gender(gender_id) on delete cascade
);

create table hissatsu_constrained_by_body_type (
    item_hissatsu_id int not null,
    body_type_id int not null,
    constraint hissatsu_constrained_by_body_type_pk 
        primary key (item_hissatsu_id, body_type_id),
    constraint hissatsu_constrained_by_body_type_fk_item_hissatsu 
        foreign key (item_hissatsu_id)
        references item_hissatsu(item_hissatsu_id) on delete cascade,
    constraint hissatsu_constrained_by_body_type_fk_body_type
        foreign key body_type(body_type_id)
        references body_type(body_type_id) on delete cascade
);

create table hissatsu_available_for_positi (
    item_hissatsu_id int not null,
    positi_id int not null,
    constraint hissatsu_available_for_positi_pk 
        primary key (item_hissatsu_id, positi_id),
    constraint hissatsu_available_for_positi_fk_item_hissatsu 
        foreign key (item_hissatsu_id)
        references item_hissatsu(item_hissatsu_id) on delete cascade,
    constraint hissatsu_available_for_positi_fk_positi
        foreign key (positi_id)
        references positi(positi_id) on delete cascade
);

create table hissatsu_special_restriction (
    hissatsu_special_restriction_id int not null auto_increment,
    hissatsu_special_restriction_desc_ja varchar(200),
    hissatsu_special_restriction_desc_en varchar(200),
    hissatsu_special_restriction_desc_es varchar(200),
    constraint hissatsu_special_restriction_pk 
        primary key (hissatsu_special_restriction_id)
);

create table hissatsu_restricted_by_hissatsu_special_restriction (
    item_hissatsu_id int not null,
    hissatsu_special_restriction_id int not null,
    constraint hissatsu_restricted_by_hsp_pk primary key (item_hissatsu_id),
    constraint hissatsu_restricted_by_hsp_fk_item_hissatsu 
        foreign key (item_hissatsu_id)
        references item_hissatsu(item_hissatsu_id) on delete cascade,
    constraint hissatsu_restricted_by_hsp_fk_hsp 
        foreign key (hissatsu_special_restriction_id)
        references hissatsu_special_restriction(hissatsu_special_restriction_id)
        on delete cascade
);

create table hissatsu_designed_for_attri (
    item_hissatsu_id int not null,
    attri_id int not null,
    constraint hissatsu_designed_for_attri_pk primary key (item_hissatsu_id),
    constraint hissatsu_designed_for_attri_fk_item_hissatsu 
        foreign key (item_hissatsu_id)
        references item_hissatsu(item_hissatsu_id) on delete cascade,
    constraint hissatsu_designed_for_attri_fk_attri foreign key (attri_id)
        references attri(attri_id) on delete cascade
);

create table hissatsu_helped_by_attri (
    item_hissatsu_id int not null,
    attri_id int not null,
    constraint hissatsu_helped_by_attri_pk 
        primary key (item_hissatsu_id, attri_id),
    constraint hissatsu_helped_by_attri_fk_item_hissatsu 
        foreign key (item_hissatsu_id)
        references item_hissatsu(item_hissatsu_id) on delete cascade,
    constraint hissatsu_helped_by_attri_fk_attri foreign key (attri_id)
        references attri(attri_id) on delete cascade
);

create table hissatsu_combined_with_hissatsu (
    item_hissatsu_id_base int not null,
    item_hissatsu_id_combined int not null,
    constraint hissatsu_combined_with_hissatsu_pk 
        primary key (item_hissatsu_id_base),
    constraint hissatsu_combined_with_hissatsu_fk_item_hissatsu1 
        foreign key (item_hissatsu_id_base)
        references item_hissatsu(item_hissatsu_id) on delete cascade,
    constraint hissatsu_combined_with_hissatsu_fk_item_hissatsu2
        foreign key (item_hissatsu_id_combined)
        references item_hissatsu(item_hissatsu_id) on delete cascade
);

create table hissatsu_evokes_attri (
    item_hissatsu_id int not null,
    attri_id int not null,
    constraint hissatsu_evokes_attri_pk primary key (item_hissatsu_id),
    constraint hissatsu_evokes_attri_fk_item_hissatsu 
        foreign key (item_hissatsu_id)
        references item_hissatsu(item_hissatsu_id) on delete cascade,
    constraint hissatsu_evokes_attri_fk_attri foreign key (attri_id) 
        references attri(attri_id) on delete cascade
);
/*page-player*/
create table player_learns_hissatsu (
    player_id int not null,
    item_hissatsu_id int not null,
    learn_lv int,
    learn_order int,
    constraint player_learns_hissatsu_pk 
        primary key (player_id, item_hissatsu_id),
    constraint player_learns_hissatsu_fk_player foreign key (player_id)
        references player(player_id) on delete cascade,
    constraint player_learns_hissatsu_fk_item_hissatsu 
        foreign key (item_hissatsu_id)
        references item_hissatsu(item_hissatsu_id) on delete cascade
);

create table player_has_recommended_slot_hissatsu (
    player_id int not null,
    item_hissatsu_id int not null,
    constraint player_has_recommended_slot_hissatsu_pk 
        primary key (player_id, item_hissatsu_id),
    constraint player_has_recommended_slot_hissatsu_fk_player 
        foreign key (player_id)
        references player(player_id) on delete cascade,
    constraint player_has_recommended_slot_hissatsu_fk_item_hissatsu 
        foreign key (item_hissatsu_id)
        references item_hissatsu(item_hissatsu_id) on delete cascade
);

create table player_has_recommended_gear_equipment (
    player_id int not null,
    item_equipment_id int not null,
    constraint player_has_recommended_gear_equipment_pk 
        primary key (player_id, item_equipment_id),
    constraint player_has_recommended_gear_equipment_fk_player 
        foreign key (player_id)
        references player(player_id) on delete cascade,
    constraint player_has_recommended_gear_equipment_fk_item_equipment 
        foreign key (item_equipment_id)
        references item_equipment(item_equipment_id) on delete cascade
);

create table player_has_recommended_routine_tm (
    player_id int not null,
    training_method_id int not null,
    constraint player_has_recommended_routine_tm_pk 
        primary key (player_id, training_method_id),
    constraint player_has_recommended_routine_tm_fk_player 
        foreign key (player_id)
        references player(player_id) on delete cascade,
    constraint player_has_recommended_routine_tm_fk_tm 
        foreign key (training_method_id)
        references training_method(training_method_id) on delete cascade
);

create table player_decrypted_with_passwd (
    player_id int not null,
    passwd_id int not null,
    constraint player_decrypted_with_passwd_pk 
        primary key (player_id, passwd_id),
    constraint player_decrypted_with_passwd_fk_player foreign key (player_id)
        references player(player_id) on delete cascade,
    constraint player_decrypted_with_passwd_fk_passwd foreign key (passwd_id)
        references passwd(passwd_id) on delete cascade
);
/*page-team*/
create table formation_type (
    formation_type_id int not null auto_increment,
    formation_type_name_ja varchar(32),
    formation_type_name_en varchar(32),
    formation_type_name_es varchar(32),
    constraint formation_type_pk primary key (formation_type_id)
);

create table formation_scheme (
    formation_scheme_id int not null auto_increment,
    formation_scheme_name varchar(32),
    constraint formation_scheme_pk primary key (formation_scheme_id)
);

create table item_formation (
    item_formation_id int not null auto_increment,
    formation_type_id int,
    formation_scheme_id int,
    original_version int,
    constraint item_formation_pk primary key (item_formation_id),
    constraint item_formation_fk_item_formation  foreign key (original_version)
        references item_formation(item_formation_id) on delete cascade,
    constraint item_formation_fk_formation_type 
        foreign key (formation_type_id)
        references formation_type(formation_type_id) 
        on delete cascade,
    constraint item_formation_fk_formation_scheme
        foreign key (formation_scheme_id)
        references formation_scheme(formation_scheme_id) 
        on delete cascade,
    constraint item_formation_fk_item foreign key (item_formation_id)
        references item(item_id) on delete cascade
);

create table formation_organized_as_positi (
    item_formation_id int not null,
    positi_id int not null,
    place int not null,
    constraint formation_organized_as_positi_pk 
        primary key (item_formation_id, positi_id, place),
    constraint formation_organized_as_positi_fk_item_formation 
        foreign key (item_formation_id)
        references item_formation(item_formation_id) on delete cascade,
    constraint formation_organized_as_positi_fk_positi 
        foreign key (positi_id)
        references positi(positi_id) on delete cascade
);

create table team (
    team_id int not null auto_increment,
    team_name_ja varchar(32),
    team_name_en varchar(32),
    team_name_es varchar(32),
    item_formation_id int,
    item_wear_id int,
    constraint team_pk primary key (team_id),
    constraint team_fk_item_formation foreign key (item_formation_id)
        references item_formation(item_formation_id) on delete cascade,
    constraint team_fk_item_wear foreign key (item_wear_id)
        references item_wear(item_wear_id) on delete cascade
);

create table player_is_part_of_team (
    player_id int not null,
    team_id int not null,
    place int,
    constraint player_is_part_of_team_pk primary key (player_id, team_id),
    constraint player_is_part_of_team_fk_player foreign key (player_id)
        references player(player_id) on delete cascade,
    constraint player_is_part_of_team_fk_team foreign key (team_id)
        references team(team_id) on delete cascade
);

create table player_plays_during_story_team (
    player_id int not null,
    team_id int not null,
    constraint player_plays_during_story_team_pk primary key (player_id),
    constraint player_plays_during_story_team_fk_player foreign key (player_id)
        references player(player_id) on delete cascade,
    constraint player_plays_during_story_team_fk_team foreign key (team_id)
        references team(team_id) on delete cascade
);
/*page-tactic*/
create table tactic_executed_by_team (
    item_tactic_id int not null,
    team_id int not null,
    constraint tactic_executed_by_team_pk primary key (item_tactic_id, team_id),
    constraint tactic_executed_by_team_fk_item_tactic 
        foreign key (item_tactic_id)
        references item_tactic(item_tactic_id) on delete cascade,
    constraint tactic_executed_by_team_fk_team foreign key (team_id)
        references team(team_id) on delete cascade
);
/*page-extra-battle-route*/
create table extra_battle_route (
    extra_battle_route_id int not null auto_increment,
    extra_battle_route_name_ja varchar(48),
    extra_battle_route_name_en varchar(48),
    extra_battle_route_name_es varchar(48),
    npc_id int,
    constraint extra_battle_route_pk primary key (extra_battle_route_id),
    constraint extra_battle_route_fk_npc foreign key (npc_id)
        references npc(npc_id) on delete cascade
);

create table route_path (
    route_path_id int not null auto_increment,
    route_path_order int,
    extra_battle_route_id int,
    reward_n int,
    reward_s int,
    constraint route_path_pk primary key (route_path_id),
    constraint route_path_fk_extra_battle_route 
        foreign key (extra_battle_route_id)
        references extra_battle_route(extra_battle_route_id) on delete cascade,
    constraint route_path_fk_item_n foreign key (reward_n)
        references item(item_id) on delete cascade,
    constraint route_path_fk_item_s foreign key (reward_s)
        references item(item_id) on delete cascade
);

create table practice_game_condition (
    practice_game_condition_id int not null auto_increment,
    practice_game_condition_desc_ja varchar(200),
    practice_game_condition_desc_en varchar(200),
    practice_game_condition_desc_es varchar(200),
    constraint practice_game_condition_pk 
        primary key (practice_game_condition_id)
);

create table practice_game (
    practice_game_id int not null auto_increment,
    practice_game_order int,
    route_path_id int,
    team_id int,
    practice_game_condition_id int,
    constraint practice_game_pk primary key (practice_game_id),
    constraint practice_game_fk_route_path foreign key (route_path_id)
        references route_path(route_path_id) on delete cascade,
    constraint practice_game_fk_team foreign key (team_id)
        references team(team_id) on delete cascade,
    constraint practice_game_fk_condition 
        foreign key (practice_game_condition_id)
        references practice_game_condition(practice_game_condition_id) 
        on delete cascade
);

create table item_vscard (
    item_vscard_id int not null,
    practice_game_id int,
    constraint item_vscard_pk primary key (item_vscard_id),
    constraint item_vscard_fk_item foreign key (item_vscard_id) 
        references item(item_id) on delete cascade,
    constraint item_vscard_fk_practice_game foreign key (practice_game_id) 
        references practice_game(practice_game_id) on delete cascade
);

create table practice_game_initiated_by_npc (
    practice_game_id int not null,
    npc_id int not null,
    constraint practice_game_initiated_by_npc_pk 
        primary key (practice_game_id, npc_id),
    constraint practice_game_initiated_by_npc_fk_practice_game 
        foreign key (practice_game_id)
        references practice_game(practice_game_id) on delete cascade,
    constraint practice_game_initiated_by_npc_fk_npc foreign key (npc_id)
        references npc(npc_id) on delete cascade
);

create table practice_game_can_drop_item (
    practice_game_id int not null,
    item_id int not null,
    drop_rate int,
    constraint practice_game_can_drop_item_pk 
        primary key (practice_game_id, item_id),
    constraint practice_game_can_drop_item_fk_practice_game 
        foreign key (practice_game_id)
        references practice_game(practice_game_id) on delete cascade,
    constraint practice_game_can_drop_item_fk_item foreign key (item_id)
        references item(item_id) on delete cascade
);

/*page-tournament-rank*/
create table tournament_rank (
    tournament_rank_id int not null auto_increment,
    tournament_rank_lv_range varchar(5),
    constraint tournament_rank_pk primary key (tournament_rank_id)
);

create table tournament_name (
    tournament_name_id int not null auto_increment,
    tournament_name_ja varchar(32),
    tournament_name_en varchar(32),
    tournament_name_es varchar(32),
    tournament_rank_id int,
    constraint tournament_name_pk primary key (tournament_name_id),
    constraint tournament_name_fk_tournament_rank 
        foreign key (tournament_rank_id)
        references tournament_rank(tournament_rank_id) on delete cascade 
);

create table tournament_rank_requires_player (
    tournament_rank_id int not null,
    player_id int not null,
    constraint tournament_rank_requires_player_pk primary key (player_id),
    constraint tournament_rank_requires_player_fk_tournament_rank 
        foreign key (tournament_rank_id)
        references tournament_rank(tournament_rank_id) on delete cascade,
    constraint tournament_rank_requires_player_fk_player 
        foreign key (player_id)
        references player(player_id) on delete cascade  
);

create table tournament_rank_disputed_by_team (
    tournament_rank_id int not null,
    team_id int not null,
    team_lv int,
    constraint tournament_rank_disputed_by_team_pk 
        primary key (tournament_rank_id, team_id),
    constraint tournament_rank_disputed_by_team_fk_tournament_rank 
        foreign key (tournament_rank_id)
        references tournament_rank(tournament_rank_id) on delete cascade,
    constraint tournament_rank_disputed_by_team_fk_team
        foreign key (team_id)
        references team(team_id) on delete cascade  
);

create table tournament_rank_may_drop_item (
    tournament_rank_id int not null,
    item_id int not null,
    amount int,
    selection_rate int, 
    drop_rate int,
    no_recover_rate int,
    constraint tournament_rank_may_drop_item_pk 
        primary key (tournament_rank_id, item_id, amount),
    constraint tournament_rank_may_drop_item_fk_tournament_rank 
        foreign key (tournament_rank_id)
        references tournament_rank(tournament_rank_id) on delete cascade,
    constraint tournament_rank_may_drop_item_fk_item
        foreign key (item_id)
        references item(item_id) on delete cascade  
);
/*page-item*/
create table ultimate_note_increases_free (
    item_ultimate_note_id int not null,
    positi_id int not null,
    attri_id int not null,
    constraint ultimate_note_increases_free_pk 
        primary key (item_ultimate_note_id, positi_id, attri_id),
    constraint ultimate_note_increases_free_fk_item_ultimate_note
        foreign key (item_ultimate_note_id) 
        references item_ultimate_note(item_ultimate_note_id) on delete cascade,
    constraint ultimate_note_increases_free_fk_positi
        foreign key (positi_id) references positi(positi_id) on delete cascade,
    constraint ultimate_note_increases_free_fk_attri
        foreign key (attri_id) references attri(attri_id) on delete cascade  
);

/*page-gacha*/
create table gacha (
    gacha_id int not null auto_increment,
    zone_id int,
    constraint gacha_pk primary key (gacha_id),
    constraint gacha_fk_zone foreign key (zone_id)
        references zone(zone_id) on delete cascade  
);

create table gacha_yields (
    gacha_id int not null, 
    player_id int not null,
    item_currency_id int not null,
    constraint gacha_yields_pk 
        primary key (gacha_id, player_id, item_currency_id),
    constraint gacha_yields_fk_gacha foreign key (gacha_id)
        references gacha(gacha_id) on delete cascade,
    constraint gacha_yields_fk_player foreign key (player_id)
        references player(player_id) on delete cascade,
    constraint gacha_yields_fk_item_currency foreign key (item_currency_id)
        references item_currency(item_currency_id) on delete cascade
);

create table old_pin_badge_exchange (
    old_pin_badge_exchange_id int not null auto_increment,
    old_pin_badge_exchange_amount int,
    item_id int,
    constraint old_pin_badge_exchange_pk 
        primary key (old_pin_badge_exchange_id),
    constraint old_pin_badge_exchange_fk_item foreign key (item_id)
        references item(item_id) on delete cascade  
);
/*page-underground-training-center-session*/
create table utc_session (
    utc_session_id int not null auto_increment,
    utc_session_name_ja varchar(32),
    utc_session_name_en varchar(32),
    utc_session_name_es varchar(32),
    constraint utc_session_pk primary key (utc_session_id)
);

create table utc_session_develops_stat (
    utc_session_id int not null,
    stat_id int not null,
    constraint utc_session_develops_stat_pk 
        primary key (utc_session_id, stat_id),
    constraint utc_session_develops_stat_fk_utc_session 
        foreign key (utc_session_id)
        references utc_session(utc_session_id) on delete cascade,
    constraint utc_session_develops_stat_fk_stat foreign key (stat_id)
        references stat(stat_id) on delete cascade    
);

create table utc_drop_type (
    utc_drop_type_id int not null auto_increment,
    utc_drop_type_name varchar(32),
    constraint utc_drop_type_pk primary key (utc_drop_type_id)
);

create table utc_session_drops (
    utc_session_id int not null,
    item_id int not null,
    utc_drop_type_id int,
    drop_rate int,
    constraint utc_session_drops_pk 
        primary key (utc_session_id, item_id),
    constraint utc_session_drops_fk_utc_session foreign key (utc_session_id)
        references utc_session(utc_session_id) on delete cascade, 
    constraint utc_session_drops_fk_item foreign key (item_id)
        references item(item_id) on delete cascade, 
    constraint utc_session_drops_fk_utc_drop_type 
        foreign key (utc_drop_type_id)
        references utc_drop_type(utc_drop_type_id) on delete cascade 
);
/*page-story*/
create table story (
    story_id int not null auto_increment,
    story_name_ja varchar(32),
    story_name_en varchar(32),
    story_name_es varchar(32),
    constraint story_pk primary key (story_id)
);

create table item_gifted_during_story (
    item_id int not null,
    story_id int not null,
    constraint item_gifted_during_story_pk primary key (item_id, story_id),
    constraint item_gifted_during_story_fk_item foreign key (item_id)
        references item(item_id) on delete cascade, 
    constraint item_gifted_during_story_fk_story foreign key (story_id)
        references story(story_id) on delete cascade 
);

create table player_received_during_story (
    player_id int not null,
    story_id int not null,
    constraint player_received_during_story_pk 
        primary key (player_id, story_id),
    constraint player_received_during_story_fk_player foreign key (player_id)
        references player(player_id) on delete cascade, 
    constraint player_received_during_story_fk_story foreign key (story_id)
        references story(story_id) on delete cascade 
);
/*page-connection-panel*/
create table conn_panel (
    conn_panel_id int not null auto_increment,
    conn_panel_name_ja varchar(32),
    conn_panel_name_en varchar(32),
    conn_panel_name_es varchar(32),
    constraint conn_panel_pk primary key (conn_panel_id)
);

create table conn_link_type (
    conn_link_type_id int not null auto_increment,
    conn_link_type_name varchar(32),
    constraint conn_link_type_pk primary key (conn_link_type_id)
);

create table conn_link (
    conn_link_id int not null auto_increment,
    conn_panel_id int,
    constraint conn_link_pk primary key (conn_link_id),
    constraint conn_link_fk_conn_panel foreign key (conn_panel_id)
        references conn_panel(conn_panel_id) on delete cascade 
);

create table link_player (
    link_player_id int not null, 
    link_player_team_lv int,
    link_player_needs_girl boolean,
    link_player_is_wifi boolean,
    link_player_num_players int,
    player_id int,
    constraint link_player_pk primary key (link_player_id),
    constraint link_player_fk_conn_link foreign key (link_player_id)
        references conn_link(conn_link_id) on delete cascade,
    constraint link_player_fk_player foreign key (player_id)
        references player(player_id) on delete cascade
);

create table link_chest (
    link_chest_id int not null,
    item_id int,
    constraint link_chest_pk primary key (link_chest_id),
    constraint link_chest_fk_conn_link foreign key (link_chest_id)
        references conn_link(conn_link_id) on delete cascade,
    constraint link_chest_fk_item foreign key (item_id)
        references item(item_id) on delete cascade
);

create table link_lock (
    link_lock_id int not null,
    story_id int,
    player_id int,
    constraint link_lock_pk primary key (link_lock_id),
    constraint link_lock_fk_conn_link foreign key (link_lock_id)
        references conn_link(conn_link_id) on delete cascade,
    constraint link_lock_fk_story foreign key (story_id)
        references story(story_id) on delete cascade,
    constraint link_lock_fk_player foreign key (player_id)
        references player(player_id) on delete cascade
);

create table daily (
    daily_id int not null,
    player_id int,
    views int,
    constraint daily_pk primary key (daily_id),
    constraint daily_pk_player foreign key (player_id)
        references player(player_id) on delete cascade
);

/*3-insert*/
/*----------------------------------------------------------------------------*/
/*----------------------------------------------------------------------------*/
/*----------------------------------------------------------------------------*/
/*----------------------------------------------------------------------------*/
/*----------------------------------------------------------------------------*/
/*----------------------------------------------------------------------------*/
/*----------------------------------------------------------------------------*/
/*----------------------------------------------------------------------------*/
/*----------------------------------------------------------------------------*/
/*----------------------------------------------------------------------------*/
/*----------------------------------------------------------------------------*/
/*----------------------------------------------------------------------------*/
/*----------------------------------------------------------------------------*/
/*----------------------------------------------------------------------------*/
/*----------------------------------------------------------------------------*/
/*----------------------------------------------------------------------------*/
/*----------------------------------------------------------------------------*/
/*----------------------------------------------------------------------------*/
/*----------------------------------------------------------------------------*/
/*----------------------------------------------------------------------------*/
insert into region (
    region_id, 
    region_name_ja, 
    region_name_en, 
    region_name_es) 
values 
    (1, '', 'Japan', 'Japn'),
    (2, '', 'Liocott Island', 'Isla Liocott'),
    (3, '', 'Future', 'Futuro'),
    (4, '', 'Inazuma Caravan', 'Caravana Inazuma');

insert into zone_type (
    zone_type_id,
    zone_type_name) 
values 
    (1, 'zone-outer'),
    (2, 'zone-inner'),
    (3, 'zone-level'),
    (4, 'zone-building'),
    (5, 'zone-building-floor');

insert into zone (
    zone_id, 
    zone_name_ja, 
    zone_name_en, 
    zone_name_es, 
    zone_type_id) 
values
/*zone-zone_outer*/
    (1, '', 'North Tokyo', 'Norte de Tokio', 1),
    (2, '', 'South Tokyo', 'Sur de Tokio', 1),
    (3, '', 'Hokkaido', 'Hokkaido', 1),
    (4, '', 'Nara', 'Nara', 1),
    (5, '', 'Osaka', 'Osaka', 1),
    (6, '', 'Kioto', 'Kioto', 1),
    (7, '', 'Ehime', 'Ehime', 1),
    (8, '', 'Fukuoka', 'Fukuoka', 1),
    (9, '', 'Okinawa', 'Okinawa', 1),
    (10, '', 'Fuji', 'Fuji', 1),
    (11, '', 'Entrance', 'Ciudad', 1),
    (12, '', 'Japan Area', 'rea de Japn', 1),
    (13, '', 'UK Area', 'rea de Inglaterra', 1),
    (14, '', 'Sea Snake Island', 'Isla de Hidra', 1),
    (15, '', 'Argentina Area', 'rea de Argentina', 1),
    (16, '', 'Wildcat Island', 'Isla del Gato Monts', 1),
    (17, '', 'US Area', 'rea de EE.UU.', 1),
    (18, '', 'Peacock Island', 'Isla del Pavo Real', 1),
    (19, '', 'Italy Area', 'rea de Iia', 1),
    (20, '', 'Condor Island', 'Isla Cndor', 1),
    (21, '', 'Brazil Area', 'rea de Brasil', 1),
    (22, '', 'Sea Turtle Island', 'Isla de la Tortuga Marina', 1),
    (23, '', 'Cotarl Area', 'Costail', 1),
    (24, '', 'Mt.Magnitude', 'Monte Magnitud', 1),
    (25, '', 'Future', 'Futuro', 1),
    (26, '', 'Inazuma Caravan', 'Caravana Inazuma', 1),
/*zone-zone_inner*/
/*north-tokyo*/
    (27, '', 'Residential Area', 'Zona Residencial', 2),
    (28, '', 'Shopping Street', 'Barrio de Tiendas', 2),
    (29, '', 'Raimon Junior High', 'Instituto Raimon', 2),
    (30, '', 'Stream Bed', 'Rivera del Rio', 2),
    (31, '', 'Steel Tower', 'Torre', 2),
    (32, '', 'Hospital', 'Hospital', 2),
    (33, '', 'Station', 'Estacin', 2),
    (34, '', 'Umbrella Junior High', 'Instituto Umbrella', 2),
    (35, '', 'Royal Academy', 'Royal Academy', 2),
    (36, '', 'Hill Behind', 'Cerro Arcano', 2),
/*south-tokyo*/
    (37, '', 'Tokyo International Airport', 'Aeropuerto de Tokio', 2),
    (38, '', 'Football Association', 'Sede de la Asociacin de Ftbol', 2),
    (39, '', 'Frontier Stadium', 'Estadio Ftbol Frontier', 2),
    (40, '', 'Hobbes\'s Restaurant', 'Casa Hobbes', 2),
/*hokkaido*/
    (41, '', 'Urban Area', 'Ciudad', 2),
    (42, '', 'Heavy Snow Field', 'Pico del Norte', 2),
    (43, '', 'Alpine Junior High', 'Instituto Alpine', 2),
/*nara*/
    (44, '', 'Nara City Area', 'Ciudad', 2),
    (45, '', 'Deer Park', 'Parque Deerfield', 2),
/*osaka*/
    (46, '', 'Urban Area', 'Ciudad', 2),
    (47, '', 'Naniwaland', 'Osakaland', 2),
/*kioto*/
    (48, '', 'Kyoto City Area', 'Ciudad', 2),
    (49, '', 'Cloister Divinity', 'Claustro Sagrado', 2),
/*ehime*/
    (50, '', 'Ehime City Area', 'Ciudad', 2),
    (51, '', 'Pier', 'Puerto', 2),
/*fukuoka*/
    (52, '', 'Fukuoka City Area', 'Ciudad', 2),
    (53, '', 'Fauxshore', 'Fauxshore', 2),
/*okinawa*/
    (54, '', 'Okinawa City Area', 'Ciudad', 2),
    (55, '', 'Mary Times Junior High', 'Instituto Mary Times', 2),
/*fuji*/
    (56, '', 'Fuji Forest', 'Bosque del Monte Fuji', 2),
    (57, '', 'Fuji Lab', 'Laboratorio M. de las Estrellas', 2),
/*entrance*/
    (58, '', 'Liocott Airport', 'Aeropuerto de Liocott', 2),
    (59, '', 'Central Park', 'Parque Central', 2),
    (60, '', 'Titanic Stadium', 'Estadio Monumental', 2),
    (61, '', 'Liocott Port', 'Puerto', 2),
    (62, '', 'Hospital', 'Hospital', 2),
/*japan-area*/
    (63, '', 'Shopping Street', 'Zona de Tiendas', 2),
    (64, '', 'Hostel', 'Albergue', 2),
/*uk-area*/
    (65, '', 'Fountain Street', 'Calle de la Fuente', 2),
    (66, '', 'Empty Lot', 'Solar Vaco', 2),
/*sea-snake-island*/
    (67, '', 'Sea Snake Port', 'Puerto Hidra', 2),
    (68, '', 'Road to the Stadium', 'Camino del Estadio', 2),
    (69, '', 'Sea Snake Stadium', 'Estadio Hidra', 2),
/*argentina-area*/
    (70, '', 'Main Street', 'Calle Principal', 2),
    (71, '', 'Statue Square', 'Plaza de la Estatua', 2),
    (72, 'Y', 'Y-Intersection', 'Interseccin en Y', 2),
/*wildcat-island*/
    (73, '', 'Wildcat Port', 'Puerto Gato Monts', 2),
    (74, '', 'Road to the Stadium', 'Camino del estadio', 2),
    (75, '', 'Wildcat Stadium', 'Estadio Gato Monts', 2),
/*us-area*/
    (76, '', 'Urban Area', 'Ciudad', 2),
    (77, '', 'Scrapping', 'Desguace', 2),
    (78, '', 'Station', 'Estacin', 2),
/*peacock-island*/
    (79, '', 'Peacock Port', 'Puerto Pavo Real', 2),
    (80, '', 'Road to the Stadium', 'Camino del Estadio', 2),
    (81, '', 'Peacock Stadium', 'Estadio Pavo Real', 2),
/*italy-area*/
    (82, '', 'Main Street', 'Calle Principal', 2),
    (83, '', 'Park', 'Parque', 2),
    (84, '', 'Football Court', 'Campo de Ftbol', 2),
/*condor-island*/
    (85, '', 'Condor Port', 'Puerto Cndor', 2),
    (86, '', 'Condor Stadium', 'Estadio Cndor', 2),
/*brazil-area*/
    (87, '', 'Main Street', 'Calle Principal', 2),
    (88, '', 'Downtown', 'Calle lateral', 2),
    (89, '', 'Back Alley', 'Callejn', 2),
/*sea-turtle-island*/
    (90, '', 'Sea Turtle Port', 'Puerto Tortuga Marina', 2),
    (91, '', 'Road to the Stadium', 'Camino del Estadio', 2),
    (92, '', 'Sea Turtle Stadium', 'Estadio Tortuga Marina', 2),
/*cotarl-area*/
    (93, '', 'Urban Area', 'Ciudad', 2),
    (94, '', 'Square', 'Lugar de Reunin', 2),
/*mount-magnitude*/
    (95, '', 'Entrance', 'Entrada', 2),
/*future*/
    (96, '', 'Future', 'Futuro', 2),
/*zone-level-building-building-floor*/
/*north-tokyo-residential-area*/
    (97, '', 'Residential Area', 'Calle de Mark', 3),
/*north-tokyo-shopping-street*/
    (98, '', 'Shopping Street', 'Barrio de Tiendas', 3),
    (99, ' ', 'Back Alley', 'Calle de Bares', 3),
    (100, '', 'Shopping Street Court', 'Campo Barrio de Tiendas', 3),
    (101, '', 'Shopping Street Gallery', 'Calle Peatonal', 3),
    (102, ' ', 'Shopping Street Warehouse', 'Zona del Almazn', 3),
/*north-tokyo-raimon-junior-high*/
    (103, ' ', 'Raimon Entrance', 'Entrada del Raimon', 3),
        (104, '', 'Training Camp', 'Residencia', 4),
                    (105, '1F', 'GF', 'PB', 5),
                    (106, '2F', 'F1', 'P1', 5),
        (107, '', 'Main Building', 'Edificio Principal', 4),
                    (108, '1F', 'GF', 'PB', 5),
                    (109, '2F', 'F1', 'P1', 5),
                    (110, '3F', 'F2', 'P2', 5),
    (111, ' ', 'Club Area', 'Area de la Caseta', 3),
        (112, '', 'Club', 'Club', 4),
            (113, '', 'Club', 'Club', 5),
            (114, '', 'Storage Room', 'Trastero', 5),
            (115, '', 'Underground Bunker', 'Bnker Presidente', 5),
    (116, ' ', 'Raimon Gym Area', 'Gimnasio Raimon', 3),
        (117, ' ', 'Raimon Gym', 'Gimnasio', 4),
    (118, '', 'Sweet Shop Area', 'Zona Tienda Chuches', 3),
        (119, '', 'Sweet Shop', 'Tienda de Chuches', 4),
/*north-tokyo-stream-bed*/
    (120, '', 'Stream Bed', 'Ribera del Ro', 3),
    (121, '', 'Stream Bed Court', 'Campo del Ro', 3),
/*north-tokyo-steel-tower*/
    (122, '', 'Steel Tower', 'Torre', 3),
        (123, '', 'Steel Tower Hut', 'Caseta', 4),
        (124, '', 'Platform', 'Plataforma', 4),
/*north-tokyo-hospital*/
    (125, ' ', 'Hospital Courtyard', 'Hospital', 3),
        (126, '', 'Hospital', 'Hospital', 4),
            (127, '', 'Reception', 'Recepcin', 5),
            (128, '2F', 'F1', 'P1', 5),
            (129, '3F', 'F2', 'P2', 5),
/*north-tokyo-station*/
    (130, ' ', 'Inazuma Station Square', 'Estacion Inazuma', 3),
/*north-tokyo-umbrella-junior-high*/
    (131, '', 'Umbrella Junior High', 'Instututo Umbrella', 3),
/*north-tokyo-royal-academy*/
    (132, '', 'Royal Academy', 'Royal Academy', 3),
    (133, ' ', 'Royal Academy Passage', 'Entrada R. Academy', 3),
/*north-tokyo-arcane-hill*/
    (134, '', 'Hill Behind', 'Cerro Arcano', 3),
/*south-tokyo-tokyo-international-airport*/
    (135, '', 'Tokyo International Airport', 'Aeropuerto de Tokio', 3),
        (136, '', 'Tokyo International Airport', 'Aeropuerto de Tokio', 4),
/*south-tokyo-football-association*/
    (137, '', 'Football Association', 'Asociacin de Ftbol', 3),
        (138, '', 'Football Association', 'Asociacin de Ftbol', 4),
            (139, ' ', 'Lobby', 'Recepcin', 5),
            (140, ' ', 'Resource Room', 'Archivo', 5),
/*south-tokyo-frontier-stadium*/
    (141, 'F', 'Entrance', 'Entrada', 3),
        (142, 'F', 'Frontier Stadium', 'Estadio FF', 4),
            (143, 'F ', 'Corridor', 'Vestbulo', 5),
            (144, 'F', 'Frontier Stadium', 'Estadio FF', 5),   
/*south-tokyo-toramarus-restaurant*/
    (145, '', 'Around Hobbes\'s Restaurant', 'Alrededores C.Hobbes', 3),
    (146, '', 'Hobbes\'s Restaurant Area', 'Casa Hobbes', 3),
        (147, '', 'Hobbes\'s Restaurant', 'Casa Hobbes', 4),
/*hokkaido-urban-area*/
    (148, '', 'Hokkaido City Center', 'Hokkaido', 3),
/*hokkaido-heavy-snow-field*/
    (149, '', 'Heavy Snow Field', 'Pico del Norte', 3),
/*hokkaido-alpine-junior-high*/
    (150, ' ', 'Alpine Junior High Building Side', 'Instituto Alpino', 3),
    (151, ' ', 'Alpine Junior High Court Side', 'Campo Alpino', 3),
/*nara-nara-city-area*/
    (152, ' ', 'Nara City Area - East Side', 'Nara - Este', 3),
    (153, ' ', 'Nara City Area - West Side', 'Nara - Oeste', 3), 
/*nara-deer-park*/
    (154, ' ', 'Deer Park', 'Parque Deerfield', 3),
    (155, '  ', 'Deer Park Statue Side', 'Estatua P. Deerfield', 3),
/*osaka-urban-area*/
    (156, '', 'Osaka City Area', 'Osaka', 3),
    (157, ' ', 'Shopping Street Side', 'Barrio de Tiendas', 3),
/*osaka-naniwaland*/
    (158, ' ', 'Naniwaland Entrance', 'Ciudad', 3),
    (159, ' ', 'Naniwaland Square', 'Osakaland', 3),
/*kioto-kyoto-city-area*/
    (160, '', 'Kyoto City Area', 'Kioto', 3),
/*kioto-cloister-divinity*/
    (161, '', 'Cloister Divinity', 'Claustro Sagrado', 3),
/*ehime-ehime-city-area*/
    (162, '', 'Ehime City Area', 'Ehime', 3),
/*ehime-pier*/
    (163, '', 'Pier', 'Puerto', 3),
/*fukuoka-fukuoka-city-area*/
    (164, '', 'Fukuoka City Area', 'Fukuoka', 3),
/*fukuoka-fauxshore*/
    (165, '', 'Fauxshore', 'Fauxshore', 3),
/*okinawa-okinawa-city-area*/
    (166, '', 'Okinawa City Area', 'Okinawa', 3),
        (167, '', 'Lighthouse', 'Faro', 4),  
            (168, '1F', 'GF', 'PB', 5), 
            (169, '', 'Small Room', 'Casa del Faro', 5),
            (170, '', 'Rooftop', 'Parte Superior', 5),        
/*okinawa-mary-times-junior-high*/
    (171, '', 'Mary Times Junior High', 'Mary Times', 3),
/*fuji-fuji-forest
    (172, '', '', 'Entrada del Bosque', 3), 
    256  192
*/
    (173, ' ', 'Fuji Forest Maze', 'Laberinto del Bosque', 3),
    (174, '', 'Forest Cave', 'Cueva del Bosque', 3),
/*fuji-fuji-lab*/
    (175, '', 'Lab Parking', 'Aparcam. Laboratorio', 3),
    (176, ' ', 'Lab Maze', 'Laberinto del Laboratorio', 3),
        (177, '', 'Alius Stone Room', 'Camara Piedra Alius', 4),
            (178, '', 'Lower Side', 'Parte Inferior', 5),
            (179, '', 'Upper Side', 'Parte Superior', 5),    
    (180, '', 'Fuji Lab Court', 'Campo Academia Alius', 3),
/*entrance-liocott-airport*/
    (181, '', 'Liocott Airport', 'Aeropuerto de Liocott', 3),
        (182, '', 'Liocott Airport', 'Aeropuerto de Liocott', 4),
/*entrance-central-park*/
    (183, '', 'Central Park', 'Parque Central', 3),
        (184, ' ', 'New Training Center Reception', 'Nuevo C.E. Recepcin', 4),
/*entrance-titanic-stadium*/
    (185, 'T', 'Titanic Stadium Area', 'Estadio Monumental', 3),
        (186, 'T', 'Titanic Stadium', 'Estadio Monumental', 4),
            (187, 'T ', 'Corridor', 'Vestbulo', 5),
            (188, 'T  1', 'Waiting Room 1', 'Vestuario 1', 5),
            (189, 'T  2', 'Waiting Room 2', 'Vestuario 2', 5),
            (190, 'T  3', 'Waiting Room 3', 'Vestuario 3', 5),
            (191, 'T', 'Titanic Stadium', 'Estadio Monumental', 5),
/*entrance-liocott-port*/
    (192, '', 'Liocott Port', 'Puerto de Liocott', 3),
/*entrance-hospital*/
    (193, '', 'Liocott Hospital', 'Hospital de Liocott', 3),
        (194, '', 'Liocott Hospital', 'Hospital de Liocott', 4),
            (195, '', 'Liocott Hospital', 'Hospital de Liocott', 5),
            (196, '', 'Liocott Hospital', 'Hospital de Liocott', 5),
/*japan-area-shopping-street*/
    (197, '', 'Shopping Street', 'Zona de Tiendas', 3),
        (198, ' ', 'Training Center Reception', 'Recepcin C.E.', 4),
/*japan-area-hostel*/
    (199, '', 'Hostel Area', 'Albergue', 3),
        (200, '', 'Hostel', 'Albergue', 4),
            (201, '1F', 'GF', 'PB', 5),
            (202, '2F', 'F1', 'P1', 5),
/*uk-area-fountain-street*/
    (203, '', 'Fountain Street', 'Calle de la Fuente', 3),
/*uk-area-empty-lot*/
    (204, '', 'Empty Lot Area', 'Solar Vaco', 3),
/*sea-snake-island-sea-snake-port*/
    (205, '', 'Sea Snake Port', 'Puerto Hidra', 3),
/*sea-snake-island-road-to-the-stadium*/
    (206, '', 'Road to the Stadium', 'Camino del Estadio', 3),
/*sea-snake-island-sea-snake-stadium*/
    (207, '', 'Sea Snake Stadium Entrance', 'Estadio Hidra - Entrada', 3),
        (208, '', 'Sea Snake Stadium', 'Estadio Hidra', 4),
/*argentina-area-main-street*/
    (209, '', 'Main Street', 'Calle Principal', 3),
/*argentina-area-statue-square*/
    (210, '', 'Statue Square', 'Plaza de la Estatua', 3),
/*argentina-area-y-intersection*/
    (211, 'Y', 'Y-Intersection Area', 'Interseccin en Y', 3),
/*wildcat-island-wildcat-port*/
    (212, '', 'Wildcat Port', 'Puerto Gato Monts', 3),
/*wildcat-island-road-to-the-stadium*/
    (213, '', 'Road to the Stadium', 'Camino del Estadio', 3),
/*wildcat-island-wildcat-stadium*/
    (214, '', 'Wildcat Stadium Entrance', 'E. Gato Monts - Entrada', 3),
        (215, '', 'Wildcat Stadium', 'Estadio Gato Monts', 4),
/*us-area-urban-area*/
    (216, '', 'Urban Area', 'Ciudad', 3),
/*us-area-scrapping*/
    (217, '', 'Scrapping', 'Desguace', 3),
/*us-area-station*/
    (218, '', 'Station', 'Estacin', 3),
/*peacock-island-peacock-port*/
    (219, '', 'Peacock Port', 'Puerto Pavo Real', 3),
/*peacock-island-road-to-the-stadium*/
    (220, '', 'Road to the Stadium', 'Camino del Estadio', 3),
/*peacock-island-peacock-stadium*/
    (221, '', 'Peacock Stadium Entrance', 'E. Pavo Real - Entrada', 3),
        (222, '', 'Peacock Stadium', 'Estadio Pavo Real', 4),
/*italy-area-main-street*/
    (223, '', 'Main Street', 'Calle Principal', 3),
/*italy-area-park*/
    (224, '', 'Park Area', 'Parque', 3),
/*italy-area-football-court*/
    (225, '', 'Football Court', 'Campo de Ftbol', 3),
/*condor-island-condor-port*/
    (226, '', 'Condor Port', 'Puerto Cndor', 3),
/*condor-island-condor-stadium*/
    (227, '', 'Condor Stadium Entrance', 'Estadio Cndor - Entrada', 3),
        (228, '', 'Condor Tower', 'Torre Cndor', 4),
            (229, '1F', 'GF', 'PB', 5),
            (230, '2F', 'F1', 'P1', 5),
            (231, '3F', 'F2', 'P2', 5),
            (232, '4F', 'F3', 'P3', 5),
            (233, '5F', 'F4', 'P4', 5),
            (234, '6F', 'F5', 'P5', 5),
            (235, '7F', 'F6', 'P6', 5),
            (236, '', 'Condor Stadium', 'Estadio Cndor', 5),
/*brazil-area-main-street*/
    (237, '', 'Main Street', 'Calle Principal', 3),
    (238, '', 'Zoolan Mansin', 'Mansin de Zoolan', 3),
        (260, '', 'Zoolan Mansin', 'Mansin de Zoolan', 4),
/*brazil-area-downtown*/
    (239, '', 'Downtown', 'Calle Lateral', 3),
/*brazil-area-back-alley*/
    (240, '', 'Back Alley', 'Callejn', 3),
/*sea-turtle-island-sea-turtle-port*/
    (241, '', 'Sea Turtle Port', 'Puerto Tortuga Marina', 3),
/*sea-turtle-island-road-to-the-stadium*/
    (242, '', 'Road to the Stadium', 'Camino del Estadio', 3),
/*sea-turtle-island-sea-turtle-stadium*/
    (243, '', 'Sea Turtle Stadium Entrance', 'E. Tortuga M. - Entrada', 3),
        (244, '', 'Sea Turtle Stadium', 'Estadio Tortuga Marina', 4),
/*cotarl-area-urban-area*/
    (245, '', 'Urban Area', 'Ciudad', 3),
/*cotarl-area-square*/
    (246, '', 'Square', 'Lugar de Reunin', 3),
/*mount-magnitude-entrance*/
    (247, ' ', 'Mt.Magnitude Maze', 'Laberinto Monte Magnitud', 3),
    (248, '', 'Demon\'s Gate', 'Puerta Demonaca', 3),
    (249, '', 'Heaven\'s Garden', 'Jardn Celestial', 3),
    (250, '', 'Legendary Land', 'Tierra Legendaria', 3),
/*future-future*/
    (251, ' ', 'Future Street', 'El Futuro - Calle', 3),
    (252, ' ', 'Future Residential Area', 'El Futuro - Z. Residencial', 3),
        (253, '', 'Canon\'s House', 'Casa de Canon', 4),
    (254, ' ', 'Future Research Institute', 'El Futuro - Laboratorio', 3),
        (255, '', 'Killard\'s Laboratory', 'Laboratorio Prof. Killard', 4),
    (256, '', 'Underground Tunnel', 'Tnel Subterrneo', 3),
    (257, '', 'Sewer', 'Alacantarilla', 3),
    (258, '', 'Ogre Stadium Entrance', 'E. Ogro - Entrada', 3),
        (259, '', 'Ogre Stadium', 'Estadio del Ogro', 4);

insert into zone_outer (
    zone_outer_id, 
    region_id) values 
(1, 1), (2, 1), (3, 1), (4, 1), (5, 1), (6, 1), (7, 1), (8, 1), (9, 1), (10, 1), 
(11, 2), (12, 2), (13, 2), (14, 2), (15, 2), (16, 2), (17, 2), (18, 2), (19, 2), 
(20, 2), (21, 2), (22, 2), (23, 2), (24, 2), (25, 3), (26, 4);

insert into zone_inner (
    zone_inner_id, 
    zone_outer_id) values 
(27, 1), (28, 1), (29, 1), (30, 1), (31, 1), (32, 1), (33, 1), (34, 1), (35, 1), 
(36, 1), (37, 2), (38, 2), (39, 2), (40, 2), (41, 3), (42, 3), (43, 3), (44, 4),
(45, 4), (46, 5), (47, 5), (48, 6), (49, 6), (50, 7), (51, 7), (52, 8), (53, 8),
(54, 9), (55, 9), 
(56, 10), (57, 10), (58, 11), (59, 11), (60, 11), (61, 11), (62, 11), (63, 12), 
(64, 12), (65, 13), (66, 13), (67, 14), (68, 14), (69, 14), (70, 15), (71, 15),
(72, 15), (73, 16), (74, 16), (75, 16), (76, 17), (77, 17), (78, 17), (79, 18), 
(80, 18), (81, 18), (82, 19), (83, 19), (84, 19), (85, 20), (86, 20), (87, 21), 
(88, 21), (89, 21), (90, 22), (91, 22), (92, 22), (93, 23), (94, 23), (95, 24), 
(96, 25);

insert into zone_level ( 
    zone_level_id,
    zone_inner_id) values
(97, 27), (98, 28), (99, 28), (100, 28), (101, 28), (102, 28), (103, 29), 
(111, 29), (116, 29), (118, 29), (120, 30), (121, 30), (122, 31), (125, 32), 
(130, 33), (131, 34), (132, 35), (133, 35), (134, 36), (135, 37), (137, 38), 
(141, 39), (145, 40), (146, 40), (148, 41), (149, 42), (150, 43), (151, 43), 
(152, 44), (153, 44), (154, 45), (155, 45), (156, 46), (157, 46), (158, 47), 
(159, 47), (160, 48), (161, 49), (162, 50), (163, 51), (164, 52), (165, 53), 
(166, 54), (171, 55), /*(172, 56),*/ (173, 56), (174, 56), (175, 57), (176, 57), 
(180, 57), (181, 58), (183, 59), (185, 60), (192, 61), (193, 62), (197, 63), 
(199, 64), (203, 65), (204, 66), (205, 67), (206, 68), (207, 69), (209, 70), 
(210, 71), (211, 72), (212, 73), (213, 74), (214, 75), (216, 76), (217, 77), 
(218, 78), (219, 79), (220, 80), (221, 81), (223, 82), (224, 83), (225, 84), 
(226, 85), (227, 86), (237, 87), (238, 87), (239, 88), (240, 89), (241, 90), 
(242, 91), (243, 92), (245, 93), (246, 94), (247, 95), (248, 95), (249, 95), 
(250, 95), (251, 96), (252, 96), (254, 96), (256, 96), (257, 96), (258, 96); 

insert into zone_building ( 
    zone_building_id,
    zone_level_id) values
(104, 103), (107, 103), (112, 111), (117, 116), (119, 118), (123, 122),
(124, 122), (126, 125), (136, 135), (138, 137), (142, 141), (147, 146), 
(167, 166), (177, 176), (182, 181), (184, 183), (186, 185), (194, 193), 
(198, 197), (200, 199), (208, 207), (215, 214), (222, 221), (228, 227), 
(244, 243), (253, 252), (255, 254), (259, 258), (260, 238);

insert into zone_building_floor ( 
    zone_building_floor_id,
    zone_building_id) values
(105, 104), (106, 104), (108, 107), (109, 107), (110, 107), (113, 112), 
(114, 112), (115, 112), (127, 126), (128, 126), (129, 126), (139, 138), 
(140, 138), (143, 142), (144, 142), (168, 167), (169, 167), (170, 167), 
(178, 177), (179, 177), (187, 186), (188, 186), (189, 186), (190, 186), 
(191, 186), (195, 194), (196, 194), (201, 200), (202, 200), (229, 228), 
(230, 228), (231, 228), (232, 228), (233, 228), (234, 228), (235, 228),
(236, 228);

insert into stor_type (
    stor_type_id, 
    stor_type_name_ja, 
    stor_type_name_en, 
    stor_type_name_es) values
(1, '', 'Market', 'Mercazuma'),
(2, '', 'Sport Shop', 'Baln Bazar'),
(3, '', 'Tech Shop', 'Todotcnicas'),
(4, '', 'Salesman', 'Vendedor'),
(5, '', 'Strongest shop', 'Supertienda'),
(6, '', 'True Strongest shop', 'Supertienda Redux'),
(7, '', 'Sweet Shop', 'Tienda de Chuches');

insert into stor (
    stor_id,
    stor_type_id,
    zone_id) values 
/*tokio*/
(1, 1, 98), (2, 2, 98), (3, 2, 101), (4, 1, 130), (5, 4, 116), (6, 5, 109), 
(7, 4, 146), (8, 4, 143),
/*kioto*/
(9, 1, 160), (10, 2, 160),
/*fukuoka*/
(11, 2, 164), (12, 3, 164),
/*nara*/
(13, 2, 152), (14, 1, 153), (15, 3, 152),
/*ehime*/
(16, 1, 162), (17, 3, 162),
/*okinawa*/
(18, 1, 166), (19, 2, 166), (20, 3, 166),
/*hokkaido*/
(21, 2, 148), (22, 1, 148), (23, 3, 148),
/*osaka*/
(24, 1, 156), (25, 2, 157), (26, 3, 157),
/*sea-snake-port*/
(27, 4, 205),
/*wildcat-port*/
(28, 4, 212),
/*condor-port*/
(29, 4, 226),
/*peacock-port*/
(30, 4, 219),
/*sea-turtle-port*/
(31, 4, 241), 
/*cotarl-area*/
(32, 1, 245), (33, 3, 245), (34, 2, 246),
/*brazil-area*/
(35, 1, 237), (36, 2, 240), (37, 3, 239),
/*us-area*/
(38, 2, 217), (39, 1, 216), (40, 3, 218),
/*argentina-area*/
(41, 3, 209), (42, 1, 209), (43, 2, 211),
/*italy-area*/ 
(44, 1, 223), (45, 3, 224), (46, 2, 223),
/*japan-area*/
(47, 1, 197), (48, 3, 197), (49, 2, 197),
/*uk-area*/
(50, 1, 204), (51, 3, 203), (52, 2, 203),
/*mount-magnitude*/
(53, 6, 250),
/*other*/
(54, 7, 119);

insert into training_method (    
    training_method_id,
    training_method_name_ja,
    training_method_name_en,
    training_method_name_es,
    training_method_desc_ja,
    training_method_desc_en,
    training_method_desc_es) values
(1, '', 'Explosive Striker', 'Delantero Explosivo', 
    '', 
    'Maxed out shooting power.', 
    'Mximo poder de tiro.'),
(2, '', 'Lightning Striker', 'Delantero Relmpago', 
    '', 
    'Average shooting power and high speed.', 
    'Poder de tiro intermedio y elevada rapidez.'),
(3, '', 'All-rounder Striker', 'Delantero Todoterreno', 
    ' ', 
    'Balanced shooting and dribbling capability with high speed. It also works for offensive midfielders.', 
    'Capacidad equilibrada de tiro y regate con elevada rapidez. Tambin sirve para mediocentros ofensivos.'),
(4, '', 'Explosive Midfielder', 'Medio Explosivo', 
    '', 
    'Greater dribbling and blocking power but lesser speed.', 
    'Mayor poder de regate y bloqueo pero menor rapidez.'),
(5, '', 'en', 'All-rounder', 
    '', 
    'Balanced dribbling and blocking capability with high speed.', 
    'Capacidad equilibrada de regate y bloqueo con elevada rapidez.'),
(6, '', 'Control Midfielder', 'Medio Control', 
    '', 
    'It is possible to score a goal with actions influenced by control.', 
    'Permite marcar gol con acciones influenciadas por el control.'),
(7, '', 'Guts Defender', 'Defensa Valor', 
    '', 
    'Average blocking capability and high speed.', 
    'Capacidad de bloqueo intermedia y elevada rapidez.'),
(8, '', 'Guts Keeper', 'Portero Valor', 
    '', 
    'Maxed out save power.', 
    'Mximo poder de parada.'),
(9, '', 'Speed Keeper', 'Portero Rapidez', 
    '', 
    'Average saving capability and high speed.', 
    'Capacidad de parada intermedia y elevada rapidez.');

insert into stat (    
    stat_id,
    stat_name_ja,
    stat_name_en,
    stat_name_es) values
(1, 'GP', 'FP', 'PE'),
(2, 'TP', 'TP', 'PT'),
(3, '', 'Kick', 'Tiro'),
(4, '', 'Body', 'Fsico'),
(5, '', 'Control', 'Control'),
(6, '', 'Guard', 'Defensa'),
(7, '', 'Speed', 'Rapidez'),
(8, '', 'Stamina', 'Aguante'),
(9, '', 'Guts', 'Valor'),
(10, '', 'Freedom', 'Libertad');

insert into training_method_focuses_on_stat (    
    training_method_id,
    stat_id) values
(1, 3), (1, 5), (1, 9),
(2, 3), (2, 7), (2, 9),
(3, 3), (3, 7), (3, 4),
(4, 4), (4, 6), (4, 9),
(5, 4), (5, 6), (5, 7),
(6, 4), (6, 6), (6, 5),
(7, 6), (7, 9), (7, 7),
(8, 6), (8, 4), (8, 9),
(9, 6), (9, 4), (9, 7);

insert into gender (    
    gender_id,
    gender_name_ja,
    gender_name_en,
    gender_name_es,
    gender_symbol) values
(1, '', 'Male', 'Hombre', ''),
(2, '', 'Female', 'Mujer', '');

insert into body_type (    
    body_type_id,
    body_type_name_ja,
    body_type_name_en,
    body_type_name_es) values
(1, '', 'Small', 'Pequeo'),
(2, '', 'Medium', 'Normal'),
(3, '', 'Large', 'Grande'),
(4, '', 'Extra Large', 'Gigante');

insert into positi (    
    positi_id,
    positi_name_ja,
    positi_name_en,
    positi_name_es) values
(1, 'FW', 'FW', 'DL'),
(2, 'MF', 'MF', 'MD'),
(3, 'DF', 'DF', 'DF'),
(4, 'GK', 'GK', 'PR');

insert into attri (    
    attri_id,
    attri_name_ja,
    attri_name_en,
    attri_name_es) values
(1, '', 'Wind', 'Aire'),
(2, '', 'Wood', 'Bosque'),
(3, '', 'Fire', 'Fuego'),
(4, '', 'Earth', 'Montaa');

insert into passwd (
    passwd_id,
    passwd_ja,
    passwd_en,
    passwd_es) values
/*cuarteto del ms all - */
/*lucien thrope (howler) - */
(1, '', 'fullmoon', 'lunallena'),
/*lenton gouger (gouger) - */
(2, '', 'pumpkin', 'calabaza'),
/*titania khamun (wraps) - */
(3, '', 'wrappedup', 'todavendada'),
/*eveline veitch (vicked) - */
(4, '', 'broomstick', 'vuelaescoba'),
/*tarjeteros - TCG*/
/*bernie ellement (bernie) - 	




*/
(5, '', 'elements', '4elementos'),
/*decker pile (deck) - 




*/
(6, '', 'buildadeck', 'granbaraja'),
/*larry pogue (pogue) - 




*/
(7, '', 'fullhouse', 'pokerdeases'),
/*walken ruhlbuch (stickler) - 




*/
(8, '', 'followrules', 'siguenormas'),
/*otros*/
/*dino zolletta (zolletta) -  */
(9, '', 'Cappuccino', 'Cappuccino'),
/*isaac glass (isaac) -  */
(10, '', 'William', 'William'),
/*jordan greenway (jordan) -  */
(11, '', 'word', 'mordedor'),
(12, '', 'ends well', 'volando'),
(13, '', 'believe', 'bienes'),
(14, '', 'merrier', 'diente'),
/*dave quagmire (quagmire) -  */
(15, '', 'Gungnir', 'Odn'),
(16, '', 'Epsilon', 'psilon'),
(17, '', 'Kyoto', 'Kioto'),
(18, '', 'Dave', 'Quagmire'),
(19, '', 'Gaia', 'Gaia'),
/**/
/*andy - 




*/
(20, '', 'letsplay', 'juguemos'),
/*aurelia dingle - 




*/
(21, '', 'football', 'alfutbol'),
/*super exp*/
(22, '', 'moreexp', 'subenivel');

/**/
insert into player_obtention_method (
    player_obtention_method_id,
    player_obtention_method_desc_ja,
    player_obtention_method_desc_en,
    player_obtention_method_desc_es) values
(1, '', 'story', 'historia'),
(2, '', 'other team scouting', 'fichaje de otros equipos'),
(3, '', 'gacha', 'gacha'),
(4, '', 'connection map', 'mapa de contactos'),
(5, '', 'download', 'descarga'),
(6, '', 'password', 'contrasea'),
(7, '', 'random battle', 'pachanga'),
/*extra battle route*/
(8, '', 'special player', 'jugador especial'),
(9, '', 'reward', 'recompensa'),
(10, '', 'limited distribution', 'distribucin limitada'),
(11, '', 'premium scout', 'fichaje especial'),
(12, '', 'ogre premium link', 'conexin especial ogro'),
(13, '', 'trade spark', 'intercambio rayo celeste'),
(14, '', 'trade bomber', 'intercambio fuego explosivo'),
(15, '', 'unobtainable', 'imposible de conseguir'),
(16, '', 'unknown', 'desconocido');

/*player*/

insert into item_type (
    item_type_id,
    item_type_name_ja,
    item_type_name_en,
    item_type_name_es) values
(1, '', 'Hissatsu Technique', 'Supertcnicas'),
(2, '', 'Equipment', 'Equipacin'),
(3, '', 'Currency', 'Divisa'),
(4, ' ', 'Reward Player', 'Jugador Recompensa'),
(5, '', 'Map', 'Mapa'),
(6, '', 'Key', 'Llave'),
(7, '', 'VS Card', 'Tarjeta VS'),
(8, '', 'Recovery', 'Recuperacin'),
(9, '', 'Ultimate Note', 'Cuaderno Definitivo'),
(10, '', 'Uniform', 'Uniforme'),
(11, '', 'Hissatsu tactics', 'Supertcticas'),
(12, '', 'Formation', 'Formacin');

insert into item (
    item_id,
    item_name_ja,
    item_name_en,
    item_name_es,
    item_price_buy,
    item_price_sell,
    item_type_id) values
/**/
(1, '', 'Spiral Shot', 'Remate en Espiral', 400, null, 1),
(2, '', 'Spinning Shoot', 'Tiro Giratorio', 400, null, 1),
(3, '', 'Comet Shot', 'Tiro del Cometa', 600, null, 1),
(4, '', 'Condor Dive', 'Ataque Cndor', 600, null, 1),
(5, '', 'Baby Dragon', 'Tiro Chispadraco', 800, null, 1),
(6, '', 'Cross Drive', 'Pase Cruzado', 1000, null, 1),
(7, '', 'Back Tornado', 'Tornado Inverso', 1400, null, 1),
(8, '', 'Hawk Shot', 'Remate Halcn', 1800, null, 1),
(9, '', 'Tsunami Boost', 'Remate Tsunami', 1800, null, 1),
(10, '', 'Inazuma Drop', 'Trampoln Relmpago', 2200, null, 1),
(11, '', 'Eternal Blizzard', 'Ventisca Eterna', 3200, null, 1),
(12, '1', 'Inazuma-1', 'Sper Relmpago', 2600, null, 1),
(13, '', 'Megalodon', 'Megalodn', 2600, null, 1),
(14, '', 'Divine Arrow', 'Flecha Divina', 3600, null, 1),
(15, '', 'The Typhoon', 'Gran Tifn', 3600, null, 1),
(16, 'V', 'Revolution V', 'Remate en V', 4200, null, 1),
(17, '', 'Thunder Beast', 'Bestia del Trueno', 4200, null, 1),
(18, '', 'Whirlwind Drop', 'Torbellino Trampoln', 4200, null, 1),
(19, '', 'Inazuma Break', 'Ruptura Relmpago', 10000, null, 1),
(20, '', 'Legendary Wolf', 'Aullido de Lobo', 10000, null, 1),
(21, '', 'Northen Impact', 'Baln Iceberg', 10000, null, 1),
(22, '', 'God Knows', 'Sabidura Divina', 10000, null, 1),
(23, '', 'Wyvern Blizzard', 'Ventisca Guiverno', 10000, null, 1),
(24, '', 'Tri-Pegasus', 'Tri-Pegaso', 10000, null, 1),
(25, '', 'Gungnir', 'Lanza de Odn', 10000, null, 1),
(26, '', 'Excalibur', 'Excalibur', 10000, null, 1),
(27, '', 'The Dawn', 'La Aurora', 12000, null, 1),
(28, '', 'The Hurricane', 'El Huracn', 12000, null, 1),
(29, '1', 'Inazuma-1 Drop', 'Supertrampoln Relmpago', 14000, null, 1),
(30, '', 'Space Penguins', 'Pingino Espacial', 14000, null, 1),
(31, '', 'Prime Legened', 'Cometa Legendario', 14000, null, 1),
(32, '', 'God Break', 'Disparo Sagrado', 16000, null, 1),
(33, '', 'Fire Blizzard', 'Ventisca de Fuego', 16000, null, 1),
(34, '', 'Cross Fire', 'Fuego Cruzado', 18000, null, 1),
(35, '', 'Psycho Shot', 'Psicorremate', 400, null, 1),
(36, '', 'Rolling Kick', 'Disparo Rodante', 400, null, 1),
(37, '', 'Phantom Shoot', 'Tiro Fantasma', 600, null, 1),
(38, '', 'Wrath Shot', 'Chut de los 100 toques', 600, null, 1),
(39, '', 'Freeze Shot', 'Chut Congelante', 800, null, 1),
(40, '', 'Run Ball Run', 'Baln Rodante', 1000, null, 1),
(41, '', 'Dragon Crash', 'Remate Dragn', 1000, null, 1),
(42, '', 'Kung Fu Header', 'Cabezazo Kung-Fu', 1400, null, 1),
(43, '', 'Bed of Roses', 'Lecho de Rosas', 1400, null, 1),
(44, '', 'Acrobat Bomber', 'Bomba Acrobtica', 1800, null, 1),
(45, '', 'Dark Tornado', 'Tornado Oscuro', 1800, null, 1),
(46, '', 'Security Shot', 'Remate de Seguridad', 2200, null, 1),
(47, '', 'Astro Break', 'Astro Remate', 2200, null, 1),
(48, '', 'Ganymede Ray', 'Rayo de Ganmedes', 2600, null, 1),
(49, '', 'Double Wrath Shot', 'Chut de los 200 toques', 3200, null, 1),
(50, '', 'Sweet Deal', 'Full Goleador', 3200, null, 1),
(51, '', 'Mirage Shoot', 'Tiro Espejismo', 3200, null, 1),
(52, '', 'Dual Strike', 'Zapatazo Dual', 3600, null, 1),
(53, '', 'Clone Shot', 'Remate Mltiple', 3600, null, 1),
(54, '', 'Doom Spear', 'Lanza Letal', 3600, null, 1),
(55, '', 'Wyvern Crash', 'Remate Guiverno', 4200, null, 1),
(56, '', 'Astro Gate', 'Puerta Astral', 4200, null, 1),
(57, '', 'Pegasus Shot', 'Remate Pegaso', 4200, null, 1),
(58, '', 'Emperor Penguin No. 2', 'Pingino Emperador N 2', 10000, null, 1),
(59, '', 'Death Zone', 'Tringulo Letal', 10000, null, 1),
(60, '', 'Cosmic Blast', 'Disparo Csmico', 10000, null, 1),
(61, '', 'Double Tornado', 'Tornado Doble', 10000, null, 1),
(62, '', 'Dragon Slayer', 'Megadragn', 10000, null, 1),
(63, '1', 'Emperor Penguin No.1', 'Pingino Emperador N 1', 12000, null, 1),
(64, '', 'Dark Matter', 'Carga Negativa', 12000, null, 1),
(65, '', 'Clone Death Zone', 'Tringulo Mltiple', 12000, null, 1),
(66, '', 'Clone Penguin', 'Pingino Mltiple', 12000, null, 1),
(67, '', 'Dark Phoenix', 'Fnix Oscuro', 14000, null, 1),
(68, '', 'Death Zone 2', 'Tringulo Letal 2', 14000, null, 1),
(69, '', 'Supernova', 'Supernova', 14000, null, 1),
(70, '3', 'Emperor Penguin No. 3', 'Pingino Emperador N 3', 16000, null, 1),
(71, '', 'Gran Fenrir', 'Gran Lobo', 16000, null, 1),
(72, '', 'Shadow Ray', 'Lluvia Oscura', 16000, null, 1),
(73, '', 'Chaos Break', 'Remate Catico', 18000, null, 1),
(74, '', 'Grenade Shot', 'Chut Granada', 400, null, 1),
(75, '', 'Heel Kick', 'Tiro Pirueta', 600, null, 1),
(76, '', 'Meteor Attack', 'Ataque Meteorito', 600, null, 1),
(77, '', 'Fire Tornado', 'Tornado de Fuego', 800, null, 1),
(78, '', 'Patriot Shot', 'Remate Misil', 800, null, 1),
(79, '', 'Dynamite Shot', 'Tiro Dinamita', 1400, null, 1),
(80, '', 'Double Grenade', 'Granada Doble', 1400, null, 1),
(81, '', 'Shine Drive', 'Tiro Cegador', 1800, null, 1),
(82, '', 'Utter Gutsiness Bat', 'Bateo Total', 1800, null, 1),
(83, '', 'Steeple Shot', 'Tiro Torre de Osaka', 2200, null, 1),
(84, '', 'Twin Boost', 'Remate Combinado', 2200, null, 1),
(85, '', 'Assault Shot', 'Remate Asalto', 2200, null, 1),
(86, 'RC', 'Remote Combustion', 'Tiro Teledirigido', 2600, null, 1),
(87, '', 'Gun Shot', 'Caonazo', 3200, null, 1),
(88, '', 'Dragon Cannon', 'Can Dragn', 3600, null, 1),
(89, '', 'Dragon Tornado', 'Tornado Dragn', 3600, null, 1),
(90, '', 'Fireball Storm', 'Tormenta de Fuego', 10000, null, 1),
(91, '', 'Hellfire', 'Llamarada Infernal', 3600, null, 1),
(92, '', 'Meteor Blade', 'Can de Meteoritos', 4200, null, 1),
(93, '', 'Fire Rooster', 'Pjaro de Fuego', 10000, null, 1),
(94, '', 'Doom Rain', 'Diluvio Letal', 10000, null, 1),
(95, '', 'Atomic Flare', 'Llamarada Atmica', 10000, null, 1),
(96, '', 'Fireball Screw', 'Torbellino de Fuego', 10000, null, 1),
(97, '', 'The Phoenix', 'Fnix', 10000, null, 1),
(98, '', 'Twin Boost F', 'Empuje Gemelo F', 10000, null, 1),
(99, '', 'Triangle Z', 'Tringulo Z', 10000, null, 1),
(100, '', 'Triple Boost', 'Empuje Trillizo', 10000, null, 1),
(101, '', 'Celestial Smash', 'Descenso Estelar', 10000, null, 1),
(102, '', 'Tiger Storm', 'Tormenta del Tigre', 12000, null, 1),
(103, '', 'Double Jaw', 'Mandbulas Dobles', 12000, null, 1),
(104, 'X', 'Emperor Penguin X', 'Pingino Emperador X', 12000, null, 1),
(105, '', 'Maximum Fire', 'Fuego Supremo', 12000, null, 1),
(106, '', 'The Galaxy', 'Tiro Galctico', 16000, null, 1),
(107, '', 'Neo Galaxy', 'Neo Tiro Galctico', 16000, null, 1),
(108, '', 'Fire Blizzard', 'Ventisca de Fuego', 16000, null, 1),
(109, '', 'Grand Fire', 'Fuego Total', 16000, null, 1),
(110, '', 'X-Blast', 'Disparo X', 18000, null, 1),
(111, '', 'Crossfire', 'Fuego Cruzado', 18000, null, 1),
(112, '', 'Big Bang', 'Big Bang', 18000, null, 1),
(113, '', 'Snake Shot', 'Remate Serpiente', 400, null, 1),
(114, '', 'Tarzan Kick', 'Remate Tarzn', 400, null, 1),
(115, '', 'Teleport Shot', 'Rapto Divino', 600, null, 1),
(116, '', 'Dirt Ball', 'Bola de Fango', 600, null, 1),
(117, '', 'Gyro Head', 'Cabezazo Yoy', 800, null, 1),
(118, '', 'Megaton Head', 'Cabezazo Megatn', 1000, null, 1),
(119, '', 'Rainbow Arc', 'Arcoiris Luminoso', 1400, null, 1),
(120, '', 'Leaping Thunder', 'Relmpago Saltn', 1800, null, 1),
(121, '', 'Spectacle Crash', 'Remate Gafas', 2200, null, 1),
(122, '', 'Kung Fu Fighting', 'Tcnica Kung-fu', 2200, null, 1),
(123, '', 'Reflect Buster', 'Disparo con Rebotes', 2600, null, 1),
(124, '', 'Tiger Drive', 'Remate del Tigre', 2600, null, 1),
(125, '', 'Eiffel Tower', 'Tiro Torre Eiffel', 3200, null, 1),
(126, '', 'Paladin Strike', 'Ataque de Paladn', 3200, null, 1),
(127, '', 'Land Dragon', 'Dragn Terrestre', 3600, null, 1),
(128, '', 'Utter Gutsiness Club', 'Golf Total', 3600, null, 1),
(129, '', 'Butterfly Trance', 'Baile de Mariposas', 4200, null, 1),
(130, '', 'Slingshot', 'Tirachinas', 4200, null, 1),
(131, '', 'Eagle Buster', 'Remate del guila', 10000, null, 1),
(132, '', 'Gladius Arch', 'Crculo de Espadas', 10000, null, 1),
(133, '', 'Odin Sword', 'Espada de Odn', 10000, null, 1),
(134, '', 'Almighty Cannon', 'Can Celestial', 10000, null, 1),
(135, '', 'Samba Strike', 'Golpe de Samba', 10000, null, 1),
(136, '', 'Unicorn Boost', 'Remate Unicornio', 12000, null, 1),
(137, '', 'Heavenly Drive', 'Remate Celestial', 12000, null, 1),
(138, '', 'Gaia Break', 'Remate de Gaia', 14000, null, 1),
(139, '', 'The Earth', 'La Tierra', 16000, null, 1),
(140, '', 'Brave Shot', 'Disparo Valiente', 16000, null, 1),
(141, '', 'Shadow Ray', 'Lluvia Oscura', 18000, null, 1),
(142, '', 'Jet Stream', 'Tiro a Reaccin', 18000, null, 1),
(143, '', 'Doom Break', 'Mangual Letal', 18000, null, 1),
(144, '', 'Flurry Dash', 'Entrada Huracn', 200, null, 1),
(145, '', 'Rodeo Clown', 'Equilibrismo', 200, null, 1),
(146, '', 'Whirlwind Twister', 'Torbellino Dragn', 200, null, 1),
(147, '', 'Poison Fog', 'Niebla Venenosa', 400, null, 1),
(148, '', 'Moonsault', 'Luna Creciente', 600, null, 1),
(149, '', 'Zigzag Spark', 'Zigzag Chispeante', 800, null, 1),
(150, '', 'Ribbon Shower', 'Regate Rtmico', 1000, null, 1),
(151, '', 'Whirlwind Cut', 'Remolino Cortante', 1400, null, 1),
(152, '', 'Aurora Dribble', 'Regate Aurora', 1800, null, 1),
(153, '', 'Big Fan', 'Paipay Gigante', 2200, null, 1),
(154, '', 'Card Slap', 'Descarte', 2800, null, 1),
(155, '', 'Aikido', 'Aikido', 3200, null, 1),
(156, '', 'Dash Storm', 'Entrada Tormenta', 3200, null, 1),
(157, '', 'Heaven\'s Time', 'Hora Celestial', 3600, null, 1),
(158, '', 'Water Veil', 'Bomba Giser', 4200, null, 1),
(159, '', 'Wind God\'s Dance', 'Danza del Viento', 4200, null, 1),
(160, '', 'Angel Ball', 'Baln Angelical', 10000, null, 1),
(161, '', 'Air Ride', 'Patn Areo', 10000, null, 1),
(162, '', 'Black Magic', 'Maldicin', 200, null, 1),
(163, '', 'Magic', 'Truco de Magia', 200, null, 1),
(164, '', 'Attack Scan', 'Escner Ataque', 600, null, 1),
(165, '', 'Illusion Ball', 'Espejismo de Baln', 600, null, 1),
(166, '', 'Afterimage', 'Espejismo', 1000, null, 1),
(167, '', 'Warp Drive', 'Teleportacin', 1400, null, 1),
(168, '', 'Dark Whirlwind', 'Tornado Venenoso', 1600, null, 1),
(169, '', 'Deceptor Dribble', 'Regate Espejismo', 1800, null, 1),
(170, '', 'Clone Faker', 'Regate Mltiple', 2200, null, 1),
(171, '', 'Ultra Moon', 'Ultra Lunar', 2800, null, 1),
(172, '', 'Echo Ball', 'Cpula Snica', 2800, null, 1),
(173, '', 'Matador Feint', 'Engao Torero', 3200, null, 1),
(174, '', 'Southern Cross', 'Cruz del Sur', 3800, null, 1),
(175, '', 'Dual Pass', 'Tuya-ma Doble', 4200, null, 1),
(176, '', 'Devil Ball', 'Baln Diablico', 10000, null, 1),
(177, '', 'Field of Force', 'Campo de Fuerza', 10000, null, 1),
(178, '', 'Double Touch', 'Pared Solitaria', 200, null, 1),
(179, '', 'Bubble Gum', 'Pompa de Chicle', 600, null, 1),
(180, '', 'Heat Tackle', 'Corte Flamgero', 800, null, 1),
(181, '', 'Abaddon Drop', 'Tacn Infernal', 1200, null, 1),
(182, '', 'Breakthrough', 'Coz', 1600, null, 1),
(183, '', 'Dog Run', 'Baln Galgo', 1200, null, 1),
(184, '', 'Meteor Shower', 'Lluvia de Meteoros', 1800, null, 1),
(185, '', 'Gale Dash', 'Avance Flamgero', 2200, null, 1),
(186, '', 'Liar Shot', 'Amago de Tiro', 2800, null, 1),
(187, '', 'Armadillo Circus', 'Armadillo Circense', 3200, null, 1),
(188, '', 'Lightning Sprin', 'Acelerrelmpago', 3200, null, 1),
(189, '', 'Flame Veil', 'Pantalla gnea', 4200, null, 1),
(190, '', 'Breakthrough 2', 'Coz 2', 4400, null, 1),
(191, '', 'The Ikaros', 'Vuelo de caro', 10000, null, 1),
(192, '', 'Boost Glider', 'Potenciacin', 10000, null, 1),
(193, '', 'Breakthrough 3', 'Coz 3', 10000, null, 1),
(194, '', 'Dash Accelerator', 'Acelern', 200, null, 1),
(195, '', 'Monkey Turn', 'Giro de Mono', 200, null, 1),
(196, '', 'Super Armadillo', 'Superarmadillo', 600, null, 1),
(197, '', 'Bewildered', 'Confusin', 800, null, 1),
(198, '', 'Kangaroo Kick', 'Patada Canguro', 1000, null, 1),
(199, '', 'Mole Fake', 'Regate Topo', 1200, null, 1),
(200, '', 'Prima Donna', 'Prima Donna', 1800, null, 1),
(201, '', 'Bewilder Blast', 'Ignicin', 1800, null, 1),
(202, '', 'Invisible Fake', 'Descodificacin', 2200, null, 1),
(203, '', 'Mole Shuffle', 'Sorteo de Baln', 2200, null, 1),
(204, '', 'Sub-Terfuge', 'Inmersin', 3600, null, 1),
(205, '', 'Rolling Hell', 'Rueda Infernal', 3200, null, 1),
(206, '', 'Three-Legged Rush', 'Carrera a tres Piernas', 3200, null, 1),
(207, '', 'Super Elastico', 'Sper Elstico', 10000, null, 1),
(208, '', 'Triple Dash', 'Sprint Triple', 10000, null, 1),
(209, '', 'Coil Turn', 'Giro Bobina', 200, null, 1),
(210, '', 'Blade Attack', 'Ataque Afilado', 600, null, 1),
(211, '', 'Land of Ice', 'Paisaje Helado', 600, null, 1),
(212, '', 'Spinning Cut', 'Corte Giratorio', 1200, null, 1),
(213, '', 'Desert Blast', 'Tormenta de Arena', 200, null, 1),
(214, '', 'Cyclone', 'Cicln', 1800, null, 1),
(215, '', 'Perimeter Zone', 'Zona de Seguridad', 2200, null, 1),
(216, '', 'The Tower', 'Torre Inexpugnable', 2200, null, 1),
(217, '', 'Whirlwind Force', 'Campo Torbellino', 2600, null, 1),
(218, '', 'Vac Attack', 'Golpe de Vaco', 2600, null, 1),
(219, '', 'Snow Angel', 'Angel de Nieve', 3200, null, 1),
(220, '', 'Double Cyclone', 'Cicln Doble', 3200, null, 1),
(221, '', 'Whale Guard', 'Bloqueo Ballena', 3600, null, 1),
(222, '', 'Frozen Steal', 'Rompehielos', 4200, null, 1),
(223, '', 'Heaven\'s Ascent', 'Subida a los Cielos', 10000, null, 1),
(224, '', 'Perfect Tower', 'Torre Perfecta', 10000, null, 1),
(225, '', 'Hurricane Arrows', 'Flecha Huracn', 10000, null, 1),
(226, '', 'Quick Draw', 'Robo Rpido', 200, null, 1),
(227, '', 'Doppelganger', 'Doppelgnger', 200, null, 1),
(228, '', 'Ghost Pull', 'Gravedad', 400, null, 1),
(229, '', 'Killer Slide', 'Barrido Defensivo', 600, null, 1),
(230, '', 'Defence Scan', 'Escner Defensa', 600, null, 1),
(231, '', 'Fake Ball', 'Bola Falsa', 1000, null, 1),
(232, '', 'Spider Web', 'Telaraa', 1200, null, 1),
(233, '', 'Yo-Yo Ball', 'Engao Yoy', 1400, null, 1),
(234, '', 'Shadow Stitch', 'Ataque Sombro', 1800, null, 1),
(235, '', 'Sleeping Dust', 'Olor Embriagador', 1800, null, 1),
(236, '', 'Clone Defence', 'Defensa Mltiple', 2200, null, 1),
(237, '', 'Am-Bush', 'Emboscada', 2800, null, 1),
(238, '', 'Asteroid Belt', 'Cinto Astral', 3200, null, 1),
(239, '', 'Dual Storm', 'Do Magma', 3200, null, 1),
(240, '', 'Harvest', 'Vendimia', 3800, null, 1),
(241, '', 'Stone Wall', 'Presa', 4200, null, 1),
(242, '', 'Diabolical Cut', 'Corte Diablico', 4200, null, 1),
(243, '', 'Hell\'s Descent', 'Cada a los Infiernos', 10000, null, 1),
(244, '', 'Sigma Zone', 'Zona Sigma', 10000, null, 1),
(245, '', 'Supreme Spin', 'Superpeonza', 400, null, 1),
(246, '', 'Photon Crash', 'Flash de Fotones', 600, null, 1),
(247, '', 'Super Sumo Stomp', 'Superpisotn de sumo', 600, null, 1),
(248, '', 'Fake Bomber', 'Bombazo', 1000, null, 1),
(249, '', 'Racing Flame', 'Estela gnea', 1200, null, 1),
(250, '', 'Zigzag Flame', 'Zigzag de Fuego', 1400, null, 1),
(251, '', 'Flame Dance', 'Baile de Llamas', 1800, null, 1),
(252, '', 'Volcano Cut', 'Corte Volcnico', 2200, null, 1),
(253, '', 'Rolling Slide', 'Entrada Rodante', 2200, null, 1),
(254, '', 'Divine Stamp', 'Apisonadora', 2800, null, 1),
(255, '', 'Shooting Star', 'Cometa', 3200, null, 1),
(256, '', 'Planet Shield', 'Robo Planeta', 3600, null, 1),
(257, '', 'Ignite Steal', 'Cortafuegos', 4200, null, 1),
(258, '', 'Mad Express', 'Tren Loco', 10000, null, 1),
(259, '', 'Sumo Stomp', 'Pisotn de Sumo', 200, null, 1),
(260, '', 'Horn Train', 'Embestida', 400, null, 1),
(261, '', 'About Face', 'Sorpresa', 600, null, 1),
(262, '', 'The Wall', 'El Muro', 1000, null, 1),
(263, '', 'Earthquake', 'Sismo', 1200, null, 1),
(264, '', 'Gravestone', 'Dientes de Roca', 1400, null, 1),
(265, '', 'Gravitation', 'Gravitacin', 1800, null, 1),
(266, '', 'Power Charge', 'Placaje Extremo', 1800, null, 1),
(267, '', 'Heavy Mettle', 'Gravedad Grave', 2200, null, 1),
(268, '', 'Stone Prison', 'Jaula de Piedra', 2200, null, 1),
(269, '', 'Mega Quake', 'Mega Terremoto', 2600, null, 1),
(270, '', 'Iron Wall', 'Muro de Hierro', 2600, null, 1),
(271, '', 'Circus Block', 'Voltereta Circense', 3200, null, 1),
(272, '', 'Mega Wall', 'Gran Sabio', 3600, null, 1),
(273, '', 'Road Roller', 'Aplanadora', 3600, null, 1),
(274, '', 'Barbarian Shield', 'Escudo Brbaro', 4200, null, 1),
(275, '', 'No Escape', 'Emboscada Defensiva', 4400, null, 1),
(276, '', 'Ground Quake', 'Gran Sesmo', 10000, null, 1),
(277, '', 'The Mountain', 'La Montaa', 10000, null, 1),
(278, '', 'Body Shield', 'Escudo corporal', 10000, null, 1),
(279, '', 'Bamboo Pattern', 'Trama', 10000, null, 1),
(280, '', 'Swan Dive', 'Salto del Cisne', 200, null, 1),
(281, '', 'Tornado Catch', 'Atajo Tornado', 400, null, 1),
(282, '', 'Mistral', 'Hojarasca', 600, null, 1),
(283, '', 'Flower Power', 'Tormenta de Ptalos', 1000, null, 1),
(284, '', 'Whirlwind', 'Torbellino', 1200, null, 1),
(285, '', 'Aurora Curtain', 'Cortina Aurora', 1400, null, 1),
(286, '', 'Fist of Justice', 'Superpuo Invencible', 1800, null, 1),
(287, '', 'Galatyn', 'Espada Defensora', 1800, null, 1),
(288, '', 'Barrier Reef', 'Gran Barrera de Coral', 1800, null, 1),
(289, '', 'Safety First', 'Muralla de Escudos', 2200, null, 1),
(290, '', 'Tsunami Wall', 'Muralla Tsunami', 2600, null, 1),
(291, '', 'Storm Rider', 'Simn', 2600, null, 1),
(292, '', 'Needle Hammer', 'Martillo Defensor', 3200, null, 1),
(293, '', 'Electrap', 'Malla Elctrica', 3600, null, 1),
(294, '', 'Ice Block', 'Bloque de Hielo', 4200, null, 1),
(295, '', 'Procyon Net', 'Constelacin Estelar', 10000, null, 1),
(296, '', 'Temporal Wall', 'Muro Dimensional', 14000, null, 1),
(297, '', 'Celestial Zone', 'Zona Sagrada', 14000, null, 1),
(298, '', 'High Voltage', 'Voltaje Dual', 14000, null, 1),
(299, '', 'Killer Blade', 'Cuchilla Asesina', 200, null, 1),
(300, '', 'Warp Space', 'Espiral de Distorsin', 400, null, 1),
(301, '', 'God Hand', 'Mano Celestial', 0, null, 1),
(302, '', 'Shot Pocket', 'Campo de Fuerza Defensivo', 1000, null, 1),
(303, '', 'Claw Slash', 'Uas Afiladas', 1200, null, 1),
(304, '', 'Majin the Hand', 'Mano Mgica', 0, null, 1),
(305, '', 'Black Hole', 'Agujero Negro', 1400, null, 1),
(306, '', 'The Stinger', 'Aguijn', 1800, null, 1),
(307, '', 'Wormhole', 'Agujero de Gusano', 2200, null, 1),
(308, '', 'Clone Block', 'Parada Mltiple', 3200, null, 1),
(309, '', 'Giant Spider', 'Araa Gigante', 3600, null, 1),
(310, '', 'Dual Smash', 'Bloqueo Doble', 3600, null, 1),
(311, '', 'Mugen The Hand', 'Manos Infinitas', 4200, null, 1),
(312, '', 'Dimensional Hand', 'Mano Ultradimensional', 10000, null, 1),
(313, '', 'The End', 'El Olvido', 14000, null, 1),
(314, '', 'Fiend Hand', 'Mano Diablica', 14000, null, 1),
(315, '', 'Fireball Knuckle', 'Despeje de Fuego', 200, null, 1),
(316, '', 'Pressure Punch', 'Despeje a Presin', 200, null, 1),
(317, '', 'Power Shield', 'Escudo de Fuerza', 600, null, 1),
(318, '', 'Rocket Kobushi', 'Despeje Cohete', 600, null, 1),
(319, '', 'Fireball Head', 'Cabezonera', 1000, null, 1),
(320, '', 'Full Power Shield', 'Escudo de Fuerza Total', 1200, null, 1),
(321, '', 'Blazing Knuckle', 'Despeje Explosivo', 1400, null, 1),
(322, '', 'Flame Breath', 'Lanzallamas', 1800, null, 1),
(323, '', 'Counter Strike', 'Puo Vengativo', 2200, null, 1),
(324, '', 'Shot Trap', 'Malla Letal', 2200, null, 1),
(325, '', 'Nitro Slap', 'Rechace de Fuego', 2600, null, 1),
(326, 'X', 'God Hand X', 'Mano Celestial X', 3200, null, 1),
(327, '', 'Double Rocket', 'Puos Voladores', 3600, null, 1),
(328, '', 'Drill Smasher', 'Destrozataladros', 4200, null, 1),
(329, '', 'Burnout', 'Combustin', 4200, null, 1),
(330, '', 'Beast Fang', 'Colmillo de Pantera', 10000, null, 1),
(331, '', 'Million Hands', 'Milln de Manos', 10000, null, 1),
(332, '', 'Triple God Hand', 'Trimano Celestial', 12000, null, 1),
(333, '', 'Soul Hand', 'Mano Espiritual', 14000, null, 1),
(334, '', 'Toughness Block', 'Bloque Dureza', 200, null, 1),
(335, '', 'Wood Chopper', 'Despeje de Leador', 200, null, 1),
(336, '', 'God Hand', 'Mano Celestial', 400, null, 1),
(337, '', 'Wild Claw', 'Garra Salvaje', 600, null, 1),
(338, '', 'Sliding Goal', 'Deslizamiento', 1200, null, 1),
(339, '', 'Majin the Hand', 'Mano Mgica', 1200, null, 1),
(340, '', 'Utter Gutsiness Catch', 'Mandril', 1400, null, 1),
(341, '', 'Table-Turner', 'Escudo Protector', 2200, null, 1),
(342, '', 'Card Protector', 'Baraja Fugaz', 2600, null, 1),
(343, '', 'Colosseum Guard', 'Guardia del Coliseo', 2600, null, 1),
(344, '', 'Hammer of Fury', 'Puo de Furia', 10000, null, 1),
(345, '', 'Capoeira Grab', 'Parada de Capoeira', 3200, null, 1),
(346, '', 'Flash Upper', 'Golpes de Luz', 3200, null, 1),
(347, '', 'Triple Defence', 'Defensa Triple', 3600, null, 1),
(348, '', 'Gigant Wall', 'Muralla Gigante', 4200, null, 1),
(349, '', 'Infinite Wall', 'Muralla Infinita', 10000, null, 1),
(350, '', 'God Catch', 'Parada Celestial', 12000, null, 1),
(351, '', 'Omega Hand', 'Mano Omega', 14000, null, 1),
(352, '', 'Trickery!', 'Piscinazo', 0, null, 1),
(353, '', 'Move It!', 'Vamos!', 0, null, 1),
(354, 'UP', 'Cool Up!', 'Casanova', 0, null, 1),
(355, 'UP', 'Charm Up!', 'Femme Fatale', 0, null, 1),
(356, '', 'Offense Force', 'Fuerza Ofensiva', 0, null, 1),
(357, '', 'Offence Plus', 'Ataque +', 0, null, 1),
(358, '', 'Study', 'Repaso', 30000, null, 1),
(359, '', 'Keeper Plus', 'Portero +', 0, null, 1),
(360, '', 'Critical!', 'Lance Crtico', 0, null, 1),
(361, '', 'Put Your Back Into It!', 'Mejor Garanta', 0, null, 1),
(362, '', 'Shot Force', 'Fuerza de Tiro', 0, null, 1),
(363, '', 'Shoot Plus', 'Tiro +', 0, null, 1),
(364, '', 'Speed Force', 'Fuerza Veloz', 0, null, 1),
(365, '', 'Speed Plus', 'Rapidez +', 0, null, 1),
(366, '', 'Economy!', 'Ahorro', 0, null, 1),
(367, '', 'Power Element', 'Carga Elemental', 0, null, 1),
(368, '', 'Big Moves!', 'Ultratcnica', 0, null, 1),
(369, '', 'Defence Force', 'Fuerza Defensiva', 0, null, 1),
(370, '', 'Defence Plus', 'Defensa +', 0, null, 1),
(371, '', 'Slack Off', 'Vagueza', 30000, null, 1),
(372, '', 'Never Give Up!', 'Siempre a Muerte', 0, null, 1),
(373, '', 'Comeback Kid!', 'Que no Decaiga!', 0, null, 1),
(374, '', 'Everyone Move It!', 'Vamos Todos!', 0, null, 1),
(375, '', 'No Element', 'Antiafinidades', 0, null, 1),
(376, '', 'Jinx', 'Gafe', 0, null, 1),
(377, '', 'Lucky!', 'Suerte', 0, null, 1),
(378, '', 'Recovery', 'Recobro', 0, null, 1),
/**/
(379, '', 'Inazuma J Spike', 'Botas Inazuma Japn', 0, null, 2),
(380, '', 'Sawayaka Spike', 'Botas frescas', 100, null, 2),
(381, '', 'Kasamino Spike', 'Botas Umbrella', 120, null, 2),
(382, '', 'Seishun Spike', 'Botas juveniles', 180, null, 2),
(383, '', 'Mikage Sennou Spike', 'Botas mentales', 180, null, 2),
(384, '', 'Hoshikuzu no Shoes', 'Calzado estelar', 250, null, 2),
(385, '', 'White Spike', 'Botas blancas', 250, null, 2),
(386, '', 'Soyokaze Spike', 'Botas vendaval', 400, null, 2),
(387, '', 'Marshall Shoes', 'Calzado mariscal', 400, null, 2),
(388, '', 'Shikkoku no Spike', 'Botas azabache', 0, null, 2),
(389, '', 'D Lion Shoes', 'Botas leoninas', 0, null, 2),
(390, '', 'Ninja Spike', 'Botas ninja', 600, null, 2),
(391, '', 'Feather Spike', 'Botas ligeras', 600, null, 2),
(392, '', 'Wing Spike', 'Botas de Pegaso', 800, null, 2),
(393, '', 'Shouri no Spike', 'Botas exitosas', 800, null, 2),
(394, '', 'Wakusei no Shoes', 'Calzado astral', 0, null, 2),
(395, '', 'Neo Japan Spike', 'Botas Neo Japn', 0, null, 2),
(396, '', 'Hayabusa Shoes', 'Botas de halcn', 1200, null, 2),
(397, '', 'Kidokawa Spike', 'Botas Kirkwood', 0, null, 2),
(398, '', 'Shinsedai Shoes', 'Botas mecnicas', 0, null, 2),
(399, '', 'Riders Shoes', 'Calzado motero', 1600, null, 2),
(400, '', 'Uchuu no Spike', 'Calzado espacial', 0, null, 2),
(401, '', 'Glow Spike', 'Botas hipersnicas', 0, null, 2),
(402, '', 'Thunder Spike', 'Botas relmpago', 0, null, 2),
(403, '', 'Shinkuu Spike', 'Botas vacuas', 0, null, 2),
(404, '', 'Knights Spike', 'Botas de caballero', 0, null, 2),
(405, '', 'Hyouketsu Spike', 'Botas congelantes', 2000, null, 2),
(406, '', 'Brain Spike', 'Botas de genio', 0, null, 2),
(407, '', 'Bafana Shoes', 'Botas bafana', 0, null, 2),
(408, '', 'Champagne Shoes', 'Zapatos champn', 0, null, 2),
(409, '', 'Unicorn Spike', 'Botas Unicorn', 0, null, 2),
(410, '', 'Cotarl Shoes', 'Botas costaleas', 0, null, 2),
(411, '', 'Orpheus Shoes', 'Botas Orfeo', 0, null, 2),
(412, '', 'Tenkuu no Shoes', 'Botas Sky Team', 0, null, 2),
(413, '', 'Yami no Shoes', 'Botas sombras', 10000, null, 2),
(414, '', 'Densetsu no Spike', 'Botas legendarias', 20000, null, 2),
(415, '', 'Shuuyou Meito Spike', 'Botas Otaku', 100, null, 2),
(416, '', 'Noroi no Spike', 'Botas malditas', 0, null, 2),
(417, '', 'Inazuma KFC Spike', 'Botas infantiles', 0, null, 2),
(418, '', 'Checker Shoes', 'Calzado a cuadros', 120, null, 2),
(419, '', 'Wild Spike', 'Botas salvajes', 0, null, 2),
(420, '', 'Thermo Spike', 'Botas trmicas', 180, null, 2),
(421, '', 'Sally\'s Shoes', 'Botas Sallys', 180, null, 2),
(422, '', 'Security Shoes', 'Calzado seguro', 180, null, 2),
(423, '', 'Setsugen no Spike', 'Botas fras', 250, null, 2),
(424, '', 'Doryouku no Spike', 'Botas de currante', 250, null, 2),
(425, '', 'Arrow Shoes', 'Botas certeras', 400, null, 2),
(426, '', 'Tanren Spike', 'Botas diestras', 400, null, 2),
(427, '', 'Smart Spike', 'Botas elegantes', 600, null, 2),
(428, '', 'Teikoku Spike', 'Botas Royal', 0, null, 2),
(429, '', 'Otsunami no Spike', 'Botas Big Waves', 0, null, 2),
(430, '', 'Senbayama Spike', 'Botas campesinas', 0, null, 2),
(431, '', 'Naniwa no Spike', 'Botas Osakaland', 800, null, 2),
(432, '', 'Bullet Spike', 'Botas perforadoras', 800, null, 2),
(433, '', 'Nekketsu Spike', 'Botas ardientes', 1200, null, 2),
(434, '', 'Yuugure Shoes', 'Calzado penumbra', 1200, null, 2),
(435, '', 'Araburu Spike', 'Botas viles', 1600, null, 2),
(436, '', 'Divine Spike', 'Botas divinas', 0, null, 2),
(437, '', 'Marine Spike', 'Botas marinas', 0, null, 2),
(438, '', 'Wake Spike', 'Botas motivadoras', 0, null, 2),
(439, '', 'Hiryuu no Spike', 'Botas dragontinas', 0, null, 2),
(440, '', 'Shakunetsu Spike', 'Botas flamgeras', 2000, null, 2),
(441, '', 'Spirit Shoes', 'Botas distinguidas', 0, null, 2),
(442, '', 'Soul Shoes', 'Botas precisin', 0, null, 2),
(443, '', 'Fukutsu no Spike', 'Botas de poder', 0, null, 2),
(444, '', 'Armada Spike', 'Botas ibricas', 0, null, 2),
(445, '', 'Fukushuu no Spike', 'Botas de represalia', 0, null, 2),
(446, '', 'Empire Shoes', 'Botas Emperadores', 0, null, 2),
(447, '', 'Kingdom Spike', 'Botas Os Reis', 0, null, 2),
(448, '', 'Konton no Spike', 'Botas del orden', 0, null, 2),
(449, '', 'Yabou no Spike', 'Botas de anhelo', 0, null, 2),
(450, '', 'Makai no Spike', 'Botas Dark Team', 0, null, 2),
(451, '', 'Tenma no Spike', 'Botas de Ddalo', 10000, null, 2),
(452, '', 'Maze Spike', 'Botas ngel Oscuro', 10000, null, 2),
(453, '', 'Inazuma Spike', 'Botas Inazuma', 20000, null, 2),
(454, '', 'Ogre Spike', 'Botas Ogro', 0, null, 2),
(455, '', 'Inazuma J Glove', 'Guantes Inazuma Japn', 0, null, 2),
(456, '', 'Shuuyou Meito Glove', 'Guantes Otaku', 100, null, 2),
(457, '', 'Renshuu Glove', 'Guantes reusados', 100, null, 2),
(458, '', 'Inazuma KFC Glove', 'Guantes infantiles', 0, null, 2),
(459, '', 'Air Hand', 'Manoplas areas', 120, null, 2),
(460, '', 'Kasamino Glove', 'Guantes Umbrella', 120, null, 2),
(461, '', 'Seishun Glove', 'Guantes juveniles', 120, null, 2),
(462, '', 'Noroi No Glove', 'Guantes malditos', 0, null, 2),
(463, '', 'Wild Grab', 'Guantes salvajes', 0, null, 2),
(464, '', 'Sally\'s Glove', 'Guantes Sallys', 180, null, 2),
(465, '', 'Sawayaka Glove', 'Guantes frescos', 180, null, 2),
(466, '', 'Shouri no Glove', 'Guantes exitosos', 180, null, 2),
(467, '', 'Teppeki no Glove', 'Guantes teln de acero', 0, null, 2),
(468, '', 'Mikage Sennou Glove', 'Guantes Brain', 180, null, 2),
(469, '', 'Kitaguni no Glove', 'Guantes norteos', 250, null, 2),
(470, '', 'Jounetsu Glove', 'Guantes en llamas', 250, null, 2),
(471, '', 'Micro Glove', 'Microguantes', 250, null, 2),
(472, '', 'Katami no Glove', 'Guantes mecnicos', 0, null, 2),
(473, '', 'Kung Fu Glove', 'Guantes kung-fu', 400, null, 2),
(474, '', 'Jisedai Glove', 'Guantes legados', 0, null, 2),
(475, '', 'Hagane no Glove', 'Guantes de acero', 400, null, 2),
(476, '2', 'Pretty Hand 2', 'Guantes cucos 2', 400, null, 2),
(477, '', 'Tsunemo no Glove', 'Guantes de poder', 600, null, 2),
(478, '', 'Teikoku Glove', 'Guantes Royal', 0, null, 2),
(479, '', 'Ninja Glove', 'Guantes ninja', 0, null, 2),
(480, '', 'Hisshou Glove', 'Guantes triunfo', 600, null, 2),
(481, '', 'Aurora Hand', 'Manoplas aurora', 0, null, 2),
(482, '', 'Otome Glove', 'Guantes de dama', 800, null, 2),
(483, '', 'Corona Hand', 'Manoplas reales', 0, null, 2),
(484, '', 'Senbayama Glove', 'Guantes Farm', 0, null, 2),
(485, '', 'Daishizen Glove', 'Guantes naturales', 800, null, 2),
(486, '', 'Macro Glove', 'Macroguantes', 0, null, 2),
(487, '', 'Otsunami no Glove', 'Guantes Big Waves', 0, null, 2),
(488, '', 'Sunset Glove', 'Guantes del ocaso', 1200, null, 2),
(489, '', 'Nekketsu Glove', 'Guantes ardientes', 1200, null, 2),
(490, '', 'Hakai no Glove', 'Guantes del fin', 1200, null, 2),
(491, '', 'Kidokawa Glove', 'Guantes Kirkwood', 0, null, 2),
(492, '', 'Divine Glove', 'Guantes divinos', 0, null, 2),
(493, '', 'Resort Hand', 'Manoplas de esto', 1600, null, 2),
(494, '', 'Jikuu no Glove', 'Cronoguantes', 0, null, 2),
(495, '', 'D Lion Glove', 'Guantes leoninos', 0, null, 2),
(496, '', 'Big Bang Hand', 'Manoplas Big Bang', 2000, null, 2),
(497, '', 'Neo Japan Glove', 'Guantes Neo Japn', 0, null, 2),
(498, '', 'Uragiri no Glove', 'Guantes rebeldes', 2800, null, 2),
(499, '', 'Hiryuu no Glove', 'Guantes dragontinos', 0, null, 2),
(500, '', 'Champagne Glove', 'Guantes champn', 0, null, 2),
(501, '', 'Armada Glove', 'Guantes ibricos', 0, null, 2),
(502, '', 'Fukutsu no Glove', 'Guantes dobles', 0, null, 2),
(503, '', 'Shinrin No Glove', 'Guantes boscosos', 3800, null, 2),
(504, '', 'Knights Glove', 'Guantes de caballero', 0, null, 2),
(505, '', 'Bafana Glove', 'Guantes bafana', 0, null, 2),
(506, '', 'Inazuma Glove', 'Guantes Inazuma', 0, null, 2),
(507, '', 'Empire Glove', 'Guantes Emperadores', 0, null, 2),
(508, '', 'Card Team Glove', 'Guantes Tarjeteros', 0, null, 2),
(509, '', 'Tenkuu no Glove', 'Guantes Sky Team', 0, null, 2),
(510, '', 'Fukushuu no Glove', 'Guantes de represalia', 0, null, 2),
(511, '', 'Makai no Glove', 'Guantes Dark Team', 0, null, 2),
(512, '', 'Orpheus Glove', 'Guantes Orfeo', 0, null, 2),
(513, '', 'Unicorn Glove', 'Guantes Unicorn', 0, null, 2),
(514, '', 'Kingdom Glove', 'Guantes Os Reis', 0, null, 2),
(515, '', 'Cotarl Glove', 'Guantes costaleos', 0, null, 2),
(516, '', 'Tenma no Glove', 'Guantes ngel Oscuro', 0, null, 2),
(517, '', 'Yabou no Glove', 'Guantes de anhelo', 0, null, 2),
(518, '', 'Ogre Glove', 'Guantes Ogro', 0, null, 2),
(519, '', 'Densetsu no Glove', 'Guantes mticos', 0, null, 2),
(520, '', 'Yogoreta Misanga', 'Pulsera gastada', 100, null, 2),
(521, '', 'Seishun Misanga', 'Pulsera juvenil', 200, null, 2),
(522, '', 'Titan Misanga', 'Pulsera de titanio', 350, null, 2),
(523, '', 'Jounetsu Misanga', 'Pulsera pasin', 500, null, 2),
(524, '', 'Honoo no Misanga', 'Pulsera gnea', 650, null, 2),
(525, '', 'Momoiro Misanga', 'Pulsera melocotn', 850, null, 2),
(526, '', 'Shouri no Misanga', 'Pulsera exitosa', 1200, null, 2),
(527, '', 'Daichi no Misanga', 'Pulsera telrica', 1600, null, 2),
(528, '', 'Nekketsu Misanga', 'Pulsera ardiente', 2200, null, 2),
(529, '', 'Inazuma Misanga', 'Pulsera Inazuma', 3000, null, 2),
(530, '', 'Cosmo Misanga', 'Cosmopulsera', 8000, null, 2),
(531, '', 'Saikyou Misanga', 'Pulsera genial', 30000, null, 2),
(532, '', 'Jimina Misanga', 'Pulsera sobria', 0, null, 2),
(533, '', 'Hadena Misanga', 'Pulsera chillona', 0, null, 2),
(534, '', 'Dohadena Misanga', 'Pulsera llamativa', 0, null, 2),
(535, '', 'Joubuna Misanga', 'Pulsera recia', 200, null, 2),
(536, '', 'Yuujou Misanga', 'Pulsera amistad', 350, null, 2),
(537, '', 'Oshare Misanga', 'Pulsera elegante', 500, null, 2),
(538, '', 'Muscle Misanga', 'Pulsera de cachas', 650, null, 2),
(539, '', 'Kibou Misanga', 'Pulsera de fe', 850, null, 2),
(540, '', 'Shiawase no Misanga', 'Pulsera jubilosa', 1600, null, 2),
(541, '', 'Ikoku no Misanga', 'Pulsera extica', 2200, null, 2),
(542, '', 'Chikai no Pendant', 'Colgante fraterno', 0, null, 2),
(543, '', 'Kizuna no Pendant', 'Colgante noble', 0, null, 2),
(544, '', 'Goukana Pendant', 'Colgante sincero', 0, null, 2),
(545, '', 'Mayoke no Pendant', 'Colgante puro', 0, null, 2),
(546, '', 'Inori no Pendant', 'Colgante leal', 0, null, 2),
(547, '', 'Mamori no Pendant Dou', 'Amuleto bronce', 0, null, 2),
(548, '', 'Mamori no Pendant Gin', 'Amuleto plata', 0, null, 2),
(549, '', 'Mamori no Pendant Kin', 'Amuleto oro', 0, null, 2),
(550, '', 'Chikara no Pendant Dou', 'Colgante poder bronce', 0, null, 2),
(551, '', 'Chikara no Pendant Gin', 'Colgante poder plata', 0, null, 2),
(552, '', 'Chikara no Pendant Kin', 'Colgante poder oro', 0, null, 2),
/**/
(553, '', 'Nekketsu points', 'Puntos de pasin', null, null, 3),
(554, '', 'Yuujou points', 'Puntos de amistad', null, null, 3),
(555, '', 'Experience points', 'Puntos de experiencia', null, null, 3),
(556, '', 'Red Coin', 'Ficha Roja', null, 10, 3),
(557, '', 'Blue Coin', 'Ficha Azul', null, 10, 3),
(558, '', 'Yellow Coin', 'Ficha Amarilla', 10, null, 3),
(559, '', 'Old Pin Badge', 'Chapa Vieja', null, null, 3),
/*

866
1348
1027
1269
282
416
*/
(560, '', 'Peabody', 'Peabody', null, null, 4),
(561, '', 'Max', 'Max', null, null, 4),
(562, '', 'Nelly', 'Nelly', null, null, 4),
(563, '', 'Cammy', 'Cammy', null, null, 4),
(564, '', 'Celia', 'Celia', null, null, 4),
(565, '', 'Silvia', 'Silvia', null, null, 4),
/**/
(566, '', 'Fukuoka Map', 'Mapa de Fukuoka', 700, null, 5),
(567, '', 'Nara Map', 'Mapa de Nara', null, null, 5),
(568, '', 'Okinawa Map', 'Mapa de Okinawa', null, null, 5),
(569, '', 'Osaka Map', 'Mapa de Osaka', null, null, 5),
(570, '', 'Osakaland Map', 'Mapa de Osakaland', 300, null, 5),
/**/
(571, '', 'Soccer Club Key', 'Llave club', 6000, null, 6),
(572, '', 'Gym Key', 'Llave del gimnasio', null, null, 6),
(573, '', 'Laboratory Key', 'Llave del laboratorio', null, null, 6),
(574, '', 'Canon\'s house Key', 'Llave de la casa de Canon', null, null, 6),
(575, '', 'Legendary Key', 'Llave legendaria', null, null, 6),
(576, '', 'Sweet Shop Key', 'Llave tienda chuches', 6000, null, 6),
(577, '', 'Underground Tunnel Key', 'Llave tnel', null, null, 6),
(578, '', 'Canon\'s Phone', 'Comunicador de Canon', null, null, 6),
/**/
(579, '', 'Warrior pride', 'Orgullo guerrero', null, null, 7),
(580, '', 'Asian Qualifying Memories', 'Recuerdos de Asia', null, null, 7),
(581, '', 'Chaos Card', 'Tarjeta del futuro', null, null, 7),
(582, '', 'Epsilon Card', 'Tarjeta psilon', null, null, 7),
(583, '', 'Epsilon Plus Card', 'Tarjeta psilon Plus', null, null, 7),
(584, '', 'Gemini Card', 'Tarjeta Gminis', null, null, 7),
(585, '', 'Genesis Card', 'Tarjeta Gnesis', 7500, null, 7),
(586, '', 'Inazuma Card', 'Tarjeta Inazuma', null, null, 7),
(587, '', 'World Card', 'Tarjeta mundial', 10000, null, 7),
(588, '', 'Musical Card', 'Tarjeta musical', null, null, 7),
(589, '', 'R. A. Redux Card', 'Tarjeta R. A. Redux', null, null, 7),
(590, '', 'Card VS Card', 'Tarjeta tarjetera', null, null, 7),
(591, '', 'Dark Card', 'Tarjeta tenebrosa', 3000, null, 7),
(592, '', 'Ultra Zeus Card', 'Tarjeta Ultra Zeus', 6000, null, 7),
(593, '', 'Zeus Card', 'Tarjeta Zeus', 3500, null, 7),
/**/
(594, '', 'Milk', 'Leche', 10, null, 8),
(595, '', 'Mineral water', 'Agua mineral', 20, null, 8),
(596, '', 'Sports water', 'Agua isotnica', 45, null, 8),
(597, '', 'Super water', 'Agua medicinal', 100, null, 8),
(598, '', 'Special drink', 'Bebida especial', 200, null, 8),
(599, '', 'Rice ball', 'Bola de arroz', 10, null, 8),
(600, '', 'Cookie', 'Galleta', 35, null, 8),
(601, '', 'Bar', 'Barrita', 95, null, 8),
(602, '', 'Chocolate', 'Chocolate', 190, null, 8),
(603, '', 'Special Bar', 'Barrita especial', 380, null, 8),
(604, '', 'Ramen', 'Fideos', 250, null, 8),
(605, '', 'Youth Oden', 'Pinchito supremo', 500, null, 8),
/**/
(606, '', 'Ultimate Note 1', 'Cuaderno definitivo Extracto 1', 
    null, null, 9),
(607, '', 'Ultimate Note 2', 'Cuaderno definitivo Extracto 2', 
    null, null, 9),
(608, '', 'Ultimate Note 3', 'Cuaderno definitivo Extracto 3', 
    null, null, 9),
(609, '', 'Ultimate Note 4', 'Cuaderno definitivo Extracto 4', 
    null, null, 9),
(610, '', 'Ultimate Note 5', 'Cuaderno definitivo Extracto 5', 
    null, null, 9),
(611, '', 'Ultimate Note 6', 'Cuaderno definitivo Extracto 6', 
    null, null, 9),
(612, '', 'Ultimate Note 7', 'Cuaderno definitivo Extracto 7', 
    null, null, 9),
(613, '', 'Ultimate Note 8', 'Cuaderno definitivo Extracto 8', 
    null, null, 9),
(614, '', 'Ultimate Note 9', 'Cuaderno definitivo Extracto 9', 
    null, null, 9),
(615, '', 'Ultimate Note 10', 'Cuaderno definitivo Extracto 10', 
    null, null, 9),
(616, '', 'Ultimate Note 11', 'Cuaderno definitivo Extracto 11', 
    null, null, 9),
/**/
(617, '', 'Raimon Kit', 'Equipo Raimon', null, null, 10),
(618, '', 'Royal Kit', 'Equipo Royal', null, null, 10),
(619, '', 'Occult Kit', 'Equipo Occult', null, null, 10),
(620, '', 'Wild Kit', 'Equipo Wild', null, null, 10),
(621, '', 'Brain Kit', 'Equipo Brain', null, null, 10),
(622, '', 'Otaku Kit', 'Equipo Otaku', null, null, 10),
(623, '', 'Shuriken Kit', 'Equipo Shuriken', null, null, 10),
(624, '', 'Farm Kit', 'Equipo Farm', null, null, 10),
(625, '', 'Kirkwood Kit', 'Equipo Kirkwood', null, null, 10),
(626, '', 'Zeus Kit', 'Equipo Zeus', null, null, 10),
(627, 'KFC', 'Kids Kit', 'Equipo Kids FC', null, null, 10),
(628, '', 'Umbrella Kit', 'Equipo Umbrella', null, null, 10),
(629, '', 'Old School', 'Vieja Escuela', null, null, 10),
(630, '', 'Sallys Kit', 'Equipo Sallys', null, null, 10),
(631, '', 'Gemini Kit', 'Equipo Gminis', 1000, null, 10),
(632, '', 'Epsilon Kit', 'Equipo psilon', 1200, null, 10),
(633, '', 'Genesis Kit', 'Equipo Gnesis', 1500, null, 10),
(634, 'SP', 'Secret Service Kit', 'Equipo Servicio Secreto', null, null, 10),
(635, '', 'Alpine Kit', 'Equipo Alpino', null, null, 10),
(636, '', 'Cloister Kit', 'Equipo Claustro', null, null, 10),
(637, '', 'Royal Academy Redux Kit', 'Equipo Royal Academy Redux', null, null, 10),
(638, '', 'Fauxshore Kit', 'Equipo Fauxshore', null, null, 10),
(639, '', 'Mary Times Kit', 'Equipo Mary Times', null, null, 10),
(640, 'E', 'Dark Emperors Kit', 'Equipo Emperadores Oscuros', null, null, 10),
(641, '', 'Triple C Kit', 'Equipo Triple C', null, null, 10),
(642, '', 'Robot Guards Kit', 'Equipo Robots Guardias', null, null, 10),
(643, '', 'Prominence Kit', 'Equipo Prominence', null, null, 10),
(644, 'D', 'Diamond Dust Kit', 'Equipo Polvo de Diamantes', null, null, 10),
(645, '', 'Chaos Kit', 'Equipo Caos', 2000, null, 10),
(646, 'J', 'Inazuma Japan Kit', 'Equipo Inazuma Japn', null, null, 10),
(647, '', 'Big Waves Kit', 'Equipo Big Waves', null, null, 10),
(648, '', 'Desert Lions Kit', 'Equipo Leones del Desierto', null, null, 10),
(649, '', 'Neo Japan Kit', 'Equipo Neo Japn', null, null, 10),
(650, 'F', 'Fire Dragon Kit', 'Equipo Dragones de Fuego', null, null, 10),
(651, 'KOQ', 'Knights of Queen Kit', 'Equipo Knights of Queen', null, null, 10),
(652, 'Ks', 'Team D Kit', 'Equipo D', null, null, 10),
(653, '', 'The Empire Kit', 'Equipo Emperadores', null, null, 10),
(654, '', 'Unicorn Kit', 'Equipo Unicorn', null, null, 10),
(655, '', 'Orpheus Kit', 'Equipo Orfeo', null, null, 10),
(656, '', 'Zoolan Kit', 'Equipo Zoolan', null, null, 10),
(657, '', 'The Kingdom Kit', 'Equipo Os Reis', null, null, 10),
(658, 'L', 'Little Gigant Kit', 'Equipo Pequeos Gigantes', null, null, 10),
(659, 'R', 'Rose Griffons Kit', 'Equipo Grifos de la Rosa', null, null, 10),
(660, '', 'Red Matador Kit', 'Equipo Los Rojos', null, null, 10),
(661, '', 'Brocken Brigade Kit', 'Equipo Brocken Brigade', null, null, 10),
(662, 'G', 'The Cape Crusaders Kit', 'Equipo Caimanes del Cabo', null, null, 10),
(663, '', 'Sky Team Kit', 'Equipo Sky Team', null, null, 10),
(664, '', 'Dark Team Kit', 'Equipo Dark Team', null, null, 10),
(665, '', 'Dark Angels Kit', 'Equipo ngel Oscuro', null, null, 10),
(666, '', 'Ogre Kit', 'Equipo Ogro', null, null, 10),
(667, '', 'Atlantica', 'Mar Adentro', null, null, 10),
(668, '', 'Rain', 'Estelas Blancas', null, null, 10),
(669, '', 'First Star', 'Estrella Temprana', null, null, 10),
(670, '', 'Calm', 'Serenidad', null, null, 10),
(671, '', 'Thunder', 'Relmpago', null, null, 10),
(672, '', 'Firm', 'Resistente', null, null, 10),
(673, '', 'Kung-Fu', 'Kung-Fu', null, null, 10),
(674, '', 'Prince', 'Principito', null, null, 10),
(675, '', 'Relined', 'Burgus', null, null, 10),
(676, '', 'Moonlight', 'Luz de Luna', null, null, 10),
(677, '', 'Terror', 'Vileza', null, null, 10),
(678, '', 'Hard-face', 'Apabullante', null, null, 10),
(679, '', 'Card Kit', 'Equipo Tarjetero', null, null, 10),
(680, '', 'Chelly', 'Favorecedor', null, null, 10),
(681, '', 'Naive', 'Pureza', null, null, 10),
(682, '', 'Passion', 'Pura Pasin', null, null, 10),
(683, '', 'Gentleman', 'Seorito', null, null, 10),
(684, '', 'Symmetry', 'Simtrico', null, null, 10),
(685, '', 'Skull', 'Calavera', null, null, 10),
(686, '', 'Stripe', 'Barras', null, null, 10),
(687, '', 'Stripe 2', 'Barras 2.0', null, null, 10),
(688, '', 'Stream', 'Meteoro', null, null, 10),
(689, '', 'Space', 'Espacio Exterior', null, null, 10),
(690, '', 'Spot', 'De Lunares', null, null, 10),
(691, '', 'Smart', 'Pura Elegancia', null, null, 10),
(692, '', 'Tri Star', 'Triestela', null, null, 10),
(693, '', 'Sailor', 'Marinero', null, null, 10),
(694, '', 'Zebra', 'Cebreado', null, null, 10),
(695, '', 'Soldier', 'Guerrero', null, null, 10),
(696, '', 'Tight-pop', 'Cinturita de Avispa', null, null, 10),
(697, '', 'Techno', 'Tecnomana', null, null, 10),
(698, '', 'Legendary', 'Leyenda', null, null, 10),
(699, '', 'Mettle', 'Espritu Luchador', null, null, 10),
(700, '', 'Tricolor', 'Tricolor', null, null, 10),
(701, '', 'High-sleeve', 'Fibra de Carbono', null, null, 10),
(702, '', 'Inspirate', 'Perspicacia', null, null, 10),
(703, '', 'Fang', 'Incisivo', null, null, 10),
(704, '', 'V-sign', 'Victoria', null, null, 10),
(705, '', 'Future', 'Futurista', null, null, 10),
(706, '', 'Frog', 'Rana', null, null, 10),
(707, '', 'Flame', 'La Llama', null, null, 10),
(708, '', 'Horizon', 'El Horizonte', null, null, 10),
(709, '', 'Martial', 'Mariscal', null, null, 10),
(710, '', 'Multi-use', 'Multiusos', null, null, 10),
(711, '', 'Friendly', 'Amistad Entraable', null, null, 10),
(712, '', 'Sunset', 'Sol Poniente', null, null, 10),
(713, '', 'Rising', 'Aspirante', null, null, 10),
(714, '', 'Rider', 'Motero', null, null, 10),
(715, '', 'Retro', 'Retro', null, null, 10),
/**/
(716, '', 'Sky\'s the Limit', 'Cielo Infinito', null, null, 11),
(717, '', 'Trapdance', 'Contradanza Ofensiva', null, null, 11),
(718, '', 'Dual Typhoon', 'Tifones Gemelos', null, null, 11),
(719, '', 'Full Moon Formation', 'Ataque de la Media Luna', null, null, 11),
(720, '', 'Invincible Lance', 'Lanza Invencible', null, null, 11),
(721, '', 'Rolling Thunder', 'Trueno Rodante', null, null, 11),
(722, '', 'Royal Road', 'Carretera Imperial', null, null, 11),
(723, '', 'Amazon Wave', 'Ola del Amazonas', null, null, 11),
(724, '', 'Banana Shoot', 'Banana Shoot', null, null, 11),
(725, '', 'The Tube', 'Can de Agua', null, null, 11),
(726, '', 'Box Lock ', 'Defensa en Bloque', null, null, 11),
(727, '', 'Absolute Knights', 'Caballeros Perfectos', null, null, 11),
(728, '', 'Andes Antlion', 'Trampa Andina', null, null, 11),
(729, '', 'Perfect Zone Press', 'Presin Perfecta', null, null, 11),
(730, '', 'Catenaccio Counter', 'Contra Ataque Catenacchio', null, null, 11),
(731, '', 'Circular Drive', 'Impulso Circular', null, null, 11),
(732, '', 'Ghost Lock', 'Bloqueo Espectral', null, null, 11),
(733, '', 'Godspeed', 'Rayo Luminoso ', null, null, 11),
(734, '', 'Dark Thunder', 'Trueno Oscuro', null, null, 11),
(735, '', 'Fast Forward', 'Aceleracin', null, null, 11),
(736, '', 'Slow-Mo', 'Deceleracin', null, null, 11),
/**/
(737, 'F-', 'F-Basic', 'Diamante', null, null, 12),
(738, 'F-', 'F-Branzel', 'ngel Oscuro', null, null, 12),
(739, 'F-D', 'F-D Emperor', 'Emperadores Oscuros', null, null, 12),
(740, 'F-', 'F-Big Wave', 'Big Waves', null, null, 12),
(741, 'F-D', 'F-D Lion', 'Leones del Desierto', null, null, 12),
(742, 'F-', 'F-Knights', 'Knights of Queen', null, null, 12),
(743, 'F-', 'F-Empire', 'Emperadores', null, null, 12),
(744, 'F-', 'F-Unicorn', 'Unicorn', null, null, 12),
(745, 'F-', 'F-Assassin', 'Guadaa', null, null, 12),
(746, 'F-', 'F-Little Gigant', 'Pequeos Gigantes', null, null, 12),
(747, 'F-', 'F-Eiffel', 'Grifos de la Rosa', null, null, 12),
(748, 'F-', 'F-Death Zone', 'Zona muerta', null, null, 12),
(749, 'F-', 'F-Death Zone 2', 'Zona muerta 2', null, null, 12),
(750, 'F-', 'F-Double Dog', 'Can doble', null, null, 12),
(751, 'F-', 'F-Aegis', 'Aegis', null, null, 12),
(752, 'F-', 'F-Pandemonium', 'Pandemonio', null, null, 12),
(753, 'F-', 'F-Gemini', 'Gminis', null, null, 12),
(754, 'F-', 'F-Genesis', 'Gnesis', null, null, 12),
(755, 'F-', 'F-Chaos', 'Caos', null, null, 12),
(756, 'F-KAGE', 'F-KAGE', 'Oscuridad', null, null, 12),
(757, 'F-', 'F-Orpheus', 'Orfeo', null, null, 12),
(758, 'F-', 'F-Ogre', 'Ogro', null, null, 12),
(759, 'F-', 'F-Ghost Dance', 'Flecha espectral', null, null, 12),
(760, 'F-', 'F-Wild Park', 'Jungla', null, null, 12),
(761, 'F-GRID442', 'F-GRID442', 'Reja', null, null, 12),
(762, 'F-', 'F-Pantheon', 'Panten', null, null, 12),
(763, 'F-', 'F-Blitz', 'Brocken Brigade', null, null, 12),
(764, 'F-', 'F-Kakuyoku no Jin', 'Alas de grulla', null, null, 12),
(765, 'F-5', 'F-Super5', 'Pirmide', null, null, 12),
(766, 'F-', 'F-Mugen no Kabe', 'rbol de Navidad', null, null, 12),
(767, 'F-', 'F-Mukata March', 'Ataque trillizo', null, null, 12),
(768, 'F-', 'F-Three Top', 'Tridente', null, null, 12),
(769, 'F-', 'F-Kingdom', 'Os Reis', null, null, 12),
(770, 'F-F', 'F-F Dragon', 'Dragones de Fuego', null, null, 12),
(771, 'F-', 'F-Phoenix', 'Vuelo del Fnix', null, null, 12),
(772, 'F-', 'F-Butterfly', 'Doble W', null, null, 12),
(773, 'F-', 'F-Heaven\'s Gate', 'Puerta al cielo', null, null, 12),
(774, 'F-', 'F-Matador', 'Los Rojos', null, null, 12),
(775, 'F-', 'F-Phalanx', 'Ancla', null, null, 12),
(776, 'F-', 'F-Epsilon', 'psilon', null, null, 12),
(777, 'F-', 'F-Dot Prison', 'Doble M', null, null, 12),
(778, 'F-', 'F-Bow & Arrow', 'Pala', null, null, 12),
(779, 'F-', 'F-Middle Block', 'Autobs', null, null, 12),
(780, 'F-NEO', 'F-NEO', 'Neo', null, null, 12),
(781, 'F-', 'F-Bread', 'Caimanes del Cabo', null, null, 12),
(782, 'B-', 'B-Basic', 'Tirachinas', null, null, 12),
(783, 'B-', 'B-Flat Back', 'En lnea', null, null, 12),
(784, 'B-', 'B-Attacker', 'Incursin', null, null, 12),
(785, 'B-', 'B-Breakthrough', 'Kamikaze', null, null, 12),
(786, 'B-', 'B-Pressure', 'Cerrojo', null, null, 12),
(787, 'B-', 'B-Slash', 'Diagonal', null, null, 12),
(788, 'B-', 'B-Right Wing', 'Ala derecha', null, null, 12),
(789, 'B-', 'B-Train', 'Torre', null, null, 12),
(790, 'B-', 'B-Triangle', 'Pachanga total', null, null, 12),
(791, 'B-', 'B-Lance', 'Lanza', null, null, 12),
/*misc*/
(792, '', 'Helio', 'Helio', null, null, 4);

insert into tactic_type (
    tactic_type_id,
    tactic_type_name_ja,
    tactic_type_name_en,
    tactic_type_name_es) values 
(1, '', 'Att.', 'At.'),
(2, '', 'Def.', 'Def.'),
(3, '', 'A/D', 'A/D'),
(4, '', 'Kick', 'Tiro');

insert into tactic_side (
    tactic_side_id,
    tactic_side_name_ja,
    tactic_side_name_en,
    tactic_side_name_es) values
(1, '', 'Own half only', 'Solo en campo propio'),
(2, '', 'Opposition half only', 'Solo en campo contrario'),
(3, '', 'Either half', 'Ambos campos'),
(4, 'FKCK', 'Free kick/corner kick only', 'Saque de falta o de crner');

insert into item_tactic (
    item_tactic_id,
    item_tactic_ttp,
    item_tactic_power,
    item_tactic_effect_ja,
    item_tactic_effect_en,
    item_tactic_effect_es,
    tactic_type_id,
    tactic_side_id) values
(716, 40, 20, '()', 'A simple tactic using high passing to bring the ball to the centre of the pitch.', 'Alcanza la portera sin dejar caer la pelota.', 1, 1),
(717, 40, 35, '()', 'Stuns 4 nearby opponents.', 'Deja extenuados a 4 rivales cercanos.', 1, 2),
(718, 45, 28, '', 'Forms twin twisters to carry the ball forward.', 'brete paso con dos tifones imparables.', 1, 1),
(719, 50, 35, '7', 'Seven players carry the ball forward.', 'Genera un taladro de arena imparable.', 1, 1),
(720, 50, 40, '4', 'Four players carry the ball forward.', 'Avanza con una formacin en punta de lanza.', 1, 1),
(721, 50, 24, '4', 'Blast forward like a four-man thunderstorm.', 'Tormenta de disparos con cuatro jugadores.', 1, 3),
(722, 50, 28, '', 'Clear the way for a red carpet route to goal.', 'Despeja la senda hasta el rea del adversario.', 1, 3),
(723, 55, 38, '', 'Flood forward in a stunning surge.', 'brete camino con una ola descomunal.', 1, 1),
(724, 40, 60, '', 'Bend it like a banana.', 'Chuta el baln con efecto como un pltano.', 4, 4),
(725, 40, 67, '', 'A gnarly curve shot that rides the waves.', 'Chuta el baln con efecto como una ola.', 4, 4),
(726, 40, 40, '4', 'Four players mark their opponent in a circle to get the ball in a moment.', 'Cuatro jugadores rodean al rival en forma de cuadrado.', 2, 1),
(727, 40, 25, '', 'Strike in succession to reclaim the ball.', 'Apodrate del esfrico en fila india.', 2, 3),
(728, 50, 45, '', 'Lure the enemy in,  then steal the ball.', 'Recupera el esfrico con una trampa de arena.', 2, 1),
(729, 50, 35, '', 'Steal the ball with a cyclone of fire.', 'Roba ek baln con una espiral incandescente.', 2, 3),
(730, 55, 36, '', 'This shock move turns a tackle into an attack.', 'Desconcierta al rival con un contraataque.', 2, 1),
(731, 60, 33, '', 'An eight-man cyclone forces the enemy back.', 'Detn al contrario con la fuerza de un cicln.', 2, 1),
(732, 60, 20, '', 'Supernatural forces stop all enemy movement.', 'Inmoviliza al enemigo con poderes hipnticos.', 3, 3),
(733, 60, 18, '', 'Call down a divine light to increase your team\'s speed for ten seconds.', 'La velocidad de todos los jugadores del equipo aumentara temporalmente.', 3, 3),
(734, 60, 18, '', 'Slow the enemy with a flash of black lightning.', 'Ralentiza a todos los jugadores contrarios por un tiempo.', 3, 3),
(735, 65, 18, '', 'Briefly speeds up match time.', 'Acelera el tiempo durante unos instantes.', 3, 3),
(736, 65, 18, '', 'Briefly slows down match time.', 'Ralentiza el tiempo durante unos instantes.', 3, 3);

insert into equipment_type (
    equipment_type_id,
    equipment_type_name_ja,
    equipment_type_name_en,
    equipment_type_name_es) values
(1, '', 'Shoes', 'Botas'),
(2, '', 'Gloves', 'Guantes'),
(3, '', 'Accessories', 'Accesorios');

insert into item_equipment (
    item_equipment_id,
    equipment_type_id) values
(379, 1),
(380, 1),
(381, 1),
(382, 1),
(383, 1),
(384, 1),
(385, 1),
(386, 1),
(387, 1),
(388, 1),
(389, 1),
(390, 1),
(391, 1),
(392, 1),
(393, 1),
(394, 1),
(395, 1),
(396, 1),
(397, 1),
(398, 1),
(399, 1),
(400, 1),
(401, 1),
(402, 1),
(403, 1),
(404, 1),
(405, 1),
(406, 1),
(407, 1),
(408, 1),
(409, 1),
(410, 1),
(411, 1),
(412, 1),
(413, 1),
(414, 1),
(415, 1),
(416, 1),
(417, 1),
(418, 1),
(419, 1),
(420, 1),
(421, 1),
(422, 1),
(423, 1),
(424, 1),
(425, 1),
(426, 1),
(427, 1),
(428, 1),
(429, 1),
(430, 1),
(431, 1),
(432, 1),
(433, 1),
(434, 1),
(435, 1),
(436, 1),
(437, 1),
(438, 1),
(439, 1),
(440, 1),
(441, 1),
(442, 1),
(443, 1),
(444, 1),
(445, 1),
(446, 1),
(447, 1),
(448, 1),
(449, 1),
(450, 1),
(451, 1),
(452, 1),
(453, 1),
(454, 1),
(455, 2),
(456, 2),
(457, 2),
(458, 2),
(459, 2),
(460, 2),
(461, 2),
(462, 2),
(463, 2),
(464, 2),
(465, 2),
(466, 2),
(467, 2),
(468, 2),
(469, 2),
(470, 2),
(471, 2),
(472, 2),
(473, 2),
(474, 2),
(475, 2),
(476, 2),
(477, 2),
(478, 2),
(479, 2),
(480, 2),
(481, 2),
(482, 2),
(483, 2),
(484, 2),
(485, 2),
(486, 2),
(487, 2),
(488, 2),
(489, 2),
(490, 2),
(491, 2),
(492, 2),
(493, 2),
(494, 2),
(495, 2),
(496, 2),
(497, 2),
(498, 2),
(499, 2),
(500, 2),
(501, 2),
(502, 2),
(503, 2),
(504, 2),
(505, 2),
(506, 2),
(507, 2),
(508, 2),
(509, 2),
(510, 2),
(511, 2),
(512, 2),
(513, 2),
(514, 2),
(515, 2),
(516, 2),
(517, 2),
(518, 2),
(519, 2),
(520, 3),
(521, 3),
(522, 3),
(523, 3),
(524, 3),
(525, 3),
(526, 3),
(527, 3),
(528, 3),
(529, 3),
(530, 3),
(531, 3),
(532, 3),
(533, 3),
(534, 3),
(535, 3),
(536, 3),
(537, 3),
(538, 3),
(539, 3),
(540, 3),
(541, 3),
(542, 3),
(543, 3),
(544, 3),
(545, 3),
(546, 3),
(547, 3),
(548, 3),
(549, 3),
(550, 3),
(551, 3),
(552, 3);

insert into item_currency (
    item_currency_id,
    item_currency_carry_limit) values
(553, 999999),
(554, 999999),
(555, null),
(556, 99),
(557, 99),
(558, 99),
(559, 99);

insert into item_reward_player (
    item_reward_player_id,
    player_id) values
(560, 866),
(561, 1348),
(562, 1027),
(563, 1269),
(564, 282),
(565, 416),
(792, 1586);

insert into item_map (
    item_map_id,
    zone_id) values
(566, 8),
(567, 4),
(568, 9),
(569, 5),
(570, 159);

insert into item_key (
    item_key_id,
    zone_id) values
(571, 113),
(572, 117),
(573, 175),
(574, 253),
(575, 24),
(576, 119),
(577, 256),
(578, 251);

insert into item_recovery (
    item_recovery_id,
    item_recovery_gp,
    item_recovery_tp) values
(594, 15, null),
(595, 25, null),
(596, 45, null),
(597, 70, null),
(598, -1, null),
(599, null, 15),
(600, null, 25),
(601, null, 50),
(602, null, 75),
(603, null, -1),
(604, 45, 45),
(605, -1, -1);

insert into item_ultimate_note (
    item_ultimate_note_id,
    item_ultimate_note_order) values
(606, 1),
(607, 2),
(608, 3),
(609, 4),
(610, 5),
(611, 6),
(612, 7),
(613, 8),
(614, 9),
(615, 10),
(616, 11);

insert into item_wear (
    item_wear_id,
    item_wear_hex) values
(617, 'e6c739'),
(618, '204128'),
(619, '43385b'),
(620, '296131'),
(621, 'efd2a3'),
(622, '15617a'),
(623, '5b415a'),
(624, 'a37804'),
(625, 'b20000'),
(626, 'c3c3bb'),
(627, 'd41315'),
(628, 'b3dbdc'),
(629, '42384b'),
(630, 'ffc200'),
(631, '5a4943'),
(632, 'a3000d'),
(633, 'a39abb'),
(634, '0e0c0e'),
(635, 'f7f7d4'),
(636, 'f68b17'),
(637, '314839'),
(638, '159af8'),
(639, '219993'),
(640, '0b2042'),
(641, 'e98fb9'),
(642, 'a4929b'),
(643, 'd92f1e'),
(644, '3168a3'),
(645, '6c484f'),
(646, '188ee4'),
(647, 'f9d27a'),
(648, '680415'),
(649, 'a4a2aa'),
(650, 'd31406'),
(651, 'f0e6dc'),
(652, '48697a'),
(653, '83a2cc'),
(654, 'c5aa9b'),
(655, '4b68a5'),
(656, '4a494a'),
(657, 'fec901'),
(658, '5ab292'),
(659, '153999'),
(660, 'e84014'),
(661, '252d31'),
(662, '208a5a'),
(663, 'e8dbe6'),
(664, '48464a'),
(665, 'e86913'),
(666, 'a30004'),
(667, '28009f'),
(668, '64a283'),
(669, '0d9013'),
(670, '524142'),
(671, 'cb2f0e'),
(672, 'bba900'),
(673, 'b50004'),
(674, '81370c'),
(675, '0d4121'),
(676, '092f73'),
(677, '504f7b'),
(678, '157014'),
(679, 'dc0c06'),
(680, 'e8d321'),
(681, '9c689f'),
(682, '583910'),
(683, '314839'),
(684, '137700'),
(685, 'c2bfb9'),
(686, '0040a8'),
(687, 'e2000d'),
(688, '259a65'),
(689, '8b7ac6'),
(690, 'e70021'),
(691, 'b336d8'),
(692, '394156'),
(693, '8db1a8'),
(694, 'f0f1f2'),
(695, 'ec0306'),
(696, 'b92952'),
(697, '64ad6c'),
(698, '312f31'),
(699, '312f31'),
(700, '013d95'),
(701, '9c1414'),
(702, '9c1414'),
(703, '3159bb'),
(704, 'ddc403'),
(705, '0468fa'),
(706, '9cc64a'),
(707, 'a90c00'),
(708, '063ff3'),
(709, 'f4b205'),
(710, 'ee591e'),
(711, 'a9230a'),
(712, 'dc7021'),
(713, 'dc7021'),
(714, '15121f'),
(715, 'bbb2ac');

insert into npc (
    npc_id,
    npc_name_ja,
    npc_name_en,
    npc_name_es,
    zone_id) values
/*start-route*/
(1, ' ', 'Mr. Firewill', 'Sr. Firewill', 105),
(2, '', 'Robot', 'Robot', 111),
(3, '', 'Machine', 'Robot', 115),
(4, '', 'Lina', 'Lina', 175),
(5, '', 'Raimon', 'Raimon', 110),
(6, '', 'David', 'David', 245),
(7, '', 'Robot', 'Robot', 108),
(8, '', 'Smith', 'Smith', 114),
(9, '', 'Julia', 'Julia', 118),
(10, '', 'Lizzy', 'Lizzy', 190),
/*start-match*/
(11, '', 'Farm', 'Jugador del Farm', 100),
(12, '', 'Artic', 'Artic', 159),
(13, '', 'Igajima', 'Igajima', 130),
(14, '', 'Umbrella player', 'Jugador del Umbrella', 131),
(15, '', 'Coach', 'Entrenador', 171),
(16, '', 'Wild player', 'Jugador del Wild', 162),
(17, ' ', 'Brain player', 'Jugador del Brain', 137),
(18, '', 'Coach', 'Entrenador', 150),
(19, '', 'Occult player', 'Jugador del Occult', 155),
(20, '', 'Cloister Divinity player', 'Jugador del Claustro Sagrado', 161),
(21, '', 'Royal Academy player', 'Jugador de la Royal Academy', 133),
(22, '', 'Principal', 'Director', 165),
(23, '', 'Kirkwood player', 'Jugador del Kirkwood', 174),
(24, '', 'Robot', 'Robot', 180),
(25, '', 'Robot', 'Robot', 134),
(26, '', 'Robot', 'Robot', 173),
(27, '', 'Robot', 'Robot', 247),
(28, '', 'Robot', 'Robot', 258),
(29, '', 'Robot', 'Robot', 242),
(30, '', 'Robot', 'Robot', 144),
(31, '', 'Robot', 'Robot', 213),
(32, '', 'Robot', 'Robot', 213),
(33, '', 'Robot', 'Robot', 206),
(34, '', 'Robot', 'Robot', 206);

/*
chest
*/

/*
item_sold_at_stor
*/
source /home/alejandro/Desktop/projects/choujigen3mysql/sql/procfunc/proc_insert_stor_item.sql

/*
player_found_at_zone
*/

insert into equipment_strengthens_stat (
    item_equipment_id,
    stat_id,
    amount) values
(381, 7, 2),
(382, 7, 3),
(383, 7, 3),
(384, 7, 4),
(385, 7, 4),
(386, 7, 5),
(387, 7, 5),
(388, 7, 6),
(389, 7, 6),
(390, 7, 6),
(391, 7, 6),
(392, 7, 7),
(393, 7, 7),
(394, 7, 7),
(395, 7, 8),
(396, 7, 8),
(397, 7, 9),
(398, 7, 9),
(399, 7, 9),
(400, 7, 10),
(401, 7, 10),
(402, 7, 10),
(403, 7, 10),
(404, 7, 10),
(405, 7, 10),
(406, 7, 10),
(407, 7, 12),
(408, 7, 13),
(409, 7, 13),
(410, 7, 15),
(411, 7, 16),
(412, 7, 16),
(413, 7, 17),
(414, 7, 18),
(415, 3, 1),
(416, 3, 1),
(417, 3, 2),
(418, 3, 2),
(419, 3, 2),
(420, 3, 3),
(421, 3, 3),
(422, 3, 3),
(423, 3, 4),
(424, 3, 4),
(425, 3, 5),
(426, 3, 5),
(427, 3, 6),
(428, 3, 6),
(429, 3, 7),
(430, 3, 7),
(431, 3, 7),
(432, 3, 7),
(433, 3, 8),
(434, 3, 8),
(435, 3, 9),
(436, 3, 9),
(437, 3, 9),
(438, 3, 10),
(439, 3, 10),
(440, 3, 10),
(441, 3, 10),
(442, 3, 10),
(443, 3, 10),
(444, 3, 11),
(445, 3, 11),
(446, 3, 12),
(447, 3, 13),
(448, 3, 14),
(449, 3, 14),
(450, 3, 16),
(451, 3, 17),
(452, 3, 17),
(453, 3, 18),
(454, 3, 18),
(455, 6, 0),
(456, 6, 1),
(457, 6, 1),
(458, 6, 2),
(459, 6, 2),
(460, 6, 2),
(461, 6, 2),
(462, 6, 2),
(463, 6, 2),
(464, 6, 3),
(465, 6, 3),
(466, 6, 3),
(467, 6, 3),
(468, 6, 3),
(469, 6, 4),
(470, 6, 4),
(471, 6, 4),
(472, 6, 5),
(473, 6, 5),
(474, 6, 5),
(475, 6, 5),
(476, 6, 5),
(477, 6, 6),
(478, 6, 6),
(479, 6, 6),
(480, 6, 6),
(481, 6, 7),
(482, 6, 7),
(483, 6, 7),
(484, 6, 7),
(485, 6, 7),
(486, 6, 7),
(487, 6, 8),
(488, 6, 8),
(489, 6, 8),
(490, 6, 8),
(491, 6, 9),
(492, 6, 9),
(493, 6, 9),
(494, 6, 10),
(495, 6, 10),
(496, 6, 10),
(497, 6, 11),
(498, 6, 12),
(499, 6, 12),
(500, 6, 12),
(501, 6, 13),
(502, 6, 13),
(503, 6, 14),
(504, 6, 14),
(505, 6, 14),
(506, 6, 15),
(507, 6, 15),
(508, 6, 15),
(509, 6, 15),
(510, 6, 15),
(511, 6, 15),
(512, 6, 16),
(513, 6, 16),
(514, 6, 17),
(515, 6, 17),
(516, 6, 17),
(517, 6, 17),
(518, 6, 18),
(519, 6, 18),
(520, 9, 1),
(521, 9, 2),
(522, 9, 3),
(523, 9, 4),
(524, 9, 5),
(525, 9, 6),
(526, 9, 7),
(527, 9, 8),
(528, 9, 9),
(529, 9, 10),
(530, 9, 12),
(531, 9, 20),
(532, 9, 2),
(533, 9, 2),
(534, 9, 2),
(535, 5, 2),
(536, 5, 3),
(537, 5, 4),
(538, 5, 5),
(539, 5, 6),
(540, 5, 8),
(541, 5, 9),
(542, 4, 6),
(542, 2, 10),
(543, 4, 12),
(544, 4, 12),
(545, 8, 12),
(546, 8, 12),
(547, 4, 3),
(548, 4, 7),
(549, 4, 15),
(550, 8, 3),
(551, 8, 7),
(552, 8, 15);

insert into catch_type (
    catch_type_id,
    catch_type_name_ja,
    catch_type_name_en,
    catch_type_name_es) values
(1, '', 'Catch', 'Atajo'),
(2, '', 'Punching', 'Despeje'),
(3, '2', 'Punching 2', 'Despeje 2');

insert into shoot_special_property (
    shoot_special_property_id,
    shoot_special_property_name_ja,
    shoot_special_property_name_en,
    shoot_special_property_name_es) values
(1, '', 'Shoot Chain', 'Tiro Encadenado'),
(2, '', 'Long Shoot', 'Tiro Largo'),
(3, '', 'Shoot Block', 'Bloqueo de tiros');

insert into hissatsu_type (
    hissatsu_type_id,
    hissatsu_type_name_ja,
    hissatsu_type_name_en,
    hissatsu_type_name_es) values
(1, '', 'Shoot', 'Tiro'),
(2, '', 'Dribble', 'Regate'),
(3, '', 'Block', 'Bloqueo'),
(4, '', 'Catch', 'Atajo'),
(5, '', 'Skill', 'Talento');

insert into growth_type (
    growth_type_id,
    growth_type_name_ja,
    growth_type_name_en,
    growth_type_name_es) values
(1, ' - ', '+1  +2', '+  ++'),
(2, 'V2 - V3', 'V2  V3', 'N2  N3'),
(3, ' (G)', 'Levels (L)', 'Grados (G)');

insert into growth_rate (
    growth_rate_id,
    growth_rate_name_ja,
    growth_rate_name_en,
    growth_rate_name_es) values
(1, '', 'Precocious', 'Precoz'),
(2, '', 'Average', 'Normal'),
(3, '', 'Late Bloomer', 'Tardo');

insert into growth_type_can_achieve_growth_rate (
    growth_type_id,
    growth_rate_id,
    additional_power,
    number_of_uses) values 
/**/
(1, 1, 8, 21),
(1, 2, 10, 27),
(1, 3, 12, 33),
/*V3*/
(2, 1, 8, 21),
(2, 2, 10, 27),
(2, 3, 12, 33),
/* 5*/
(3, 1, 14, 80),
(3, 2, 16, 90),
(3, 3, 18, 100);

source /home/alejandro/Desktop/projects/choujigen3mysql/sql/procfunc/proc_insert_hissatsu.sql

/*
item_hissatsu
hissatsu_shoot
hissatsu_shoot_can_have_shoot_special_property
hissatsu_dribble
hissatsu_block
hissatsu_catch
hissatsu_skill
hissatsu_evolves
hissatsu_designed_for_attri
hissatsu_evokes_attri
hissatsu_limited_by_gender
hissatsu_constrained_by_body_type
hissatsu_available_for_positi
*/

insert into hissatsu_helped_by_attri (
    item_hissatsu_id,
    attri_id) values
(33, 3),
(34, 3),
(72, 4),
(73, 1),
(73, 3),
(108, 1),
(111, 1),
(141, 2),
(241, 4);

insert into hissatsu_combined_with_hissatsu (
    item_hissatsu_id_base,
    item_hissatsu_id_combined) values
(23, 11),
(28, 11),
(61, 7),
(89, 77),
(98, 77),
(102, 90),
(187, 196),
(193, 165),
(241, 301);

/*
hissatsu_special_restriction
hissatsu_restricted_by_hissatsu_special_restriction

insert into hissatsu_special_restriction (
    hissatsu_special_restriction_id,
    hissatsu_special_restriction_desc_ja,
    hissatsu_special_restriction_desc_en,
    hissatsu_special_restriction_desc_es
) values
(1, 
    '', 
    'Partner is fire element', 
    'El compaero es de afinidad fuego'),
(2, 
    '', 
    'Partner is wind element', 
    'El compaero es de afinidad aire'),
(3, 
    '', 
    'Partner is mountain element', 
    'El compaero es de afinidad montaa'),
(4, 
    '', 
    'Partner is forest element', 
    'El compaero es de afinidad bosque'),
(5, 
    '', 
    'The other partners are fire and wind element', 
    'Los otros compaeros son de afinidad fuego y bosque'),
(6, 
    '', 
    'Partner knows Fire Tornado', 
    'El compaero sabe Tornado de Fuego'),
(7, 
    '', 
    'Partner knows Back Tornado', 
    'El compaero sabe Tornado Inverso'),
(8, 
    '', 
    'Partner knows Eternal Blizzard', 
    'El compaero sabe Ventisca Eterna'),
(9, 
    '', 
    'Partner knows Fireball Storm', 
    'El compaero sabe Tormenta de Fuego'),
(1, 
    '', 
    'Partner knows Super Armadillo', 
    'El compaero sabe Superarmadillo'),
(1, 
    '', 
    'Partner knows Illusion Ball', 
    'El compaero sabe Espejismo de Baln'),
(1, 
    '', 
    'Partner knows God Hand and is mountain element', 
    'El compaero sabe Mano Celestial y es de afinidad montaa');
*/

drop table if exists player_learns_hissatsu;
source /home/alejandro/Desktop/projects/choujigen3mysql/sql/player_learns_hissatsu.sql

/*
player_has_recommended_slot_hissatsu
player_has_recommended_gear_equipment
player_has_recommended_routine_tm
*/

insert into player_decrypted_with_passwd (
    player_id, 
    passwd_id ) values
(234, 1),
(1550, 2),
(1364, 3),
(482, 4),
(784, 5),
(1085, 5),
(963, 5),
(652, 5),
(1478, 6),
(740, 6),
(431, 6),
(752, 6),
(1127, 7),
(290, 7),
(1222, 7),
(653, 7),
(882, 8),
(281, 8),
(1284, 8),
(107, 8),
(917, 9),
(1428, 10),
(1396, 11),
(1396, 12),
(1396, 13),
(1396, 14),
(2077, 15),
(2077, 16),
(2077, 17),
(2077, 18),
(2077, 19),
(44, 20),
(1405, 20),
(1354, 20),
(242, 21),
(1405, 21),
(1354, 21);

insert into formation_type (
    formation_type_id,
    formation_type_name_ja,
    formation_type_name_en,
    formation_type_name_es
) values
(1, '', 'Match', 'Partido'),
(2, '', 'Random Battle', 'Pachanga');

insert into formation_scheme (
    formation_scheme_id,
    formation_scheme_name
) values
(1, '4-4-2'),
(2, '5-3-2'),
(3, '4-5-1'),
(4, '3-4-3'),
(5, '2-3-5'),
(6, '4-3-2-1'),
(7, '4-3-3'),
(8, '5-4-1'),
(9, '3-1-3-3'),
(10, '3-2-2-1-2'),
(11, '1-0-2'),
(12, '3-0-0'),
(13, '0-2-1'),
(14, '0-0-3'),
(15, '0-1-2'),
(16, '1-1-1'),
(17, '0-0-0'),
(18, '2-0-1');

insert into item_formation (
    item_formation_id,
    formation_type_id,
    formation_scheme_id,
    original_version
) values
(737, 1, 1, null), 
(738, 1, 1, 737),  
(739, 1, 1, 737),  
(740, 1, 1, 737),  
(741, 1, 1, 737),  
(742, 1, 1, 737),  
(743, 1, 1, 737),  
(744, 1, 1, 737),  
(745, 1, 1, 737),  
(746, 1, 1, 737),  
(747, 1, 1, 737),  
(748, 1, 2, null), 
(749, 1, 2, 748),  
(750, 1, 2, 748),  
(751, 1, 2, 748),  
(752, 1, 2, 748),  
(753, 1, 2, 748),  
(754, 1, 2, 748),  
(755, 1, 2, 748),  
(756, 1, 2, 748),  
(757, 1, 2, 748),  
(758, 1, 2, 748),  
(759, 1, 3, null), 
(760, 1, 4, null), 
(761, 1, 1, null), 
(762, 1, 1, 761),  
(763, 1, 1, 761),  
(764, 1, 1, null), 
(765, 1, 5, null), 
(766, 1, 6, null), 
(767, 1, 7, null), 
(768, 1, 7, 767),  
(769, 1, 7, 767),  
(770, 1, 7, 767),  
(771, 1, 7, null), 
(772, 1, 7, null),  
(773, 1, 1, null), 
(774, 1, 1, 773),  
(775, 1, 8, null), 
(776, 1, 8, 775),  
(777, 1, 4, null), 
(778, 1, 9, null), 
(779, 1, 10, null),
(780, 1, 7, null), 
(781, 1, 7, 780),  
(782, 2, 11, null),
(783, 2, 12, null),
(784, 2, 13, null),
(785, 2, 14, null),
(786, 2, 15, null),
(787, 2, 16, null),
(788, 2, 17, null),
(789, 2, 17, null),
(790, 2, 15, null),
(791, 2, 18, null);

insert into formation_organized_as_positi (
    item_formation_id,
    positi_id,
    place
) values
/*F-*/
(737, 4, 1),
(737, 3, 2),
(737, 3, 3),
(737, 3, 4),
(737, 3, 5),
(737, 1, 6),
(737, 2, 7),
(737, 2, 8),
(737, 2, 9),
(737, 1, 10),
(737, 1, 11),
/*F-*/
(748, 4, 1),
(748, 3, 2),
(748, 3, 3),
(748, 2, 4),
(748, 3, 5),
(748, 2, 6),
(748, 2, 7),
(748, 2, 8),
(748, 1, 9),
(748, 2, 10),
(748, 1, 11),
/*F-*/
(759, 4, 1),
(759, 3, 2),
(759, 3, 3),
(759, 3, 4),
(759, 3, 5),
(759, 2, 6),
(759, 1, 7),
(759, 1, 8),
(759, 2, 9),
(759, 2, 10),
(759, 1, 11),
/**/
(760, 4, 1),
(760, 2, 2),
(760, 3, 3),
(760, 3, 4),
(760, 2, 5),
(760, 1, 6),
(760, 2, 7),
(760, 2, 8),
(760, 1, 9),
(760, 1, 10),
(760, 1, 11),
/*F-GRID442*/
(761, 4, 1),
(761, 3, 2),
(761, 3, 3),
(761, 3, 4),
(761, 3, 5),
(761, 2, 6),
(761, 1, 7),
(761, 1, 8),
(761, 1, 9),
(761, 2, 10),
(761, 1, 11),
/*F-*/
(764, 4, 1),
(764, 3, 2),
(764, 3, 3),
(764, 3, 4),
(764, 3, 5),
(764, 2, 6),
(764, 1, 7),
(764, 1, 8),
(764, 1, 9),
(764, 2, 10),
(764, 1, 11),
/*F-5*/
(765, 4, 1),
(765, 3, 2),
(765, 2, 3),
(765, 2, 4),
(765, 3, 5),
(765, 1, 6),
(765, 1, 7),
(765, 2, 8),
(765, 1, 9),
(765, 1, 10),
(765, 1, 11),
/*F-*/
(766, 4, 1),
(766, 3, 2),
(766, 3, 3),
(766, 3, 4),
(766, 3, 5),
(766, 2, 6),
(766, 2, 7),
(766, 2, 8),
(766, 1, 9),
(766, 1, 10),
(766, 1, 11),
/*F-*/
(767, 4, 1),
(767, 3, 2),
(767, 3, 3),
(767, 3, 4),
(767, 3, 5),
(767, 2, 6),
(767, 2, 7),
(767, 2, 8),
(767, 1, 9),
(767, 1, 10),
(767, 1, 11),
/*F-*/
(771, 4, 1),
(771, 3, 2),
(771, 3, 3),
(771, 3, 4),
(771, 3, 5),
(771, 2, 6),
(771, 2, 7),
(771, 2, 8),
(771, 1, 9),
(771, 1, 10),
(771, 1, 11),
/*F-*/
(772, 4, 1),
(772, 3, 2),
(772, 3, 3),
(772, 3, 4),
(772, 3, 5),
(772, 2, 6),
(772, 2, 7),
(772, 2, 8),
(772, 1, 9),
(772, 1, 10),
(772, 1, 11),
/*F-*/
(773, 4, 1),
(773, 3, 2),
(773, 3, 3),
(773, 3, 4),
(773, 3, 5),
(773, 1, 6),
(773, 2, 7),
(773, 1, 8),
(773, 1, 9),
(773, 2, 10),
(773, 2, 11),
/*F-*/
(775, 4, 1),
(775, 3, 2),
(775, 3, 3),
(775, 3, 4),
(775, 3, 5),
(775, 3, 6),
(775, 1, 7),
(775, 2, 8),
(775, 1, 9),
(775, 2, 10),
(775, 1, 11),
/*F-*/
(777, 4, 1),
(777, 3, 2),
(777, 3, 3),
(777, 3, 4),
(777, 2, 5),
(777, 2, 6),
(777, 2, 7),
(777, 2, 8),
(777, 1, 9),
(777, 1, 10),
(777, 1, 11),
/*F-*/
(778, 4, 1),
(778, 3, 2),
(778, 3, 3),
(778, 3, 4),
(778, 3, 5),
(778, 2, 6),
(778, 2, 7),
(778, 2, 8),
(778, 2, 9),
(778, 1, 10),
(778, 2, 11),
/*F-*/
(779, 4, 1),
(779, 3, 2),
(779, 3, 3),
(779, 3, 4),
(779, 2, 5),
(779, 2, 6),
(779, 2, 7),
(779, 2, 8),
(779, 1, 9),
(779, 2, 10),
(779, 1, 11),
/*F-NEO*/
(780, 4, 1),
(780, 3, 2),
(780, 3, 3),
(780, 3, 4),
(780, 3, 5),
(780, 2, 6),
(780, 2, 7),
(780, 2, 8),
(780, 1, 9),
(780, 2, 10),
(780, 1, 11);

/*
SELECT
    w.item_wear_id,
    i.item_name_ja,
    i.item_name_en
FROM
    item_wear w
JOIN item i ON
    w.item_wear_id = i.item_id
*/

insert into team (
    team_id,
    team_name_ja,
    team_name_en,
    team_name_es,
    item_formation_id,
    item_wear_id
) values
/*FF*/
(1, '', 'Umbrella Junior High', 'Instituto Umbrella', 737, 628),
(2, '', 'Occult Junior High', 'Instituto Occult', 759, 619),
(3, '', 'Wild Junior High', 'Instituto Wild', 760, 620),
(4, '', 'Brainwashing Junior High', 'Instituto Brain', 761, 621),
(5, '', 'Otaku Junior High', 'Instituto Otaku', 765, 622),
(6, '', 'Royal Academy', 'Royal Academy', 748, 618),
(7, '', 'Shuriken Junior High', 'Instituto Shuriken', 764, 623),
(8, '', 'Farm Junior High', 'Instituto Farm', 766, 624),
(9, '', 'Kirkwood Junior High', 'Instituto Kirkwood', 767, 625),
(10, '', 'Zeus Junior High', 'Instituto Zeus', 773, 626),
/**/
(11, '', 'Alpine', 'Alpino', 737, 635),
(12, '', 'Cloister Divinity', 'Claustro Sagrado', 750, 636),
(13, '', 'Royal Academy Redux', 'Royal Academy Redux', 748, 637),
(14, 'CCC', 'Triple C', 'CCC de Osaka', 737, 641),
(15, '', 'Fauxshore', 'Fauxshore', 751, 638),
(16, '', 'Mary Times', 'Mary Times', 737, 639),
/**/
(17, '', 'Gemini Storm', 'Tormenta de Gminis', 753, 631),
(18, '', 'Epsilon', 'psilon', 776, 632),
(19, '', 'Advanced Epsilon', 'psilon Plus', 776, 632),
(20, '', 'Genesis', 'Gnesis', 754, 633),
(21, '', 'Robot Guards', 'Robots Guardias', 737, 642),
(22, '', 'Dark Emperors', 'Emperadores Oscuros', 739, 640),
(23, '', 'Prominence', 'Prominence', 737, 643),
(24, '', 'Diamond Dust', 'Polvo de Diamantes', 737, 644),
(25, '', 'Chaos', 'Caos', 755, 645),
/**/
(26, 'KFC', 'Inazuma Kids FC', 'Inazuma Kids FC', 748, 627),
(27, '', 'Street Sally\'s', 'Sallys', 748, 630),
(28, 'SP', 'Secret Service', 'Servicio Secreto', 737, 634),
(29, '', 'Forest Team', 'Mar de rboles', 737, 689),
(30, 'OB', 'Veterans', 'Inazuma Eleven', 751, 629),
(31, '', 'Young Inazuma', 'Jvenes Inazuma', 751, null),
/*FFI1*/
(32, '', 'Big Waves', 'Big Waves', 740, 647),
(33, '', 'Desert Lions', 'Leones del Desierto', 741, 648),
(34, '', 'Fire Dragon', 'Dragones de Fuego', 770, 650),
(35, '', 'Neo National', 'Neo Japn', 780, 649),
(36, 'K', 'Team D', 'Equipo D', 756, 652),
(37, '', 'Team Zoolan', 'Zoolan Team', 745, 656),
(38, '', 'Queen\'s Knights', 'Knights of Queen', 742, 651),
(39, '', 'The Empire', 'Los Emperadores', 743, 653),
(40, '', 'Unicorn', 'Unicorn', 744, 654),
(41, '', 'Orpheus', 'Orfeo', 757, 655),
(42, '', 'The Kingdom', 'Os Reis', 769, 657),
(43, '', 'Little Gigant', 'Pequeos Gigantes', 746, 658),
/*FFI2*/
(44, '', 'Red Matador', 'Los Rojos', 774, 660),
(45, '', 'Rose Griffons', 'Grifos de la Rosa', 747, 659),
(46, '', 'Brocken Brigade', 'Brocken Brigade', 763, 661),
(47, '', 'The Cape Crusaders', 'Caimanes del Cabo', 781, 662),
(48, '', 'Apostles from the Sky', 'Sky Team', 762, 663),
(49, 'Z', 'Devil Army Z', 'Dark Team', 752, 664),
(50, '', 'Dark Angels', 'ngel Oscuro', 738, 665),
(51, '', 'Team Ogre', 'Equipo Ogro', 758, 666),
/**/
(52, '', 'The All-Girls Allstars', 'Estrellas Femeninas', 737, 646),
(53, '', 'Asia United', 'Ases Asiticos', 749, null),
(54, '', 'Advanced Neo National', 'Neo Japn Plus', 780, 649),
(55, '', 'Fallen Zeus', 'Ultra Zeus', 773, 626),
(56, '', 'Asian Allstars', 'Astros Asiticos', 749, 650),
(57, '', 'European Allstars', 'Astros Europeos', 749, 661),
(58, 'A', 'Group A Allstars', 'Astros del Grupo A', 757, 655),
(59, '', 'South American Allstars', 'Astros Sudamericanos', 749, 653),
(60, '', 'American Allstars', 'Astros Americanos', 769, 654),
(61, 'KFC', 'Advanced Kids', 'Inazuma Kids FC Plus', 748, 627),
(62, '', 'Inazuma National', 'Inazuma Japn', 737, 646),
(63, '', 'The Doppelgangers', 'Los Impostores', 749, 695),
(64, '', 'The Woods', 'Guardabosques', 749, 678),
(65, '', 'The Mountains', 'Montaeros', 749, 684),
(66, '', 'Canny Keepers', 'Porteros Imbatibles', 749, null),
(67, '', 'Ultrasquad Omega', 'Ultrapatrulla Omega', 749, null),
(68, '', 'South America United', 'Ases Sudamericanos', 749, 657),
(69, '', 'Europe United', 'Ases Europeos', 749, 655),
(70, 'B', 'Group B Selection', 'Astros del Grupo B', 769, 658),
(71, '', 'Africa United', 'Ases Africanos', 746, 662),
(72, '', 'International United', 'Ases Internacionales', 748, 704),
(73, '', 'Flying Forwards', 'Delanteros Relmpagos', 749, null),
(74, 'CCC', 'Super Triple C', 'Sper Triple C', 751, 641),
(75, '', 'Team Canon', 'Equipo Canon', 748, 705),
(76, '', 'The Ice Queens', 'Reinas del Hielo', 749, 693),
(77, '', 'Grown-Ups', 'Equipo de Adultos', 761, 634),
(78, '', 'Inazuma Town', 'Ciudad Inazuma', 737, 671),
(79, '12', 'Under Twelves', 'Los Alevines', 737, 696),
(80, '', 'The Windies', 'Airosos', 749, 688),
(81, '', 'Mercurial Midfielders', 'Medios Sorprendentes', 749, 661),
(82, '', 'The Blastrologers', 'Astros del Firmamento', 749, 669),
(83, '', 'Neo Royal', 'Neo Royal Academy', 748, 637),
(84, 'A', 'Alius A', 'Alius A', 754, 633),
(85, 'B', 'Alius B', 'Alius B', 776, 633),
(86, '', 'Gods and Aliens', 'Divinidades y Aliengenas', 773, 685),
(87, '', 'Cutesy A', 'Chavalillas A', 737, 681),
(88, '', 'Little Team', 'Chiquis', 760, 693),
(89, '', 'The Zoo Keepers', 'Los Superadorables', 749, null),
(90, 'FF', 'FF Regional Pick B', 'Fase Previa FF B', 759, 707),
(91, 'FF', 'FF National Pick B', 'Fase Nacional FF B', 773, 695),
(92, '', 'National Team B', 'Seleccin Nacional B', 778, 704),
(93, '', 'E. Japan Orient', 'Japn Este', 749, 711),
(94, 'B', 'FFI Trials Team B', 'Pruebas de Seleccin - Equipo B', 749, 646),
(95, '', 'Raimon I', 'Raimon 1', 737, 617),
(96, '', 'Real Alius', 'Atltico Alius', 754, 633),
(97, '', 'Dark\'s All Stars', 'Ray Dark All Stars', 748, 618),
(98, '', 'Chaos Returns', 'Nuevo Caos', 737, 645),
(99, '', 'Piston Berryz', 'Dorremifagol', 749, 702),
(100, '', 'The Gangs of Four', 'Los Cuatro Magnficos', 770, 713),
(101, '', 'The Card', 'Tarjeteros', 749, 640),
(102, '', 'Champions', 'Los Campeones', 777, 705),
(103, '10', 'Inazuma 10', 'Ases del Inazuma 3', 749, 671),
(104, '', 'International Allstars', 'Seleccin Mundial', 749, 658),
/*rank1*/
(105, '', 'Herds of Nerds', 'Horda de Frikis', 765, 697),
(106, '', 'Baseball All Stars', 'Los Chicos del Bate', 749, 694),
(107, '', 'The Motor Toters', 'Fundidores del Asfalto', 749, 714),
(108, 'FF', 'FF Regional Pick A', 'Fase Previa FF A', 759, 707),
/*rank2*/
(109, '', 'Super Otaku', 'Sper Otaku', 765, 681),
(110, '', 'Old Kirkwood', 'Antiguo Kirkwood', 767, 625),
(111, '', 'Raimon Subs A', 'Ultra Raimon A', 737, 617),
(112, '', 'W. Japan Wednesday', 'Japn Oeste', 749, 638),
(113, '1', 'Benchers 1', 'Chupabanquillos 1', 775, 667),
(114, '2', 'Benchers 2', 'Chupabanquillos 2', 765, 667),
(115, '3', 'Benchers 3', 'Chupabanquillos 3', 778, 667),
/*rank3*/
(116, '', 'Glasses B', 'Gafitas B', 761, 706),
(117, '4', 'Benchers 4', 'Chupabanquillos 4', 737, 667),
(118, '5', 'Benchers 5', 'Chupabanquillos 5', 737, 667),
(119, '6', 'Benchers 6', 'Chupabanquillos 6', 737, 667),
(120, '', 'The Ninja Infringers', 'Ninjas a Gog', 764, 623),
(121, '', 'Raimon II', 'Raimon II', 777, 617),
(122, '', 'Front And Back Kings A', 'Royal Claustro A', 778, 703),
(123, '', 'Foreign Students', 'Alumnos de Intercambio', 765, 712),
/*rank4*/
/*rank5*/
(124, '', 'Glasses A', 'Gafitas A', 761, 706),
(125, '', 'Cutesy B', 'Chavalillas B', 737, 681),
(126, '', 'The Fanboy Favourites', 'Mangapichichis', 737, 681),
(127, '', 'Masked Men A', 'Enmascarados A', 737, 697),
(128, '', 'The Clown Princes', 'Los Payasetes', 748, 697),
(129, '', 'The Munchkins', 'Las Peques', 737, 693),
(130, '', 'The Baldboys', 'Los Cabezahuevo', 767, 636),
(131, '', 'The Zing Dynasty', 'Estrellas de China', 749, 673),
(132, '', 'The Hard Headers', 'Los Cara Oculta', 761, 651),
(133, '', 'Allstar Supernova', 'El Equipo Definitivo', 768, 671),
/*rank6*/
(134, '', 'The Space Cadets', 'Cadetes Espaciales', 753, 631),
(135, '', 'The Dork Emperors', 'Memos Imperiales', 739, 640),
(136, '', 'Gaia', 'Gaia', 775, 633),
(137, '', 'The Completionists', 'Equipo de Ensueo', 737, 709),
/*rank7*/
(138, 'FF', 'FF National Pick A', 'Fase Nacional FF A', 764, 695),
(139, '', 'The Stonewall Stylers', 'Los Calebmanacos', 748, 685),
(140, '', 'Brawn to Be Wild', 'Los Supermachos', 749, 677),
(141, '', 'The Wrong Crowd', 'Los Chungoleadores', 749, 678),
(142, '', 'The Cutie-Pies', 'Las Guapetonas', 737, null),
(143, '', 'The Taskmaskers', 'Enmascarados Osados', 760, 675),
/*rank8*/
(144, '', 'The Ghoul Hangers', 'Los Goles Fantasma', 765, 685),
(145, '', 'La Crme de la Crme', 'Los Caviar', 747, 675),
(146, '', 'The Ugly Muggers', 'Los Preciosos', 758, 666),
(147, '', 'The Gentle Giants', 'Gigantes Bondadosos', 764, 672),
(148, '', 'Ctes du Raimon', 'Raimon Costaleo', 746, 617),
/*rank9*/
(149, '', 'Doughty Defenders', 'Defensas Adamantinos', 749, 711),
(150, '', 'The Fantasistas', 'Criaturas Legendarias', 752, 700),
(151, '', 'The Belters', 'Las Voces de Oro', 777, 670),
(152, '', 'The Kaleidoscopes', 'Los Caleidoscopios', 737, 692),
(153, '', 'Balls of Fire', 'Balones Ardientes', 772, 707),
(154, '', 'Liquid Football', 'Ftbol Lquido', 759, 688),
(155, '', 'The Absolute Legends', 'Leyendas de Antao', 773, 698),
/*rank10*/
(156, '', 'Level Flyve', 'Level Flyve', 771, 649),
(157, '08', 'Inazuma 08', 'Ases de Inazuma', 737, 680),
(158, '', 'The Evans Eleven', 'Los Once de Mark', 768, null),
(159, '', 'The Cool Customers', 'Los Guays', 749,693),
(160, '', 'Neo Raimon', 'Neo Raimon', 768, 705),
/*rank11*/
(161, '', 'True International Allstars', 'Seleccin Mundial Redux', 769, 704),
(162, '09', 'Inazuma 09', 'Ases del Inazuma 2', 737, 680),
(163, '', 'The Sharp Enders', 'La Panda de Jude', 778, null),
/*rank12*/
(164, '', 'Team Syon', 'Equipo Blaze', 767, 705),
/*rank13*/
(165, '', 'Solely Goalies', 'Porteros Delanteros', 775, 702),
(166, '', 'The Bolting Beaus', 'Galanes Electrizantes', 742, 655),
(167, '', 'The Bombshells', 'Chicas Explosivas', 772, 641),
(168, '', 'The I\'maloser Eleven', 'Calamidad Eleven', 756, 706),
(169, '', 'The Foul Players', 'Los Malcarados', 779, 677),
(170, '', 'The Tiki-Taka Troupe', 'Maestros del Tiki-Taka', 778, 669),
(171, '', 'The Elementalists', 'Los Elementalistas', 769, 695),
(172, '', 'The Dribbling Sibling', 'Hermanos del Regate', 767, 625),
(173, '', 'The Penguin Emperors', 'Pinginos Emperadores', 748, 703),
(174, '', 'The 2010 Champs', 'Campeones de 2010', 774, 660),
/*rank14*/
(175, '', 'National Team A', 'Seleccin Nacional A', 772, 704),
(176, '', 'Keep it in the Family', 'Chicharros en Familia', 765, 705),
(177, '', 'The Specialists', 'Los Especialistas', 772, 634),
(178, '', 'The Dark Horses', 'Caja de Sorpresas', 748, 664),
/*rank15*/
(179, '', 'Rip Curlers Redux', 'Los Surfieras Redux', 749, 685),
/*rank16*/
(180, '', 'Blizzard Bomber', 'Ventisca Explosiva', 766, 690),
(181, '', 'Dark Angel 2', 'ngel Oscuro 2', 738, 665),
(182, '', 'The God Squad', 'Equipo Celestial', 760, 663),
(183, '', 'Chaos Angels', 'ngeles del Caos', 738, 645),
(184, '', 'The Firestorm Bolts', 'Rayo de Fuego', 765, 691),
(185, '', 'The Real Inazuma', 'Mega Inazuma Eleven', 779, 646),
/*misc*/
(186, '', 'Strange Guys', 'Sospechosos', 777, 712),
(187, '', 'The Fires', 'Ardientes', 749, 707);

source /home/alejandro/Desktop/projects/choujigen3mysql/sql/procfunc/proc_insert_team_player.sql

/*
player_is_part_of_team
player_plays_during_story_team
*/

insert into tactic_executed_by_team (
    item_tactic_id,
    team_id
) values
(719, 7), 
(716, 9), 
(717, 10),
(735, 17),
(735, 18),
(735, 19),
(735, 20),
(735, 22),
(720, 23),
(735, 23),
(727, 24),
(735, 24),
(735, 25),
(731, 30),
(731, 31),
(726, 32),
(729, 34),
(719, 35),
(732, 35),
(722, 37),
(727, 38),
(720, 38),
(728, 39),
(721, 40),
(730, 41),
(723, 42),
(731, 43),
(724, 43),
(723, 44),
(724, 44),
(724, 45),
(721, 45),
(731, 46),
(729, 47),
(733, 48),
(734, 49),
(734, 51),
(733, 51),
(729, 53),
(724, 53),
(732, 54),
(717, 55),
(736, 55),
(726, 56),
(729, 56),
(727, 58),
(724, 58),
(716, 58),
(728, 59),
(730, 59),
(721, 60),
(723, 63),
(730, 64),
(728, 65),
(724, 65),
(731, 66),
(720, 67),
(728, 68),
(730, 68),
(723, 69),
(723, 70),
(716, 72),
(716, 75),
(717, 76),
(726, 77),
(716, 78),
(735, 80),
(726, 81),
(722, 83),
(735, 84),
(735, 85),
(717, 86),
(733, 86),
(735, 88),
(728, 89),
(718, 89),
(728, 90),
(730, 91),
(725, 92),
(720, 93),
(716, 95),
(735, 96),
(733, 96),
(722, 97),
(733, 98),
(716, 100), 
(727, 101), 
(726, 101), 
(720, 102), 
(716, 103), 
(721, 104), 
(735, 105), 
(736, 105), 
(731, 106), 
(735, 107), 
(732, 108), 
(731, 109), 
(718, 110), 
(717, 111), 
(724, 116), 
(724, 120), 
(719, 120), 
(718, 122), 
(721, 123), 
(726, 126), 
(722, 126), 
(732, 128), 
(724, 131), 
(732, 132), 
(720, 132), 
(734, 134), 
(726, 135), 
(716, 135), 
(734, 137), 
(719, 138), 
(722, 139), 
(720, 140), 
(732, 142), 
(717, 143), 
(724, 144), 
(732, 144), 
(727, 145), 
(717, 145), 
(728, 147), 
(719, 147), 
(736, 147), 
(730, 149), 
(727, 150), 
(722, 150), 
(723, 151), 
(729, 151), 
(718, 153), 
(729, 153), 
(717, 154), 
(726, 155), 
(716, 155), 
(719, 156), 
(727, 159), 
(722, 159), 
(735, 162), 
(728, 163), 
(730, 163), 
(718, 164), 
(730, 165), 
(717, 166), 
(722, 166), 
(731, 167), 
(716, 167), 
(732, 169), 
(736, 169), 
(724, 170), 
(726, 170), 
(730, 170), 
(727, 171), 
(722, 171), 
(724, 172), 
(718, 172), 
(722, 173), 
(718, 175), 
(735, 177), 
(727, 178), 
(723, 178), 
(726, 178), 
(717, 179), 
(734, 180), 
(721, 180), 
(734, 181), 
(733, 181), 
(724, 182), 
(733, 182), 
(736, 182), 
(734, 183), 
(729, 184), 
(733, 184), 
(723, 185), 
(729, 185),
(736, 186),
(724, 187),
(729, 187);

insert into extra_battle_route (
    extra_battle_route_id,
    extra_battle_route_name_ja,
    extra_battle_route_name_en,
    extra_battle_route_name_es,
    npc_id
) values
(1, '', 'Mr Firewill\'s competition route', 'Cadena extra de partidos del Sr. Firewill', 1),
(2, '', 'Exhibition route', 'Cadena de amistosos', 2),
(3, '', 'Secret competition route', 'Cadena secreta de partidos', 3),
(4, ' ', 'Lina\'s hyperdimensional tournament', 'Torneo especial de Lina', 4),
(5, ' -', 'Sonny\'s hyperdimensional tournament', 'Torneo especial de Sonny', 5),
(6, '', 'David\'s hyperdimensional tournament', 'Torneo especial de David Evans', 6),
(7, '', 'Dream hyperdimensional tournament', 'Torneo especial mgico', 7),
(8, '', 'Detective Smith\'s hyperdimensional tournament', 'Torneo especial del detective Smith', 8),
(9, '', 'Jilia\'s hyperdimensional tournament', 'Torneo especial de Julia Blaze', 9),
(10, '', 'Lizzy\'s hyperdimensional tournament', 'Torneo especial de Lizzy', 10);

/*route_path_order 3  1  2 */
insert into route_path (
    route_path_id,
    route_path_order,
    extra_battle_route_id,
    reward_n,
    reward_s
) values
(1, 3, 1, 572, 560),
(2, 1, 1, 729, 561),
(3, 2, 1, 723, 731),
(4, 1, 2, 177, 360),
(5, 2, 2, 573, 366),
(6, 1, 3, 361, 373),
(7, 2, 3, 350, 94),
(8, 1, 4, 367, 313),
(9, 2, 4, 375, 17),
(10, 1, 5, 720, 137),
(11, 2, 5, 368, 312),
(12, 1, 6, 356, 364),
(13, 2, 6, 369, 362),
(14, 1, 7, 738, 733),
(15, 2, 7, 314, 792),
(16, 1, 8, 562, 563),
(17, 2, 8, 564, 565),
(18, 1, 9, 124, 607),
(19, 2, 9, 374, 734),
(20, 1, 10, 371, 333);

insert into practice_game_condition (
    practice_game_condition_id,
    practice_game_condition_desc_ja,
    practice_game_condition_desc_en,
    practice_game_condition_desc_es
) values
(1, '!', 'Just win, it\'s that simple!', 'Gana y ya est!'),
(2, '!', 'Win with a Wind team!', 'Gana con un equipo de Aire!'),
(3, '!', 'Win with a Wood team!', 'Gana con un equipo de Bosque!'),
(4, '!', 'Win with a Fire team!', 'Gana con un equipo de Fuego!'),
(5, '!', 'Win with an Earth team!', 'Gana con un equipo de Montaa!'),
(6, '!', 'Win with a team that doesn\'t possess any shooting special moves!', 'Gana con jugadores sin supertcnicas de tiro!'),
(7, 'GK!', 'Win with a team that doesn\'t possess any goalkeeping special moves!', 'Gana con jugadores sin supertcnicas de portero!'),
(8, '!', 'Win with a team composed entirely of boys!', 'Gana con un equipo formado por chicos!'),
(9, '!', 'Win with a team composed entirely of girls!', 'Gana con un equipo formado por chicas!');

insert into practice_game (
    practice_game_id,
    practice_game_order,
    route_path_id,
    team_id,
    practice_game_condition_id
) values
/*1-center*/
(1, 1, 1, 52, 1),
(2, 2, 1, 35, 1),
(3, 3, 1, 54, 1),
/*1-top*/
(4, 1, 2, 32, 1),
(5, 2, 2, 33, 1),
(6, 3, 2, 34, 1),
(7, 4, 2, 53, 1),
/*1-bottom*/
(8, 1, 3, 38, 1),
(9, 2, 3, 39, 1),
(10, 3, 3, 40, 1),
(11, 4, 3, 41, 1),
(12, 5, 3, 42, 1),
(13, 6, 3, 43, 1),
(14, 7, 3, 37, 1),
/*2-top*/
(15, 1, 4, 8, 1),
(16, 2, 4, 5, 1),
(17, 3, 4, 7, 1),
(18, 4, 4, 1, 1),
(19, 5, 4, 16, 1),
(20, 6, 4, 3, 1),
/*2-bottom*/
(21, 1, 5, 4, 1),
(22, 2, 5, 11, 1),
(23, 3, 5, 2, 1),
(24, 4, 5, 12, 1),
(25, 5, 5, 6, 1),
(26, 6, 5, 15, 1),
(27, 7, 5, 9, 1),
/*3-top*/
(28, 1, 6, 36, 1),
(29, 2, 6, 13, 1),
(30, 3, 6, 10, 1),
(31, 4, 6, 55, 1),
/*3-bottom*/
(32, 1, 7, 17, 1),
(33, 2, 7, 18, 1),
(34, 3, 7, 19, 1),
(35, 4, 7, 20, 1),
(36, 5, 7, 25, 1),
/*4-top*/
(37, 1, 8, 136, 1),
(38, 2, 8, 21, 1),
(39, 3, 8, 84, 1),
(40, 4, 8, 85, 1),
(41, 5, 8, 182, 1),
(42, 6, 8, 29, 1),
(43, 7, 8, 87, 8),
(44, 8, 8, 147, 3),
(45, 9, 8, 89, 7),
/*4-bottom*/
(46, 1, 9, 90, 1),
(47, 2, 9, 91, 1),
(48, 3, 9, 28, 1),
(49, 4, 9, 92, 1),
(50, 5, 9, 152, 1),
(51, 6, 9, 74, 1),
(52, 7, 9, 162, 1),
(53, 8, 9, 163, 1),
(54, 9, 9, 95, 1),
/*5-top*/
(55, 1, 10, 68, 1),
(56, 2, 10, 45, 1),
(57, 3, 10, 44, 1),
(58, 4, 10, 69, 1),
(59, 5, 10, 70, 1),
(60, 6, 10, 71, 1),
(61, 7, 10, 72, 1),
/*5-bottom*/
(62, 1, 11, 73, 2),
(63, 2, 11, 129, 6),
(64, 3, 11, 184, 1),
(65, 4, 11, 76, 8),
(66, 5, 11, 126, 1),
(67, 6, 11, 148, 1),
(68, 7, 11, 145, 6),
(69, 8, 11, 80, 5),
(70, 9, 11, 81, 5),
(71, 10, 11, 82, 1),
/*6-top*/
(72, 1, 12, 56, 1),
(73, 2, 12, 46, 1),
(74, 3, 12, 57, 1),
(75, 4, 12, 58, 1),
(76, 5, 12, 47, 1),
(77, 6, 12, 59, 1),
(78, 7, 12, 60, 1),
/*6-bottom*/
(79, 1, 13, 135, 7),
(80, 2, 13, 122, 1),
(81, 3, 13, 63, 5),
(82, 4, 13, 64, 2),
(83, 5, 13, 65, 4),
(84, 6, 13, 66, 6),
(85, 7, 13, 67, 8),
(86, 8, 13, 31, 1),
/*7-top*/
(87, 1, 14, 96, 1),
(88, 2, 14, 151, 1),
(89, 3, 14, 181, 1),
(90, 4, 14, 102, 1),
(91, 5, 14, 183, 8),
/*7-bottom*/
(92, 1, 15, 22, 1),
(93, 2, 15, 99, 1),
(94, 3, 15, 100, 1),
(95, 4, 15, 101, 1),
(96, 5, 15, 103, 1),
(97, 6, 15, 161, 1),
/*8-top*/
(98, 1, 16, 111, 1),
(99, 2, 16, 61, 1),
(100, 3, 16, 108, 1),
(101, 4, 16, 138, 1),
(102, 5, 16, 27, 1),
(103, 6, 16, 175, 1),
(104, 7, 16, 156, 1),
(105, 8, 16, 157, 1),
(106, 9, 16, 158, 1),
(107, 10, 16, 30, 1),
/*8-bottom*/
(108, 1, 17, 113, 6),
(109, 2, 17, 114, 6),
(110, 3, 17, 115, 6),
(111, 4, 17, 117, 6),
(112, 5, 17, 124, 9),
(113, 6, 17, 87, 8),
(114, 7, 17, 144, 7),
(115, 8, 17, 134, 9),
(116, 9, 17, 146, 5),
/*9-top*/
(117, 1, 18, 105, 1),
(118, 2, 18, 180, 1),
(119, 3, 18, 150, 1),
(120, 4, 18, 187, 3),
(121, 5, 18, 159, 1),
(122, 6, 18, 107, 8),
(123, 7, 18, 137, 1),
(124, 8, 18, 176, 4),
(125, 9, 18, 149, 2),
(126, 10, 18, 128, 4),
(127, 11, 18, 179, 1),
/*9-bottom*/
(128, 1, 19, 118, 7),
(129, 2, 19, 119, 7),
(130, 3, 19, 116, 9),
(131, 4, 19, 143, 7),
(132, 5, 19, 139, 3),
(133, 6, 19, 142, 8),
(134, 7, 19, 141, 8),
(135, 8, 19, 140, 9),
(136, 9, 19, 173, 1),
/*10-top*/
(137, 1, 20, 177, 1),
(138, 2, 20, 170, 1),
(139, 3, 20, 166, 9),
(140, 4, 20, 154, 1),
(141, 5, 20, 165, 7),
(142, 6, 20, 155, 1),
(143, 7, 20, 167, 8),
(144, 8, 20, 174, 1),
(145, 9, 20, 160, 1),
(146, 10, 20, 104, 1);

insert into practice_game_initiated_by_npc (
    practice_game_id,
    npc_id) values
(15, 11),
(16, 12),
(17, 13),
(18, 14),
(19, 15),
(20, 16),
(21, 17),
(22, 18),
(23, 19),
(24, 20),
(25, 21),
(26, 22),
(27, 23),
(87, 24),
(88, 25),
(89, 26),
(90, 27),
(91, 28),
(92, 29),
(93, 30),
(94, 31),
(95, 32),
(96, 33),
(97, 34);

insert into item_vscard (
    item_vscard_id,
    practice_game_id
) values
(579 ,3),
(580, 7),

(589, 29),
(593, 30),
(592, 31),
(584, 32),
(582, 33),
(583, 34),
(585, 35),
(581, 36),

(591, 92),
(588, 93),
(590, 95),
(586, 96),
(587, 97);

/*
practice_game_can_drop_item
*/
source /home/alejandro/Desktop/projects/choujigen3mysql/sql/procfunc/proc_insert_route_drop.sql

/*tournament-page*/
insert into tournament_rank (
    tournament_rank_id,
    tournament_rank_lv_range
) values
(1, '01-15'),
(2, '16-25'),
(3, '26-35'),
(4, '36-45'),
(5, '46-55'),
(6, '56-65'),
(7, '66-75'),
(8, '76-80'),
(9, '81-85'),
(10, '86-90'),
(11, '91-93'),
(12, '94-96'),
(13, '97-99'),
(14, '97-99'),
(15, '97-99'),
(16, '97-99');

insert into tournament_name (
    tournament_name_id,
    tournament_name_ja,
    tournament_name_en,
    tournament_name_es,
    tournament_rank_id
) values
/*rank1*/
(1, '', 'Raimon Town Cup', 'Copa Ciudad Inazuma', 1),
(2, '', 'Fire Tornado Cup', 'Copa Tornado de Fuego', 1),
(3, '', 'God Hand Cup', 'Copa Mano Celestial', 1),
/*rank2*/
(4, '', 'Occult Cup', 'Copa Occult', 2),
(5, '', 'Triangle Cup', 'Copa Tringulo Z', 2),
(6, '', 'Death Zone Cup', 'Copa Tringulo Letal', 2),
/*rank3*/
(7, '', 'Eternal Cup', 'Copa Ventisca Eterna', 3),
(8, '', 'Tsunami Boost Cup', 'Copa Remate Tsunami', 3),
(9, '', 'Mugen Cup', 'Copa Manos Infintas', 3),
/*rank4*/
(10, '', 'God Knows Cup', 'Copa Sabidura Divina', 4),
(11, '', 'The Tower Cup', 'Copa Torre Inexpugnable', 4),
(12, '', 'Death Zone 2 Cup', 'Copa Tringulo Letal 2', 4),
/*rank5*/
(13, '', 'Fire Cup', 'Copa Fuego', 5),
(14, '', 'Blizzard Cup', 'Copa Ventisca', 5),
(15, '', 'FF Japan Cup', 'Copa FF Japn', 5),
/*rank6*/		
(16, '', 'Prominence Cup', 'Copa Prominence', 6),
(17, '', 'Diamond Cup', 'Copa Polvo de Diamantes', 6),
(18, '', 'Gaia Cup', 'Copa Gaia', 6),
/*rank7*/
(19, '', 'Dragon Cup', 'Copa Dragones de Fuego', 7),
(20, '', 'Desert Cup', 'Copa Leones del Desierto', 7),
(21, '', 'Ocean Cup', 'Copa Big Waves', 7),
/*rank8*/
(22, '', 'Excalibur Cup', 'Copa Knights of Queen', 8),
(23, '', 'Gran Fenrir Cup', 'Copa Unicorn', 8),
(24, '', 'Odin Cup', 'Copa Orfeo', 8),
/*rank9*/		
(25, '', 'Rose Splash Cup', 'Copa Grifos de la Rosa', 9),
(26, '', 'Brocken Cup', 'Copa Brocken Brigade', 9),
(27, '', 'Matador Cup', 'Copa Los Rojos', 9),
/*rank10*/	
(28, '', 'Spark Cup', 'Copa Rayo Celeste', 10),
(29, '', 'Bomber Cup', 'Copa Fuego Explosivo', 10),
(30, '', 'Hurricane Cup', 'Copa La Amenaza del Ogro', 10),
/*rank11*/
(31, '', 'Jet Stream Cup', 'Copa Liocott', 11),
(32, '', 'Big Bang Cup', 'Copa Monumental', 11),
(33, '', 'God Break Cup', 'Copa Caimanes del Cabo', 11),
/*rank12*/
(34, '', 'Death Break Cup', 'Copa Os Reis', 12),
(35, '', 'High Voltage Cup', 'Copa Los Emperadores', 12),
(36, '', 'Electric Trap Cup', 'Copa Pequeos Gigantes', 12),
/*rank13*/
(37, '', 'Penguins Cup', 'Copa Pingino Emperador', 13),
(38, '', 'Champion Cup', 'Copa Campeones', 13),
(39, '', 'Pirates Cup', 'Copa Torneo Especial', 13),
/*rank14*/
(40, '', 'Phoenix Cup', 'Copa Fnix', 14),
(41, '', 'Galaxy Cup', 'Copa Tiro Galctico', 14),
(42, '', 'The Earth Cup', 'Copa Tierra', 14),
/*rank15*/
(43, '', 'Maou Cup', 'Copa Mano Diablica', 15),
(44, '', 'Tamashii Cup', 'Copa Mano Espiritual', 15),
(45, '', 'Omega Cup', 'Copa Mano Omega', 15),
/*rank16*/
(46, '', 'Angel Cup', 'Copa Baln Angelical', 16),
(47, '', 'Chaos Cup', 'Copa Caos', 16),
(48, '', 'Ogre Cup', 'Copa Ogro', 16);

insert into tournament_rank_requires_player (
    tournament_rank_id,
    player_id
) values
/*rank14*/
(14, 220),
(14, 361),
(14, 1161),
(14, 501),
(14, 789),
(14, 327),
(14, 2076),
(14, 414),
(14, 585),
(14, 1650),
(14, 1662),
(14, 1704),
(14, 1751),
(14, 1974),
(14, 866),
(14, 673),
/*rank15*/
(15, 1867),
(15, 1893),
(15, 1938),
(15, 1988),
(15, 1765),
(15, 1265),
(15, 1784),
(15, 524),
(15, 1809),
(15, 849),
(15, 1837),
(15, 908),
(15, 1849),
(15, 1913),
/*rank16*/
(16, 242),
(16, 352),
(16, 2169),
(16, 2303),
(16, 1269),
(16, 1217),
(16, 1396 ),
(16, 2077),
(16, 2112),
(16, 2085),
(16, 2132),
(16, 2156),
(16, 2170),
(16, 2190),
(16, 2206),
(16, 1428);

source /home/alejandro/Desktop/projects/choujigen3mysql/sql/procfunc/proc_insert_tournament_team.sql

source /home/alejandro/Desktop/projects/choujigen3mysql/sql/procfunc/proc_insert_tournament_drop.sql


insert into ultimate_note_increases_free (
    item_ultimate_note_id,
    positi_id,
    attri_id
) values
(606, 3, 2),
(607, 1, 3),
(608, 2, 2),
(609, 3, 1),
(610, 2, 1),
(611, 1, 2),
(612, 1, 1),
(612, 4, 1),
(613, 3, 4),
(613, 4, 2),
(614, 3, 3),
(614, 4, 3),
(615, 2, 4),
(615, 4, 4),
(616, 2, 3),
(616, 1, 4);

/*
gacha
gacha_yields
old_pin_badge_exchange
utc_session
utc_session_develops_stat
utc_drop_type
utc_session_drops

story
item_gifted_during_story
player_received_during_story

conn_panel
conn_link_type
conn_link
link_player
link_chest
link_lock
*/
insert into daily (
    daily_id,
    player_id,
    views
) values
(1, 1, 0);

set global event_scheduler = on;
source /home/alejandro/Desktop/projects/choujigen3mysql/sql/procfunc/daily_event.sql
