-- phpMyAdmin SQL Dump
-- version 5.2.1
-- https://www.phpmyadmin.net/
--
-- Host: localhost
-- Generation Time: Mar 05, 2024 at 01:58 PM
-- Server version: 10.4.28-MariaDB
-- PHP Version: 8.2.4

SET SQL_MODE = "NO_AUTO_VALUE_ON_ZERO";
START TRANSACTION;
SET time_zone = "+00:00";


/*!40101 SET @OLD_CHARACTER_SET_CLIENT=@@CHARACTER_SET_CLIENT */;
/*!40101 SET @OLD_CHARACTER_SET_RESULTS=@@CHARACTER_SET_RESULTS */;
/*!40101 SET @OLD_COLLATION_CONNECTION=@@COLLATION_CONNECTION */;
/*!40101 SET NAMES utf8mb4 */;

--
-- Database: `choujigen3ogre`
--

DELIMITER $$
--
-- Procedures
--
CREATE DEFINER=`root`@`localhost` PROCEDURE `proc_insert_hissatsu` ()   begin
	declare i int default 0;
    declare intIsBlock int default 0;
    declare intParticipant int default 0;
    declare intFoul int default 0;
    declare idGrowthType int default 0;
    declare idGrowthRate int default 0;
    declare idAttri int default 0;
    declare idCatchType int default 0;
    declare idType int default 0;
    declare idCharacteristic int default 0;

    
    declare vItemHissatsuId int default 0;
    declare vName varchar(32) default '';
    declare vBasePower int default 0;
    declare vPrice varchar(32) default '';
    declare vTp int default 0;
    declare vCharacteristic varchar(32) default '';
    declare vLearners varchar(32) default '';
    declare vParticipant varchar(1000) default '';
    declare vObtention varchar(1000) default '';
    declare vGrowthType varchar(32) default '';
    declare vGrowthRate varchar(32) default '';
    declare vAttri varchar(32) default '';
    declare vType varchar(32) default '';
    declare vFoul varchar(32) default '';
    declare vBlocks varchar(32) default '';
    declare vCatchType varchar(32) default '';
    declare vEffectJa varchar(1000) default '';
    declare vEffectEn varchar(1000) default '';
    declare vEffectEs varchar(1000) default '';

    declare continueCur1 int default 1;
    declare cur1 cursor for select * from aux_hissatsu;
	declare continue handler for SQLSTATE '02000' set continueCur1 = 0;

    delete from item_hissatsu;
    delete from hissatsu_evokes_attri;
    delete from hissatsu_evolves;
    delete from hissatsu_shoot;
    delete from hissatsu_dribble;
    delete from hissatsu_block;
    delete from hissatsu_catch;
    delete from hissatsu_skill;
    open cur1;
	while continueCur1=1 do
        fetch cur1 into vItemHissatsuId, vName, vBasePower, vPrice, vTp,
            vCharacteristic, vLearners, vParticipant, vObtention, vGrowthType,
            vGrowthRate, vAttri, vType, vFoul, vBlocks, vCatchType, vEffectJa,
            vEffectEn, vEffectEs;
        set idGrowthType = null;
        set idGrowthRate = null;
        set idAttri = null;
        set idType = null;
        set idCatchType = null;
        set idCharacteristic = null;
        if continueCur1 = 1 then
            
            if vBlocks = 'x' then
                set intIsBlock = 1;
            else
                set intIsBlock = 0;
            end if;
    
            if vFoul = '' then
                set intFoul = 0;
            else
                set intFoul = cast(vFoul as unsigned);
            end if;
            
            if vParticipant = '' then 
                set intParticipant = 1;
            else
                set vParticipant = substring(vParticipant, 1, 1);
                set intParticipant = cast(vParticipant as unsigned);
            end if;
            
            if vGrowthType != '' then
                select growth_type_id into idGrowthType from growth_type
                    where growth_type_name_ja 
                    like concat(concat('%', vGrowthType), '%');
            end if;

            if vGrowthRate != '' then
                select growth_rate_id into idGrowthRate from growth_rate
                    where growth_rate_name_ja 
                    like concat(concat('%', vGrowthRate), '%');
            end if;

            if vAttri != '' then
                select attri_id into idAttri from attri
                    where attri_name_ja 
                    like concat(concat('%', vAttri), '%');
            end if;

            if vCatchType != '' then
                select catch_type_id into idCatchType from catch_type
                    where catch_type_name_ja = vCatchType;
            end if;

            select hissatsu_type_id into idType from hissatsu_type
                where hissatsu_type_name_ja = vType;

            case
                when vCharacteristic like '%SC%' then
                    set idCharacteristic = 1;
                when vCharacteristic like '%ロング%' then
                    set idCharacteristic = 2;
                when vCharacteristic like '%SB%' then
                    set idCharacteristic = 3;
                else
                    set idCharacteristic = null;
            end case;

            
            insert into item_hissatsu values (vItemHissatsuId, idType);

            
            if idAttri is not null then
                insert into hissatsu_evokes_attri 
                    values (vItemHissatsuId, idAttri);
            end if;

            
            if idGrowthType is not null then
                insert into hissatsu_evolves 
                    values (vItemHissatsuId, idGrowthType, idGrowthRate);
            end if;

            
            case
                when vType = 'シュート' then
                    insert into hissatsu_shoot 
                        values (vItemHissatsuId, vBasePower, vTp, intParticipant);
                    if idCharacteristic is not null then
                        insert into 
                            hissatsu_shoot_can_have_shoot_special_property
                            values (vItemHissatsuId, idCharacteristic);
                    end if;
                when vType = 'ドリブル' then
                    insert into hissatsu_dribble
                        values (vItemHissatsuId, vBasePower, vTp, 
                        intParticipant, vFoul);
                when vType = 'ブロック' then
                    insert into hissatsu_block
                        values (vItemHissatsuId, vBasePower, vTp, 
                        intParticipant, vFoul, intIsBlock);
                when vType = 'キャッチ' then
                    insert into hissatsu_catch
                        values (vItemHissatsuId, vBasePower, vTp, 
                        intParticipant, idCatchType);
                when vType = 'スキル' then
                    insert into hissatsu_skill
                        values (vItemHissatsuId, vEffectJa, vEffectEn, 
                        vEffectEs);
            end case;

            if vLearners != '' then
                
                if vLearners like '%S%' then
                    insert into hissatsu_constrained_by_body_type
                        values (vItemHissatsuId, 1);
                end if;
                if vLearners like '%M%' then
                    insert into hissatsu_constrained_by_body_type
                        values (vItemHissatsuId, 2);
                end if;
                if vLearners like '%L%' then
                    insert into hissatsu_constrained_by_body_type
                        values (vItemHissatsuId, 3);
                    insert into hissatsu_constrained_by_body_type
                        values (vItemHissatsuId, 4);
                end if;

                
                if vLearners like '%男性%' then
                    insert into hissatsu_limited_by_gender 
                        values (vItemHissatsuId, 1);
                end if;
                if vLearners like '%女性%' then
                    insert into hissatsu_limited_by_gender 
                        values (vItemHissatsuId, 2);
                end if;

                
                if vLearners like '%風%' then
                    insert into hissatsu_designed_for_attri 
                        values (vItemHissatsuId, 1);
                end if;
                if vLearners like '%林%' then
                    insert into hissatsu_designed_for_attri 
                        values (vItemHissatsuId, 2);
                end if;
                if vLearners like '%火%' then
                    insert into hissatsu_designed_for_attri 
                        values (vItemHissatsuId, 3);
                end if;
                if vLearners like '%山%' then
                    insert into hissatsu_designed_for_attri 
                        values (vItemHissatsuId, 4);
                end if;

                
                if vLearners like '%for%' then
                    insert into hissatsu_available_for_positi 
                        values (vItemHissatsuId, 1);
                end if;
                if vLearners like '%cen%' then
                    insert into hissatsu_available_for_positi 
                        values (vItemHissatsuId, 2);
                end if;
                if vLearners like '%def%' then
                    insert into hissatsu_available_for_positi 
                        values (vItemHissatsuId, 3);
                end if;
                if vLearners like '%kee%' then
                    insert into hissatsu_available_for_positi 
                        values (vItemHissatsuId, 4);
                end if;
            end if;
        end if;
	end while;
	close cur1;
    drop temporary table if exists aux_hissatsu;
end$$

CREATE DEFINER=`root`@`localhost` PROCEDURE `proc_insert_team_player` ()   begin
	declare i int default 1;
    declare idTeam int default 0;
    declare idPlayer int default 0;

    
    declare vTeam varchar(32) default '';
    declare vPlayer varchar(32) default '';
    declare vOff int default 0;
    declare vPla int default 0;

    declare continueCur1 int default 1;
    declare cur1 cursor for select * from aux_team_player;
	declare continue handler for SQLSTATE '02000' set continueCur1 = 0;

    delete from player_is_part_of_team;    
    delete from player_plays_during_story_team;
    open cur1;
	while continueCur1=1 do
        fetch cur1 into vTeam, vPlayer, vOff, vPla;
        set idPlayer = null;
        set idTeam = null;
        if continueCur1 = 1 and vPlayer != '' then
            select team_id into idTeam from team 
                where team_name_ja = vTeam;

            
            select player_id into idPlayer from player
                where player_name_romanji like trim(vPlayer) 
                limit 1 offset vOff;
            set continueCur1 = 1;            

            if idPlayer is null then
                select vTeam, vPlayer, vOff, vPla;
            end if;

            insert into player_is_part_of_team(player_id, team_id, place) 
                values (idPlayer, idTeam, vPla);

            if idTeam = 51 or idTeam between 32 and 49 then
                
                insert into player_plays_during_story_team
                    (player_id, team_id) values (idPlayer, idTeam);
            end if;
        end if;
        set i = i + 1;
	end while;
	close cur1;
    drop table if exists aux_team_player;
end$$

DELIMITER ;

-- --------------------------------------------------------

--
-- Table structure for table `attri`
--

CREATE TABLE `attri` (
  `attri_id` int(11) NOT NULL,
  `attri_name_ja` varchar(32) DEFAULT NULL,
  `attri_name_en` varchar(32) DEFAULT NULL,
  `attri_name_es` varchar(32) DEFAULT NULL
) ENGINE=InnoDB DEFAULT CHARSET=utf8mb4 COLLATE=utf8mb4_general_ci;

--
-- Dumping data for table `attri`
--

INSERT INTO `attri` (`attri_id`, `attri_name_ja`, `attri_name_en`, `attri_name_es`) VALUES
(1, '風', 'Wind', 'Aire'),
(2, '林', 'Wood', 'Bosque'),
(3, '火', 'Fire', 'Fuego'),
(4, '山', 'Earth', 'Montaña');

-- --------------------------------------------------------

--
-- Table structure for table `body_type`
--

CREATE TABLE `body_type` (
  `body_type_id` int(11) NOT NULL,
  `body_type_name_ja` varchar(32) DEFAULT NULL,
  `body_type_name_en` varchar(32) DEFAULT NULL,
  `body_type_name_es` varchar(32) DEFAULT NULL
) ENGINE=InnoDB DEFAULT CHARSET=utf8mb4 COLLATE=utf8mb4_general_ci;

--
-- Dumping data for table `body_type`
--

INSERT INTO `body_type` (`body_type_id`, `body_type_name_ja`, `body_type_name_en`, `body_type_name_es`) VALUES
(1, '小', 'Small', 'Pequeño'),
(2, '中', 'Medium', 'Normal'),
(3, '大', 'Large', 'Grande'),
(4, '特大', 'Extra Large', 'Gigante');

-- --------------------------------------------------------

--
-- Table structure for table `catch_type`
--

CREATE TABLE `catch_type` (
  `catch_type_id` int(11) NOT NULL,
  `catch_type_name_ja` varchar(32) DEFAULT NULL,
  `catch_type_name_en` varchar(32) DEFAULT NULL,
  `catch_type_name_es` varchar(32) DEFAULT NULL
) ENGINE=InnoDB DEFAULT CHARSET=utf8mb4 COLLATE=utf8mb4_general_ci;

--
-- Dumping data for table `catch_type`
--

INSERT INTO `catch_type` (`catch_type_id`, `catch_type_name_ja`, `catch_type_name_en`, `catch_type_name_es`) VALUES
(1, 'キャッチ', 'Catch', 'Atajo'),
(2, 'パンチング', 'Punching', 'Despeje'),
(3, 'パンチング2', 'Punching 2', 'Despeje 2');

-- --------------------------------------------------------

--
-- Table structure for table `chest`
--

CREATE TABLE `chest` (
  `chest_id` int(11) NOT NULL,
  `chest_hint_ja` varchar(200) DEFAULT NULL,
  `chest_hint_en` varchar(200) DEFAULT NULL,
  `chest_hint_es` varchar(200) DEFAULT NULL,
  `zone_id` int(11) DEFAULT NULL,
  `item_id` int(11) DEFAULT NULL
) ENGINE=InnoDB DEFAULT CHARSET=utf8mb4 COLLATE=utf8mb4_general_ci;

-- --------------------------------------------------------

--
-- Table structure for table `conn_link`
--

CREATE TABLE `conn_link` (
  `conn_link_id` int(11) NOT NULL,
  `conn_panel_id` int(11) DEFAULT NULL
) ENGINE=InnoDB DEFAULT CHARSET=utf8mb4 COLLATE=utf8mb4_general_ci;

-- --------------------------------------------------------

--
-- Table structure for table `conn_link_type`
--

CREATE TABLE `conn_link_type` (
  `conn_link_type_id` int(11) NOT NULL,
  `conn_link_type_name` varchar(32) DEFAULT NULL
) ENGINE=InnoDB DEFAULT CHARSET=utf8mb4 COLLATE=utf8mb4_general_ci;

-- --------------------------------------------------------

--
-- Table structure for table `conn_panel`
--

CREATE TABLE `conn_panel` (
  `conn_panel_id` int(11) NOT NULL,
  `conn_panel_name_ja` varchar(32) DEFAULT NULL,
  `conn_panel_name_en` varchar(32) DEFAULT NULL,
  `conn_panel_name_es` varchar(32) DEFAULT NULL
) ENGINE=InnoDB DEFAULT CHARSET=utf8mb4 COLLATE=utf8mb4_general_ci;

-- --------------------------------------------------------

--
-- Table structure for table `equipment_strengthens_stat`
--

CREATE TABLE `equipment_strengthens_stat` (
  `item_equipment_id` int(11) NOT NULL,
  `stat_id` int(11) NOT NULL,
  `amount` int(11) DEFAULT NULL
) ENGINE=InnoDB DEFAULT CHARSET=utf8mb4 COLLATE=utf8mb4_general_ci;

--
-- Dumping data for table `equipment_strengthens_stat`
--

INSERT INTO `equipment_strengthens_stat` (`item_equipment_id`, `stat_id`, `amount`) VALUES
(381, 7, 2),
(382, 7, 3),
(383, 7, 3),
(384, 7, 4),
(385, 7, 4),
(386, 7, 5),
(387, 7, 5),
(388, 7, 6),
(389, 7, 6),
(390, 7, 6),
(391, 7, 6),
(392, 7, 7),
(393, 7, 7),
(394, 7, 7),
(395, 7, 8),
(396, 7, 8),
(397, 7, 9),
(398, 7, 9),
(399, 7, 9),
(400, 7, 10),
(401, 7, 10),
(402, 7, 10),
(403, 7, 10),
(404, 7, 10),
(405, 7, 10),
(406, 7, 10),
(407, 7, 12),
(408, 7, 13),
(409, 7, 13),
(410, 7, 15),
(411, 7, 16),
(412, 7, 16),
(413, 7, 17),
(414, 7, 18),
(415, 3, 1),
(416, 3, 1),
(417, 3, 2),
(418, 3, 2),
(419, 3, 2),
(420, 3, 3),
(421, 3, 3),
(422, 3, 3),
(423, 3, 4),
(424, 3, 4),
(425, 3, 5),
(426, 3, 5),
(427, 3, 6),
(428, 3, 6),
(429, 3, 7),
(430, 3, 7),
(431, 3, 7),
(432, 3, 7),
(433, 3, 8),
(434, 3, 8),
(435, 3, 9),
(436, 3, 9),
(437, 3, 9),
(438, 3, 10),
(439, 3, 10),
(440, 3, 10),
(441, 3, 10),
(442, 3, 10),
(443, 3, 10),
(444, 3, 11),
(445, 3, 11),
(446, 3, 12),
(447, 3, 13),
(448, 3, 14),
(449, 3, 14),
(450, 3, 16),
(451, 3, 17),
(452, 3, 17),
(453, 3, 18),
(454, 3, 18),
(455, 6, 0),
(456, 6, 1),
(457, 6, 1),
(458, 6, 2),
(459, 6, 2),
(460, 6, 2),
(461, 6, 2),
(462, 6, 2),
(463, 6, 2),
(464, 6, 3),
(465, 6, 3),
(466, 6, 3),
(467, 6, 3),
(468, 6, 3),
(469, 6, 4),
(470, 6, 4),
(471, 6, 4),
(472, 6, 5),
(473, 6, 5),
(474, 6, 5),
(475, 6, 5),
(476, 6, 5),
(477, 6, 6),
(478, 6, 6),
(479, 6, 6),
(480, 6, 6),
(481, 6, 7),
(482, 6, 7),
(483, 6, 7),
(484, 6, 7),
(485, 6, 7),
(486, 6, 7),
(487, 6, 8),
(488, 6, 8),
(489, 6, 8),
(490, 6, 8),
(491, 6, 9),
(492, 6, 9),
(493, 6, 9),
(494, 6, 10),
(495, 6, 10),
(496, 6, 10),
(497, 6, 11),
(498, 6, 12),
(499, 6, 12),
(500, 6, 12),
(501, 6, 13),
(502, 6, 13),
(503, 6, 14),
(504, 6, 14),
(505, 6, 14),
(506, 6, 15),
(507, 6, 15),
(508, 6, 15),
(509, 6, 15),
(510, 6, 15),
(511, 6, 15),
(512, 6, 16),
(513, 6, 16),
(514, 6, 17),
(515, 6, 17),
(516, 6, 17),
(517, 6, 17),
(518, 6, 18),
(519, 6, 18),
(520, 9, 1),
(521, 9, 2),
(522, 9, 3),
(523, 9, 4),
(524, 9, 5),
(525, 9, 6),
(526, 9, 7),
(527, 9, 8),
(528, 9, 9),
(529, 9, 10),
(530, 9, 12),
(531, 9, 20),
(532, 9, 2),
(533, 9, 2),
(534, 9, 2),
(535, 5, 2),
(536, 5, 3),
(537, 5, 4),
(538, 5, 5),
(539, 5, 6),
(540, 5, 8),
(541, 5, 9),
(542, 2, 10),
(542, 4, 6),
(543, 4, 12),
(544, 4, 12),
(545, 8, 12),
(546, 8, 12),
(547, 4, 3),
(548, 4, 7),
(549, 4, 15),
(550, 8, 3),
(551, 8, 7),
(552, 8, 15);

-- --------------------------------------------------------

--
-- Table structure for table `equipment_type`
--

CREATE TABLE `equipment_type` (
  `equipment_type_id` int(11) NOT NULL,
  `equipment_type_name_ja` varchar(32) DEFAULT NULL,
  `equipment_type_name_en` varchar(32) DEFAULT NULL,
  `equipment_type_name_es` varchar(32) DEFAULT NULL
) ENGINE=InnoDB DEFAULT CHARSET=utf8mb4 COLLATE=utf8mb4_general_ci;

--
-- Dumping data for table `equipment_type`
--

INSERT INTO `equipment_type` (`equipment_type_id`, `equipment_type_name_ja`, `equipment_type_name_en`, `equipment_type_name_es`) VALUES
(1, 'シューズ', 'Shoes', 'Botas'),
(2, 'グローブ', 'Gloves', 'Guantes'),
(3, 'アクセサリ', 'Accessory', 'Accesorios');

-- --------------------------------------------------------

--
-- Table structure for table `extra_battle_route`
--

CREATE TABLE `extra_battle_route` (
  `extra_battle_route_id` int(11) NOT NULL,
  `extra_battle_route_name_ja` varchar(32) DEFAULT NULL,
  `extra_battle_route_name_en` varchar(32) DEFAULT NULL,
  `extra_battle_route_name_es` varchar(32) DEFAULT NULL,
  `npc_id` int(11) DEFAULT NULL
) ENGINE=InnoDB DEFAULT CHARSET=utf8mb4 COLLATE=utf8mb4_general_ci;

-- --------------------------------------------------------

--
-- Table structure for table `gacha`
--

CREATE TABLE `gacha` (
  `gacha_id` int(11) NOT NULL,
  `zone_id` int(11) DEFAULT NULL
) ENGINE=InnoDB DEFAULT CHARSET=utf8mb4 COLLATE=utf8mb4_general_ci;

-- --------------------------------------------------------

--
-- Table structure for table `gacha_yields`
--

CREATE TABLE `gacha_yields` (
  `gacha_id` int(11) NOT NULL,
  `player_id` int(11) NOT NULL,
  `item_currency_id` int(11) NOT NULL
) ENGINE=InnoDB DEFAULT CHARSET=utf8mb4 COLLATE=utf8mb4_general_ci;

-- --------------------------------------------------------

--
-- Table structure for table `gender`
--

CREATE TABLE `gender` (
  `gender_id` int(11) NOT NULL,
  `gender_name_ja` varchar(32) DEFAULT NULL,
  `gender_name_en` varchar(32) DEFAULT NULL,
  `gender_name_es` varchar(32) DEFAULT NULL,
  `gender_symbol` varchar(1) DEFAULT NULL
) ENGINE=InnoDB DEFAULT CHARSET=utf8mb4 COLLATE=utf8mb4_general_ci;

--
-- Dumping data for table `gender`
--

INSERT INTO `gender` (`gender_id`, `gender_name_ja`, `gender_name_en`, `gender_name_es`, `gender_symbol`) VALUES
(1, '男', 'Male', 'Hombre', '♂'),
(2, '女', 'Female', 'Mujer', '♀');

-- --------------------------------------------------------

--
-- Table structure for table `growth_rate`
--

CREATE TABLE `growth_rate` (
  `growth_rate_id` int(11) NOT NULL,
  `growth_rate_name_ja` varchar(32) DEFAULT NULL,
  `growth_rate_name_en` varchar(32) DEFAULT NULL,
  `growth_rate_name_es` varchar(32) DEFAULT NULL
) ENGINE=InnoDB DEFAULT CHARSET=utf8mb4 COLLATE=utf8mb4_general_ci;

--
-- Dumping data for table `growth_rate`
--

INSERT INTO `growth_rate` (`growth_rate_id`, `growth_rate_name_ja`, `growth_rate_name_en`, `growth_rate_name_es`) VALUES
(1, '早熟', 'Precocious', 'Precoz'),
(2, '普通', 'Average', 'Normal'),
(3, '晩成', 'Late Bloomer', 'Tardío');

-- --------------------------------------------------------

--
-- Table structure for table `growth_type`
--

CREATE TABLE `growth_type` (
  `growth_type_id` int(11) NOT NULL,
  `growth_type_name_ja` varchar(32) DEFAULT NULL,
  `growth_type_name_en` varchar(32) DEFAULT NULL,
  `growth_type_name_es` varchar(32) DEFAULT NULL
) ENGINE=InnoDB DEFAULT CHARSET=utf8mb4 COLLATE=utf8mb4_general_ci;

--
-- Dumping data for table `growth_type`
--

INSERT INTO `growth_type` (`growth_type_id`, `growth_type_name_ja`, `growth_type_name_en`, `growth_type_name_es`) VALUES
(1, '改 - 真', '+1 → +2', '+ → ++'),
(2, 'V2 - V3', 'V2 → V3', 'N2 → N3'),
(3, 'グレート (G)', 'Levels (L)', 'Grados (G)');

-- --------------------------------------------------------

--
-- Table structure for table `growth_type_can_achieve_growth_rate`
--

CREATE TABLE `growth_type_can_achieve_growth_rate` (
  `growth_type_id` int(11) NOT NULL,
  `growth_rate_id` int(11) NOT NULL,
  `additional_power` int(11) DEFAULT NULL,
  `number_of_uses` int(11) DEFAULT NULL
) ENGINE=InnoDB DEFAULT CHARSET=utf8mb4 COLLATE=utf8mb4_general_ci;

--
-- Dumping data for table `growth_type_can_achieve_growth_rate`
--

INSERT INTO `growth_type_can_achieve_growth_rate` (`growth_type_id`, `growth_rate_id`, `additional_power`, `number_of_uses`) VALUES
(1, 1, 8, 21),
(1, 2, 10, 27),
(1, 3, 12, 33),
(2, 1, 8, 21),
(2, 2, 10, 27),
(2, 3, 12, 33),
(3, 1, 14, 80),
(3, 2, 16, 90),
(3, 3, 18, 100);

-- --------------------------------------------------------

--
-- Table structure for table `hissatsu_available_for_positi`
--

CREATE TABLE `hissatsu_available_for_positi` (
  `item_hissatsu_id` int(11) NOT NULL,
  `positi_id` int(11) NOT NULL
) ENGINE=InnoDB DEFAULT CHARSET=utf8mb4 COLLATE=utf8mb4_general_ci;

--
-- Dumping data for table `hissatsu_available_for_positi`
--

INSERT INTO `hissatsu_available_for_positi` (`item_hissatsu_id`, `positi_id`) VALUES
(357, 1),
(357, 2),
(359, 4),
(363, 1),
(370, 3);

-- --------------------------------------------------------

--
-- Table structure for table `hissatsu_block`
--

CREATE TABLE `hissatsu_block` (
  `item_hissatsu_id` int(11) NOT NULL,
  `hissatsu_block_power` int(11) DEFAULT NULL,
  `hissatsu_block_tp` int(11) DEFAULT NULL,
  `hissatsu_block_participants` int(11) DEFAULT NULL,
  `hissatsu_block_foul` int(11) DEFAULT NULL,
  `hissatsu_block_is_block` int(11) DEFAULT NULL
) ENGINE=InnoDB DEFAULT CHARSET=utf8mb4 COLLATE=utf8mb4_general_ci;

--
-- Dumping data for table `hissatsu_block`
--

INSERT INTO `hissatsu_block` (`item_hissatsu_id`, `hissatsu_block_power`, `hissatsu_block_tp`, `hissatsu_block_participants`, `hissatsu_block_foul`, `hissatsu_block_is_block`) VALUES
(209, 5, 20, 1, 1, 0),
(210, 18, 24, 1, 5, 0),
(211, 23, 28, 1, 1, 0),
(212, 37, 32, 1, 5, 1),
(213, 42, 36, 1, 1, 0),
(214, 49, 38, 1, 5, 0),
(215, 55, 42, 1, 1, 0),
(216, 55, 42, 1, 1, 1),
(217, 61, 44, 1, 1, 1),
(218, 61, 44, 1, 1, 1),
(219, 67, 47, 1, 1, 0),
(220, 68, 46, 1, 5, 0),
(221, 73, 50, 2, 1, 0),
(222, 80, 53, 1, 1, 0),
(223, 86, 56, 1, 1, 0),
(224, 94, 57, 3, 10, 0),
(225, 94, 57, 3, 10, 0),
(226, 5, 20, 1, 1, 0),
(227, 8, 21, 1, 1, 0),
(228, 11, 22, 1, 1, 0),
(229, 17, 12, 1, 45, 0),
(230, 23, 28, 1, 1, 0),
(231, 32, 30, 1, 5, 0),
(232, 42, 33, 1, 1, 0),
(233, 42, 36, 1, 1, 0),
(234, 48, 39, 1, 1, 0),
(235, 48, 39, 1, 1, 0),
(236, 51, 42, 1, 1, 0),
(237, 61, 44, 2, 1, 0),
(238, 68, 46, 1, 5, 1),
(239, 68, 46, 1, 5, 0),
(240, 75, 48, 2, 10, 0),
(241, 80, 53, 2, 1, 1),
(242, 80, 53, 1, 1, 1),
(243, 86, 56, 1, 1, 0),
(244, 94, 57, 3, 10, 0),
(245, 9, 20, 1, 5, 1),
(246, 17, 25, 1, 1, 0),
(247, 23, 28, 1, 1, 1),
(248, 32, 29, 1, 10, 0),
(249, 36, 33, 1, 1, 0),
(250, 42, 36, 1, 1, 0),
(251, 48, 39, 1, 1, 0),
(252, 48, 42, 1, 1, 1),
(253, 55, 42, 1, 1, 0),
(254, 62, 43, 1, 5, 1),
(255, 67, 47, 1, 1, 1),
(256, 73, 50, 1, 1, 0),
(257, 80, 53, 1, 1, 0),
(258, 94, 57, 3, 10, 0),
(259, 5, 20, 1, 1, 0),
(260, 13, 20, 1, 10, 1),
(261, 26, 16, 1, 45, 0),
(262, 31, 30, 1, 5, 1),
(263, 37, 32, 1, 5, 0),
(264, 42, 36, 1, 1, 0),
(265, 49, 38, 1, 5, 1),
(266, 48, 39, 1, 1, 0),
(267, 55, 42, 1, 1, 1),
(268, 55, 42, 1, 1, 0),
(269, 61, 44, 1, 1, 0),
(270, 61, 44, 1, 1, 1),
(271, 67, 47, 2, 1, 0),
(272, 73, 50, 2, 1, 1),
(273, 73, 50, 1, 1, 1),
(274, 80, 53, 1, 1, 1),
(275, 81, 52, 3, 5, 0),
(276, 86, 56, 1, 1, 1),
(277, 86, 56, 1, 1, 1),
(278, 94, 57, 3, 10, 0),
(279, 94, 57, 3, 10, 0);

-- --------------------------------------------------------

--
-- Table structure for table `hissatsu_catch`
--

CREATE TABLE `hissatsu_catch` (
  `item_hissatsu_id` int(11) NOT NULL,
  `hissatsu_catch_power` int(11) DEFAULT NULL,
  `hissatsu_catch_tp` int(11) DEFAULT NULL,
  `hissatsu_catch_participants` int(11) DEFAULT NULL,
  `catch_type_id` int(11) DEFAULT NULL
) ENGINE=InnoDB DEFAULT CHARSET=utf8mb4 COLLATE=utf8mb4_general_ci;

--
-- Dumping data for table `hissatsu_catch`
--

INSERT INTO `hissatsu_catch` (`item_hissatsu_id`, `hissatsu_catch_power`, `hissatsu_catch_tp`, `hissatsu_catch_participants`, `catch_type_id`) VALUES
(280, 5, 20, 1, 1),
(281, 11, 22, 1, 1),
(282, 23, 27, 1, 1),
(283, 30, 30, 1, 1),
(284, 36, 32, 1, 1),
(285, 42, 35, 1, 1),
(286, 48, 37, 1, 3),
(287, 48, 37, 1, 1),
(288, 48, 37, 1, 1),
(289, 55, 40, 1, 2),
(290, 61, 42, 1, 3),
(291, 61, 42, 1, 1),
(292, 67, 45, 1, 1),
(293, 73, 47, 1, 1),
(294, 80, 50, 1, 1),
(295, 86, 52, 1, 1),
(296, 105, 60, 1, 3),
(297, 105, 60, 1, 1),
(298, 105, 60, 3, 3),
(299, 5, 20, 1, 1),
(300, 11, 20, 1, 1),
(301, 11, 22, 1, 1),
(302, 30, 30, 1, 1),
(303, 36, 32, 1, 1),
(304, 36, 32, 1, 1),
(305, 42, 35, 1, 1),
(306, 48, 37, 1, 1),
(307, 55, 40, 1, 1),
(308, 67, 45, 1, 1),
(309, 73, 47, 1, 1),
(310, 73, 47, 2, 1),
(311, 80, 50, 1, 1),
(312, 86, 52, 1, 1),
(313, 105, 60, 1, 1),
(314, 105, 60, 1, 1),
(315, 5, 20, 1, 2),
(316, 8, 21, 1, 1),
(317, 17, 25, 1, 2),
(318, 17, 25, 1, 2),
(319, 30, 30, 1, 2),
(320, 36, 32, 1, 2),
(321, 42, 35, 1, 2),
(322, 48, 37, 1, 1),
(323, 55, 40, 1, 3),
(324, 55, 40, 1, 1),
(325, 61, 42, 1, 2),
(326, 63, 45, 1, 1),
(327, 73, 47, 1, 2),
(328, 80, 50, 1, 2),
(329, 80, 50, 1, 1),
(330, 86, 52, 1, 1),
(331, 92, 55, 1, 3),
(332, 98, 57, 3, 1),
(333, 105, 60, 1, 1),
(334, 5, 20, 1, 1),
(335, 8, 21, 1, 2),
(336, 11, 22, 1, 1),
(337, 17, 25, 1, 1),
(338, 36, 32, 1, 1),
(339, 36, 32, 1, 1),
(340, 42, 35, 1, 1),
(341, 55, 40, 1, 2),
(342, 61, 42, 1, 2),
(343, 61, 42, 1, 2),
(344, 61, 42, 1, 1),
(345, 67, 45, 1, 1),
(346, 67, 45, 1, 1),
(347, 73, 47, 3, 1),
(348, 80, 50, 1, 1),
(349, 92, 55, 3, 1),
(350, 98, 57, 1, 1),
(351, 105, 60, 1, 1);

-- --------------------------------------------------------

--
-- Table structure for table `hissatsu_combined_with_hissatsu`
--

CREATE TABLE `hissatsu_combined_with_hissatsu` (
  `item_hissatsu_id_base` int(11) NOT NULL,
  `item_hissatsu_id_combined` int(11) NOT NULL
) ENGINE=InnoDB DEFAULT CHARSET=utf8mb4 COLLATE=utf8mb4_general_ci;

--
-- Dumping data for table `hissatsu_combined_with_hissatsu`
--

INSERT INTO `hissatsu_combined_with_hissatsu` (`item_hissatsu_id_base`, `item_hissatsu_id_combined`) VALUES
(61, 7),
(23, 11),
(28, 11),
(89, 77),
(98, 77),
(102, 90),
(193, 165),
(187, 196),
(241, 301);

-- --------------------------------------------------------

--
-- Table structure for table `hissatsu_constrained_by_body_type`
--

CREATE TABLE `hissatsu_constrained_by_body_type` (
  `item_hissatsu_id` int(11) NOT NULL,
  `body_type_id` int(11) NOT NULL
) ENGINE=InnoDB DEFAULT CHARSET=utf8mb4 COLLATE=utf8mb4_general_ci;

--
-- Dumping data for table `hissatsu_constrained_by_body_type`
--

INSERT INTO `hissatsu_constrained_by_body_type` (`item_hissatsu_id`, `body_type_id`) VALUES
(5, 1),
(8, 1),
(8, 2),
(10, 1),
(10, 2),
(29, 3),
(29, 4),
(128, 2),
(128, 3),
(128, 4),
(131, 1),
(131, 2),
(144, 1),
(144, 2),
(155, 2),
(196, 3),
(196, 4),
(226, 1),
(226, 2),
(241, 3),
(241, 4),
(245, 3),
(245, 4),
(247, 3),
(247, 4),
(259, 3),
(259, 4),
(262, 3),
(262, 4),
(263, 3),
(263, 4),
(269, 3),
(269, 4),
(272, 3),
(272, 4),
(273, 3),
(273, 4),
(277, 3),
(277, 4),
(298, 3),
(298, 4);

-- --------------------------------------------------------

--
-- Table structure for table `hissatsu_designed_for_attri`
--

CREATE TABLE `hissatsu_designed_for_attri` (
  `item_hissatsu_id` int(11) NOT NULL,
  `attri_id` int(11) NOT NULL
) ENGINE=InnoDB DEFAULT CHARSET=utf8mb4 COLLATE=utf8mb4_general_ci;

--
-- Dumping data for table `hissatsu_designed_for_attri`
--

INSERT INTO `hissatsu_designed_for_attri` (`item_hissatsu_id`, `attri_id`) VALUES
(33, 1),
(34, 1),
(72, 2),
(108, 3),
(111, 3),
(141, 4);

-- --------------------------------------------------------

--
-- Table structure for table `hissatsu_dribble`
--

CREATE TABLE `hissatsu_dribble` (
  `item_hissatsu_id` int(11) NOT NULL,
  `hissatsu_dribble_power` int(11) DEFAULT NULL,
  `hissatsu_dribble_tp` int(11) DEFAULT NULL,
  `hissatsu_dribble_participants` int(11) DEFAULT NULL,
  `hissatsu_dribble_foul` int(11) DEFAULT NULL
) ENGINE=InnoDB DEFAULT CHARSET=utf8mb4 COLLATE=utf8mb4_general_ci;

--
-- Dumping data for table `hissatsu_dribble`
--

INSERT INTO `hissatsu_dribble` (`item_hissatsu_id`, `hissatsu_dribble_power`, `hissatsu_dribble_tp`, `hissatsu_dribble_participants`, `hissatsu_dribble_foul`) VALUES
(144, 5, 20, 1, 1),
(145, 5, 20, 1, 1),
(146, 5, 20, 1, 1),
(147, 9, 20, 1, 5),
(148, 17, 25, 1, 1),
(149, 24, 27, 1, 5),
(150, 30, 31, 1, 1),
(151, 42, 36, 1, 1),
(152, 48, 39, 1, 1),
(153, 56, 41, 1, 5),
(154, 61, 44, 1, 1),
(155, 67, 47, 2, 1),
(156, 68, 46, 1, 5),
(157, 73, 50, 1, 1),
(158, 80, 53, 1, 1),
(159, 80, 53, 1, 1),
(160, 86, 56, 1, 1),
(161, 94, 57, 2, 10),
(162, 5, 20, 1, 1),
(163, 8, 21, 1, 1),
(164, 17, 25, 1, 1),
(165, 23, 28, 1, 1),
(166, 30, 31, 1, 1),
(167, 42, 36, 1, 1),
(168, 43, 35, 1, 5),
(169, 48, 39, 1, 1),
(170, 55, 42, 1, 1),
(171, 61, 44, 1, 1),
(172, 61, 44, 1, 1),
(173, 67, 47, 1, 1),
(174, 74, 49, 1, 5),
(175, 80, 53, 2, 1),
(176, 86, 56, 1, 1),
(177, 94, 57, 2, 10),
(178, 5, 20, 1, 1),
(179, 17, 25, 1, 1),
(180, 18, 27, 1, 5),
(181, 36, 33, 1, 1),
(182, 44, 25, 1, 40),
(183, 48, 33, 1, 1),
(184, 49, 38, 1, 5),
(185, 55, 42, 1, 1),
(186, 61, 44, 1, 1),
(187, 67, 47, 2, 1),
(188, 67, 47, 1, 1),
(189, 80, 53, 1, 1),
(190, 81, 42, 1, 40),
(191, 94, 57, 2, 10),
(192, 94, 57, 3, 10),
(193, 94, 48, 2, 40),
(194, 5, 20, 1, 1),
(195, 5, 20, 1, 1),
(196, 18, 24, 1, 5),
(197, 24, 27, 1, 5),
(198, 30, 31, 1, 1),
(199, 36, 33, 1, 1),
(200, 48, 39, 1, 1),
(201, 48, 39, 1, 1),
(202, 55, 42, 1, 1),
(203, 55, 42, 1, 1),
(204, 67, 47, 1, 1),
(205, 68, 46, 2, 5),
(206, 73, 50, 2, 1),
(207, 86, 56, 1, 1),
(208, 94, 57, 3, 10);

-- --------------------------------------------------------

--
-- Table structure for table `hissatsu_evokes_attri`
--

CREATE TABLE `hissatsu_evokes_attri` (
  `item_hissatsu_id` int(11) NOT NULL,
  `attri_id` int(11) NOT NULL
) ENGINE=InnoDB DEFAULT CHARSET=utf8mb4 COLLATE=utf8mb4_general_ci;

--
-- Dumping data for table `hissatsu_evokes_attri`
--

INSERT INTO `hissatsu_evokes_attri` (`item_hissatsu_id`, `attri_id`) VALUES
(1, 1),
(2, 1),
(3, 1),
(4, 1),
(5, 1),
(6, 1),
(7, 1),
(8, 1),
(9, 1),
(10, 1),
(11, 1),
(12, 1),
(13, 1),
(14, 1),
(15, 1),
(16, 1),
(17, 1),
(18, 1),
(19, 1),
(20, 1),
(21, 1),
(22, 1),
(23, 1),
(24, 1),
(25, 1),
(26, 1),
(27, 1),
(28, 1),
(29, 1),
(30, 1),
(31, 1),
(32, 1),
(33, 1),
(34, 1),
(144, 1),
(145, 1),
(146, 1),
(147, 1),
(148, 1),
(149, 1),
(150, 1),
(151, 1),
(152, 1),
(153, 1),
(154, 1),
(155, 1),
(156, 1),
(157, 1),
(158, 1),
(159, 1),
(160, 1),
(161, 1),
(209, 1),
(210, 1),
(211, 1),
(212, 1),
(213, 1),
(214, 1),
(215, 1),
(216, 1),
(217, 1),
(218, 1),
(219, 1),
(220, 1),
(221, 1),
(222, 1),
(223, 1),
(224, 1),
(225, 1),
(280, 1),
(281, 1),
(282, 1),
(283, 1),
(284, 1),
(285, 1),
(286, 1),
(287, 1),
(288, 1),
(289, 1),
(290, 1),
(291, 1),
(292, 1),
(293, 1),
(294, 1),
(295, 1),
(296, 1),
(297, 1),
(298, 1),
(35, 2),
(36, 2),
(37, 2),
(38, 2),
(39, 2),
(40, 2),
(41, 2),
(42, 2),
(43, 2),
(44, 2),
(45, 2),
(46, 2),
(47, 2),
(48, 2),
(49, 2),
(50, 2),
(51, 2),
(52, 2),
(53, 2),
(54, 2),
(55, 2),
(56, 2),
(57, 2),
(58, 2),
(59, 2),
(60, 2),
(61, 2),
(62, 2),
(63, 2),
(64, 2),
(65, 2),
(66, 2),
(67, 2),
(68, 2),
(69, 2),
(70, 2),
(71, 2),
(72, 2),
(73, 2),
(162, 2),
(163, 2),
(164, 2),
(165, 2),
(166, 2),
(167, 2),
(168, 2),
(169, 2),
(170, 2),
(171, 2),
(172, 2),
(173, 2),
(174, 2),
(175, 2),
(176, 2),
(177, 2),
(226, 2),
(227, 2),
(228, 2),
(229, 2),
(230, 2),
(231, 2),
(232, 2),
(233, 2),
(234, 2),
(235, 2),
(236, 2),
(237, 2),
(238, 2),
(239, 2),
(240, 2),
(241, 2),
(242, 2),
(243, 2),
(244, 2),
(299, 2),
(300, 2),
(301, 2),
(302, 2),
(303, 2),
(304, 2),
(305, 2),
(306, 2),
(307, 2),
(308, 2),
(309, 2),
(310, 2),
(311, 2),
(312, 2),
(313, 2),
(314, 2),
(74, 3),
(75, 3),
(76, 3),
(77, 3),
(78, 3),
(79, 3),
(80, 3),
(81, 3),
(82, 3),
(83, 3),
(84, 3),
(85, 3),
(86, 3),
(87, 3),
(88, 3),
(89, 3),
(90, 3),
(91, 3),
(92, 3),
(93, 3),
(94, 3),
(95, 3),
(96, 3),
(97, 3),
(98, 3),
(99, 3),
(100, 3),
(101, 3),
(102, 3),
(103, 3),
(104, 3),
(105, 3),
(106, 3),
(107, 3),
(108, 3),
(109, 3),
(110, 3),
(111, 3),
(112, 3),
(178, 3),
(179, 3),
(180, 3),
(181, 3),
(182, 3),
(183, 3),
(184, 3),
(185, 3),
(186, 3),
(187, 3),
(188, 3),
(189, 3),
(190, 3),
(191, 3),
(192, 3),
(193, 3),
(245, 3),
(246, 3),
(247, 3),
(248, 3),
(249, 3),
(250, 3),
(251, 3),
(252, 3),
(253, 3),
(254, 3),
(255, 3),
(256, 3),
(257, 3),
(258, 3),
(315, 3),
(316, 3),
(317, 3),
(318, 3),
(319, 3),
(320, 3),
(321, 3),
(322, 3),
(323, 3),
(324, 3),
(325, 3),
(326, 3),
(327, 3),
(328, 3),
(329, 3),
(330, 3),
(331, 3),
(332, 3),
(333, 3),
(113, 4),
(114, 4),
(115, 4),
(116, 4),
(117, 4),
(118, 4),
(119, 4),
(120, 4),
(121, 4),
(122, 4),
(123, 4),
(124, 4),
(125, 4),
(126, 4),
(127, 4),
(128, 4),
(129, 4),
(130, 4),
(131, 4),
(132, 4),
(133, 4),
(134, 4),
(135, 4),
(136, 4),
(137, 4),
(138, 4),
(139, 4),
(140, 4),
(141, 4),
(142, 4),
(143, 4),
(194, 4),
(195, 4),
(196, 4),
(197, 4),
(198, 4),
(199, 4),
(200, 4),
(201, 4),
(202, 4),
(203, 4),
(204, 4),
(205, 4),
(206, 4),
(207, 4),
(208, 4),
(259, 4),
(260, 4),
(261, 4),
(262, 4),
(263, 4),
(264, 4),
(265, 4),
(266, 4),
(267, 4),
(268, 4),
(269, 4),
(270, 4),
(271, 4),
(272, 4),
(273, 4),
(274, 4),
(275, 4),
(276, 4),
(277, 4),
(278, 4),
(279, 4),
(334, 4),
(335, 4),
(336, 4),
(337, 4),
(338, 4),
(339, 4),
(340, 4),
(341, 4),
(342, 4),
(343, 4),
(344, 4),
(345, 4),
(346, 4),
(347, 4),
(348, 4),
(349, 4),
(350, 4),
(351, 4);

-- --------------------------------------------------------

--
-- Table structure for table `hissatsu_evolves`
--

CREATE TABLE `hissatsu_evolves` (
  `item_hissatsu_id` int(11) NOT NULL,
  `growth_type_id` int(11) NOT NULL,
  `growth_rate_id` int(11) NOT NULL
) ENGINE=InnoDB DEFAULT CHARSET=utf8mb4 COLLATE=utf8mb4_general_ci;

--
-- Dumping data for table `hissatsu_evolves`
--

INSERT INTO `hissatsu_evolves` (`item_hissatsu_id`, `growth_type_id`, `growth_rate_id`) VALUES
(1, 1, 2),
(2, 1, 2),
(3, 2, 3),
(4, 1, 2),
(5, 1, 1),
(6, 1, 2),
(7, 1, 2),
(8, 1, 2),
(9, 2, 1),
(10, 2, 1),
(11, 2, 2),
(12, 2, 2),
(13, 1, 2),
(14, 1, 3),
(15, 2, 1),
(16, 1, 1),
(17, 1, 3),
(18, 2, 2),
(19, 2, 1),
(20, 3, 2),
(21, 2, 1),
(22, 1, 2),
(23, 2, 3),
(24, 1, 2),
(25, 2, 2),
(26, 1, 3),
(27, 2, 2),
(28, 2, 1),
(29, 2, 1),
(30, 2, 1),
(31, 3, 3),
(32, 3, 2),
(33, 1, 2),
(34, 1, 2),
(35, 2, 2),
(36, 1, 1),
(37, 2, 2),
(38, 2, 2),
(39, 1, 2),
(40, 2, 1),
(41, 1, 1),
(42, 2, 2),
(43, 2, 1),
(44, 1, 3),
(45, 1, 2),
(46, 1, 2),
(47, 2, 2),
(48, 1, 3),
(49, 2, 1),
(50, 2, 1),
(51, 1, 3),
(52, 2, 2),
(53, 2, 2),
(54, 2, 1),
(55, 2, 1),
(56, 2, 2),
(57, 1, 1),
(58, 2, 1),
(59, 1, 1),
(60, 2, 3),
(61, 2, 2),
(62, 2, 3),
(63, 3, 3),
(64, 1, 3),
(65, 1, 2),
(66, 2, 2),
(67, 1, 1),
(68, 3, 1),
(69, 2, 1),
(70, 3, 2),
(71, 3, 2),
(72, 2, 3),
(73, 3, 1),
(74, 1, 2),
(75, 1, 3),
(76, 2, 2),
(77, 1, 1),
(78, 1, 3),
(79, 1, 2),
(80, 2, 2),
(81, 2, 2),
(82, 1, 3),
(83, 1, 3),
(84, 1, 3),
(85, 1, 2),
(86, 1, 1),
(87, 1, 1),
(88, 2, 2),
(89, 1, 1),
(90, 3, 2),
(91, 1, 1),
(92, 2, 2),
(93, 2, 2),
(94, 2, 2),
(95, 2, 1),
(96, 1, 1),
(97, 2, 3),
(98, 1, 2),
(99, 1, 1),
(100, 1, 1),
(101, 2, 3),
(102, 2, 1),
(103, 2, 2),
(104, 2, 3),
(105, 1, 3),
(106, 2, 3),
(107, 2, 2),
(108, 1, 2),
(109, 3, 3),
(110, 2, 2),
(111, 1, 2),
(112, 3, 2),
(113, 1, 2),
(114, 1, 2),
(115, 1, 2),
(116, 2, 2),
(117, 2, 2),
(118, 3, 1),
(119, 1, 2),
(120, 1, 2),
(121, 1, 3),
(122, 2, 2),
(123, 2, 2),
(124, 2, 1),
(125, 2, 2),
(126, 1, 2),
(127, 1, 3),
(128, 1, 1),
(129, 2, 3),
(130, 2, 2),
(131, 2, 3),
(132, 1, 1),
(133, 1, 3),
(134, 2, 1),
(135, 2, 2),
(136, 1, 2),
(137, 1, 1),
(138, 1, 1),
(139, 3, 1),
(140, 1, 3),
(141, 2, 3),
(142, 3, 2),
(143, 3, 2),
(144, 1, 1),
(145, 1, 1),
(146, 2, 2),
(147, 2, 2),
(148, 2, 2),
(149, 2, 2),
(150, 2, 2),
(151, 1, 2),
(152, 1, 2),
(153, 1, 3),
(154, 1, 1),
(155, 2, 1),
(156, 2, 2),
(157, 1, 2),
(158, 2, 2),
(159, 1, 3),
(160, 2, 2),
(161, 2, 2),
(162, 1, 1),
(163, 2, 1),
(164, 2, 2),
(165, 1, 2),
(166, 2, 2),
(167, 1, 2),
(168, 2, 2),
(169, 1, 1),
(170, 2, 2),
(171, 2, 1),
(172, 2, 2),
(173, 1, 3),
(174, 1, 3),
(175, 2, 2),
(176, 2, 2),
(177, 2, 3),
(178, 2, 2),
(179, 2, 2),
(180, 1, 2),
(181, 1, 1),
(182, 1, 3),
(183, 2, 2),
(184, 2, 2),
(185, 2, 1),
(186, 1, 1),
(187, 2, 2),
(188, 2, 2),
(189, 2, 2),
(190, 1, 3),
(191, 2, 1),
(192, 2, 3),
(193, 2, 3),
(194, 1, 1),
(195, 1, 1),
(196, 1, 2),
(197, 2, 3),
(198, 1, 3),
(199, 1, 2),
(200, 2, 3),
(201, 2, 3),
(202, 1, 2),
(203, 1, 2),
(204, 2, 2),
(205, 2, 3),
(206, 2, 2),
(207, 2, 1),
(208, 1, 1),
(209, 1, 1),
(210, 1, 2),
(211, 1, 1),
(212, 2, 3),
(213, 1, 1),
(214, 1, 2),
(215, 2, 2),
(216, 2, 1),
(217, 1, 2),
(218, 2, 3),
(219, 1, 1),
(220, 1, 2),
(221, 2, 3),
(222, 1, 2),
(223, 2, 1),
(224, 1, 2),
(225, 1, 3),
(226, 2, 1),
(227, 2, 2),
(228, 2, 2),
(229, 1, 1),
(230, 2, 2),
(231, 1, 2),
(232, 2, 2),
(233, 1, 2),
(234, 1, 2),
(235, 2, 2),
(236, 2, 2),
(237, 1, 2),
(238, 1, 2),
(239, 2, 2),
(240, 2, 1),
(241, 2, 3),
(242, 2, 3),
(243, 2, 1),
(244, 1, 1),
(245, 1, 1),
(246, 1, 2),
(247, 2, 1),
(248, 1, 2),
(249, 1, 2),
(250, 2, 2),
(251, 1, 1),
(252, 2, 2),
(253, 1, 2),
(254, 1, 2),
(255, 1, 2),
(256, 1, 2),
(257, 1, 2),
(258, 1, 1),
(259, 2, 3),
(260, 2, 2),
(261, 2, 3),
(262, 1, 3),
(263, 1, 2),
(264, 2, 3),
(265, 1, 2),
(266, 1, 1),
(267, 1, 2),
(268, 1, 2),
(269, 2, 2),
(270, 1, 2),
(271, 1, 2),
(272, 1, 2),
(273, 1, 3),
(274, 2, 3),
(275, 2, 3),
(276, 1, 2),
(277, 2, 3),
(278, 1, 2),
(279, 2, 3),
(280, 1, 2),
(281, 1, 1),
(282, 2, 2),
(283, 1, 3),
(284, 2, 2),
(285, 1, 1),
(286, 3, 2),
(287, 1, 3),
(288, 1, 1),
(289, 1, 2),
(290, 2, 2),
(291, 2, 1),
(292, 1, 1),
(293, 1, 1),
(294, 2, 2),
(295, 2, 2),
(296, 1, 3),
(297, 2, 3),
(298, 3, 1),
(299, 1, 3),
(300, 2, 2),
(301, 1, 3),
(302, 2, 1),
(303, 1, 3),
(304, 1, 1),
(305, 2, 1),
(306, 2, 1),
(307, 2, 2),
(308, 2, 2),
(309, 2, 3),
(310, 2, 2),
(311, 3, 3),
(312, 1, 1),
(313, 2, 3),
(314, 3, 3),
(315, 1, 1),
(316, 1, 2),
(317, 2, 1),
(318, 2, 2),
(319, 2, 2),
(320, 2, 2),
(321, 1, 2),
(322, 2, 2),
(323, 2, 2),
(324, 1, 2),
(325, 1, 2),
(326, 1, 1),
(327, 2, 2),
(328, 2, 1),
(329, 2, 2),
(330, 3, 3),
(331, 2, 3),
(332, 3, 1),
(333, 3, 3),
(334, 2, 2),
(335, 1, 2),
(336, 1, 3),
(337, 2, 2),
(338, 1, 3),
(339, 1, 1),
(340, 1, 3),
(341, 1, 2),
(342, 1, 3),
(343, 1, 3),
(344, 2, 2),
(345, 2, 2),
(346, 2, 1),
(347, 2, 1),
(348, 1, 3),
(349, 1, 2),
(350, 3, 2),
(351, 3, 2);

-- --------------------------------------------------------

--
-- Table structure for table `hissatsu_helped_by_attri`
--

CREATE TABLE `hissatsu_helped_by_attri` (
  `item_hissatsu_id` int(11) NOT NULL,
  `attri_id` int(11) NOT NULL
) ENGINE=InnoDB DEFAULT CHARSET=utf8mb4 COLLATE=utf8mb4_general_ci;

--
-- Dumping data for table `hissatsu_helped_by_attri`
--

INSERT INTO `hissatsu_helped_by_attri` (`item_hissatsu_id`, `attri_id`) VALUES
(33, 3),
(34, 3),
(72, 4),
(73, 1),
(73, 3),
(108, 1),
(111, 1),
(141, 2),
(241, 4);

-- --------------------------------------------------------

--
-- Table structure for table `hissatsu_limited_by_gender`
--

CREATE TABLE `hissatsu_limited_by_gender` (
  `item_hissatsu_id` int(11) NOT NULL,
  `gender_id` int(11) NOT NULL
) ENGINE=InnoDB DEFAULT CHARSET=utf8mb4 COLLATE=utf8mb4_general_ci;

--
-- Dumping data for table `hissatsu_limited_by_gender`
--

INSERT INTO `hissatsu_limited_by_gender` (`item_hissatsu_id`, `gender_id`) VALUES
(354, 1),
(129, 2),
(150, 2),
(200, 2),
(216, 2),
(224, 2),
(235, 2),
(283, 2),
(303, 2),
(355, 2);

-- --------------------------------------------------------

--
-- Table structure for table `hissatsu_restricted_by_hissatsu_special_restriction`
--

CREATE TABLE `hissatsu_restricted_by_hissatsu_special_restriction` (
  `item_hissatsu_id` int(11) NOT NULL,
  `hissatsu_special_restriction_id` int(11) NOT NULL
) ENGINE=InnoDB DEFAULT CHARSET=utf8mb4 COLLATE=utf8mb4_general_ci;

-- --------------------------------------------------------

--
-- Table structure for table `hissatsu_shoot`
--

CREATE TABLE `hissatsu_shoot` (
  `item_hissatsu_id` int(11) NOT NULL,
  `hissatsu_shoot_power` int(11) DEFAULT NULL,
  `hissatsu_shoot_tp` int(11) DEFAULT NULL,
  `hissatsu_shoot_participants` int(11) DEFAULT NULL
) ENGINE=InnoDB DEFAULT CHARSET=utf8mb4 COLLATE=utf8mb4_general_ci;

--
-- Dumping data for table `hissatsu_shoot`
--

INSERT INTO `hissatsu_shoot` (`item_hissatsu_id`, `hissatsu_shoot_power`, `hissatsu_shoot_tp`, `hissatsu_shoot_participants`) VALUES
(1, 15, 20, 1),
(2, 15, 20, 1),
(3, 18, 25, 1),
(4, 20, 22, 1),
(5, 28, 25, 1),
(6, 34, 28, 1),
(7, 40, 31, 1),
(8, 47, 34, 2),
(9, 47, 40, 1),
(10, 55, 37, 2),
(11, 55, 37, 1),
(12, 60, 40, 2),
(13, 60, 40, 1),
(14, 72, 46, 1),
(15, 72, 46, 1),
(16, 80, 49, 2),
(17, 80, 49, 2),
(18, 80, 49, 2),
(19, 85, 52, 3),
(20, 85, 52, 1),
(21, 85, 52, 1),
(22, 85, 52, 1),
(23, 93, 55, 2),
(24, 93, 55, 3),
(25, 93, 66, 1),
(26, 93, 66, 1),
(27, 99, 58, 2),
(28, 99, 58, 2),
(29, 106, 61, 3),
(30, 106, 61, 3),
(31, 106, 61, 2),
(32, 113, 64, 1),
(33, 113, 64, 2),
(34, 120, 67, 2),
(35, 15, 20, 1),
(36, 15, 20, 1),
(37, 18, 21, 1),
(38, 21, 22, 1),
(39, 28, 25, 1),
(40, 34, 28, 1),
(41, 34, 28, 1),
(42, 41, 31, 1),
(43, 41, 31, 1),
(44, 47, 34, 2),
(45, 47, 34, 1),
(46, 54, 37, 2),
(47, 54, 37, 1),
(48, 60, 40, 1),
(49, 67, 43, 2),
(50, 67, 43, 1),
(51, 67, 43, 1),
(52, 73, 46, 2),
(53, 73, 46, 1),
(54, 73, 46, 1),
(55, 80, 49, 1),
(56, 80, 49, 1),
(57, 80, 49, 1),
(58, 86, 52, 3),
(59, 86, 52, 3),
(60, 86, 52, 2),
(61, 93, 55, 2),
(62, 93, 55, 1),
(63, 99, 58, 1),
(64, 99, 58, 1),
(65, 99, 58, 1),
(66, 99, 58, 1),
(67, 106, 61, 3),
(68, 106, 61, 3),
(69, 106, 61, 3),
(70, 113, 64, 3),
(71, 113, 64, 3),
(72, 120, 67, 2),
(73, 120, 67, 3),
(74, 15, 20, 1),
(75, 18, 21, 1),
(76, 21, 22, 1),
(77, 28, 25, 1),
(78, 28, 30, 1),
(79, 41, 31, 1),
(80, 41, 31, 1),
(81, 47, 34, 1),
(82, 47, 34, 2),
(83, 54, 37, 1),
(84, 54, 37, 2),
(85, 54, 44, 1),
(86, 60, 48, 1),
(87, 67, 43, 1),
(88, 73, 46, 1),
(89, 73, 46, 2),
(90, 73, 46, 1),
(91, 73, 46, 1),
(92, 80, 49, 1),
(93, 86, 62, 2),
(94, 86, 62, 1),
(95, 86, 52, 1),
(96, 86, 52, 1),
(97, 93, 55, 3),
(98, 93, 55, 2),
(99, 93, 55, 3),
(100, 93, 66, 3),
(101, 93, 55, 1),
(102, 99, 58, 2),
(103, 99, 58, 1),
(104, 99, 58, 1),
(105, 99, 58, 1),
(106, 113, 64, 3),
(107, 113, 64, 3),
(108, 113, 64, 2),
(109, 113, 76, 3),
(110, 120, 67, 1),
(111, 120, 67, 2),
(112, 120, 67, 3),
(113, 15, 20, 1),
(114, 15, 20, 1),
(115, 18, 21, 1),
(116, 21, 22, 1),
(117, 28, 25, 1),
(118, 34, 28, 1),
(119, 41, 37, 1),
(120, 47, 34, 2),
(121, 54, 37, 2),
(122, 54, 37, 1),
(123, 60, 40, 1),
(124, 60, 40, 1),
(125, 67, 43, 1),
(126, 67, 43, 1),
(127, 73, 46, 1),
(128, 73, 55, 2),
(129, 80, 49, 2),
(130, 80, 49, 3),
(131, 86, 62, 3),
(132, 86, 62, 1),
(133, 93, 55, 1),
(134, 93, 55, 1),
(135, 93, 55, 1),
(136, 99, 58, 2),
(137, 99, 69, 1),
(138, 106, 61, 3),
(139, 113, 64, 3),
(140, 113, 76, 1),
(141, 120, 67, 2),
(142, 120, 80, 3),
(143, 120, 67, 3);

-- --------------------------------------------------------

--
-- Table structure for table `hissatsu_shoot_can_have_shoot_special_property`
--

CREATE TABLE `hissatsu_shoot_can_have_shoot_special_property` (
  `item_hissatsu_id` int(11) NOT NULL,
  `shoot_special_property_id` int(11) NOT NULL
) ENGINE=InnoDB DEFAULT CHARSET=utf8mb4 COLLATE=utf8mb4_general_ci;

--
-- Dumping data for table `hissatsu_shoot_can_have_shoot_special_property`
--

INSERT INTO `hissatsu_shoot_can_have_shoot_special_property` (`item_hissatsu_id`, `shoot_special_property_id`) VALUES
(2, 1),
(4, 1),
(6, 1),
(18, 1),
(21, 1),
(31, 1),
(36, 1),
(37, 1),
(38, 1),
(41, 1),
(43, 1),
(44, 1),
(51, 1),
(53, 1),
(56, 1),
(57, 1),
(60, 1),
(62, 1),
(75, 1),
(77, 1),
(79, 1),
(80, 1),
(83, 1),
(96, 1),
(101, 1),
(105, 1),
(113, 1),
(114, 1),
(115, 1),
(116, 1),
(117, 1),
(121, 1),
(125, 1),
(126, 1),
(133, 1),
(134, 1),
(136, 1),
(3, 2),
(9, 2),
(25, 2),
(26, 2),
(78, 2),
(85, 2),
(86, 2),
(93, 2),
(94, 2),
(100, 2),
(109, 2),
(119, 2),
(128, 2),
(131, 2),
(132, 2),
(137, 2),
(140, 2),
(142, 2),
(7, 3),
(8, 3),
(10, 3),
(12, 3),
(45, 3),
(49, 3),
(61, 3),
(82, 3),
(88, 3),
(92, 3),
(95, 3),
(118, 3),
(122, 3),
(129, 3);

-- --------------------------------------------------------

--
-- Table structure for table `hissatsu_skill`
--

CREATE TABLE `hissatsu_skill` (
  `item_hissatsu_id` int(11) NOT NULL,
  `hissatsu_skill_effect_ja` varchar(400) DEFAULT NULL,
  `hissatsu_skill_effect_en` varchar(400) DEFAULT NULL,
  `hissatsu_skill_effect_es` varchar(400) DEFAULT NULL
) ENGINE=InnoDB DEFAULT CHARSET=utf8mb4 COLLATE=utf8mb4_general_ci;

--
-- Dumping data for table `hissatsu_skill`
--

INSERT INTO `hissatsu_skill` (`item_hissatsu_id`, `hissatsu_skill_effect_ja`, `hissatsu_skill_effect_en`, `hissatsu_skill_effect_es`) VALUES
(352, 'コマンドバトルで負けた際、相手に取られるファール率上昇。', 'Increases the chance of opponents committing fouls against the user.', 'Aumenta la posibilidad de falta a favor.'),
(353, '優勢時には点差に応じて習得選手のみが強化されるが劣勢時は点差に応じて弱体化される。', 'When winning, increases the user’s power based on the goal difference, but when losing it decreases based on the goal difference.', 'Al ir ganando, el usuario aumenta su poder en base a la diferencia de goles, pero al ir perdiendo su poder disminuye según la diferencia de goles.'),
(354, 'あらゆるコマンドバトルにおいて女子キャラ相手の場合に相手のテク値を０．９倍。', 'When dueling against a female player, decreases the opponent\'s power by multiplying it by 0.9.', 'Al enfrentar a una chica en un duelo, disminuye el poder del oponente al multiplicarla por 0,9.'),
(355, 'あらゆるコマンドバトルにおいて男子キャラ相手の場合に相手のテク値を０．９倍。', 'When dueling against a male player, decreases the opponent\'s power by multiplying it by 0.9.', 'Al enfrentar a un chico en un duelo, disminuye el poder del oponente al multiplicarla por 0,9.'),
(356, 'チームメンバー全員のドリブル時のテク値１．０５倍。', 'When the user is on the field, increases all teammates\' dribbling power by 1.05.', 'Cuando el usuario está en el campo, aumenta el poder de regate de todos los miembros del equipo en 1,05.'),
(357, '習得者がフィールド上にいると特定のポジション（DFの位置）にいる選手複数人に補正が掛かる。補正はドリブル時テク値１．１倍。', 'When the user is on the field, increases players\' placed in the DF zone dribbling power by 1.1.', 'Cuando el usuario está en el campo, aumenta el poder de regate de los jugadores en la zona de DF en 1,1.'),
(358, '取得経験値５０％アップ。', 'Increases the amount experience points gained by the user by 50%.', 'Aumenta los puntos de experiencia obtenidos por el usuario en un 50%.'),
(359, 'キーパー時テク値１．１倍。', 'Increases the user\'s saving power when the user is placed in the GK zone by 1.1.', 'Aumenta el poder de parada en 1,1 cuando el usuario está en la zona de PR.'),
(360, '習得者は10％の確率でトータルテク値１．５倍。', 'The user has a 10% chance of increasing their power by 1.5.', 'El usuario cuenta con un 10% de posibilidad de aumentar su poder en 1,5.'),
(361, '取得者はコマンドバトル時GPの消費量が10追加されるが、必殺技使用時のみトータルテク値１．２倍。', 'Increases the user\'s hissatsu technique power by 1.2 at the cost of decreasing their GP by 10 additional points on every duel.', 'Aumenta el consumo de PE del usuario en 10 puntos durante los duelos pero a cambio aumenta el poder de las supertécnicas en 1,2. '),
(362, '習得者がフィールド上にいるとき、チームメンバー全員のシュート時のテク値１．０５倍。', 'When the user is on the field, increases all teammates\' shoot power by 1.05.', 'Cuando el usuario está en el campo, aumenta el poder de tiro de todos los miembros del equipo en 1,05.'),
(363, '習得者がフィールド上にいると特定のポジション（FWの位置）にいる選手複数人に補正が掛かる。補正はシュート時テク値１．１倍。', 'When the user is on the field, increases players\' placed in the FW zone shoot power by 1.1.', 'Cuando el usuario está en el campo, aumenta el poder de tiro de los jugadores en la zona de DL en 1,1.'),
(364, '習得者がフィールド上にいるとき、チームのメンバー全員の移動速度１．０５倍。', 'When the user is on the field, increases all teammates\' speed by 1.05.', 'Cuando el usuario está en el campo, aumenta la rapidez de todos los miembros del equipo en 1,05.'),
(365, '習得者がフィールド上にいると特定のポジション（装備者が現在所属の位置）にいる選手複数人に補正が掛かる。補正は移動速度時テク値１．１倍。', 'When the user is on the field, increases players\' placed in the same zone as the user speed by 1.1.', 'Cuando el usuario está en el campo, aumenta la rapidez de los jugadores que pertenecen a la misma zona que el usuario en 1,1.'),
(366, '習得者の、必殺技の消費TPを４分の３する', 'Reduces the TP consumption of the user\'s hissatsu techniques by 25%', 'Disminuye el consumo de TP de las supertécnicas del usuario en un 25%.'),
(367, '習得者は属性有利時テク値２．５倍', 'Increases the user’s power when they have elemental advantage against the opponent by 2.5.', 'Aumenta el poder del usuario en 2,5 si su afinidad gana.'),
(368, '習得者は必殺技の消費TP１．２倍、引き換えにテク値１．２倍（必殺技を使用しなくても有効）', 'Increases the user\'s power by 1.2 at the cost of increasing their TP consumption on hissatsu techniques by 1.2 (effective even when not using hissatsu techniques).', 'Aumenta el consumo de PT del usuario al utilizar supertécnicas en 1,2 pero a cambio aumenta el poder en 1,2 (aunque no use supertécnica). '),
(369, '習得者がフィールド上にいるとき、チームメンバー全員のブロック時のテク値１．０５倍。', 'When the user is on the field, increases all teammates\' blocking power by 1.05.', 'Cuando el usuario está en el campo, aumenta el poder de bloqueo de todos los miembros del equipo en 1,05.'),
(370, '習得者がフィールド上にいると特定のポジション（MFの位置）にいる選手複数人に補正が掛かる。補正はブロック時テク値１．１倍。', 'When the user is on the field, increases players\' placed in the MF zone blocking power by 1.1.', 'Cuando el usuario está en el campo, aumenta el poder de bloqueo de los jugadores en la zona de MD en 1,1.'),
(371, 'バトル・試合終了時にフィールドにいた場合、自分の貰う経験値をほかのメンバーに分配する', 'Increases the amount experience points gained by teammates at the cost of decreasing the amount of experience points gained by the user.', 'El usuario no gana tantos puntos de experiencia por si mismo. Sin embargo, el resto de la experiencia será repartida a sus compañeros.'),
(372, '習得者がフィールドにいるとき、劣勢時点差にかかわらずメンバー全員あらゆるコマンドバトルで１．０５倍。', 'When the user is on the field and the team is losing, increases all teammates\' power by 1.05 regardless of the goal difference.', 'Cuando el usuario está en el campo y su equipo va perdiendo, aumenta el poder de todos los miembros del equipo en 1,05 sin importar la diferencia de goles.'),
(373, '習得者の残りTP減少時、ランダムでTP全回復', 'Randomly restores the user\'s TP when they are low.', 'De manera aleatoria se recuperarán los PT del usuario cuando estos escaseen.'),
(374, '習得者がフィールド上にいるとき、優勢時には点差に応じてチーム全員が強化されるが劣勢時は点差に応じて弱体化される。強化率の目安は（１＋０．０５×点差）倍。', 'When the user is on the field and the team is winning, increases other teammates\' power based on the goal difference, but when losing it decreases based on the goal difference (1 + 0.05 * goal difference).', 'Cuando el usuario está en el campo y su equipo va ganando, aumenta el poder de todos los miembros del equipo en base a la diferencia de goles, pero al ir perdiendo su poder disminuye según la diferencia de goles. (1 + 0.05 * diferencia de goles).'),
(375, '打ち消せるのは選手間の相性のみです。コマンドバトルを行っている選手それぞれの属性一致不一致補正はそのままである。', 'Nullifies the effect of elements between players in duels involving the user directly. The power bonus when using hissatsu techniques of the same element as the player remains the same.  ', 'Anula el efecto de la afinidad entre jugadores en los duelos que involucran directamente al usuario. Se mantiene el bonus de poder al usar supertécnicas de la misma afinidad que el jugador.'),
(376, '乱数次第でトータルテク値が減少するが、稀に爆発的火力を叩き出す。', 'Randomly decreases the user\'s power, but on rare occasions it\'s drastically increased.', 'Disminuye el poder del usuario aleatoriamente pero en ocasiones lo aumenta drasticamente.'),
(377, '一定の確率でコマンドバトル勝率アップ', 'Randomly increases the user\'s power.', 'Aumenta, al azar, el poder del usuario.'),
(378, 'コマンドバトルで負けた後、タクティクスを使用されたとき、とっぱコマンドを使用されたときなどの硬直状態からの復帰時間が早くなる。', 'When the user becomes stunned after losing a duel or because of an hissatsu tactics, it will recover faster.', 'Cuando el usuario está extenuado tras perder un duelo o por el efecto de una supertáctica, este se recuperará más rapidamente. ');

-- --------------------------------------------------------

--
-- Table structure for table `hissatsu_special_restriction`
--

CREATE TABLE `hissatsu_special_restriction` (
  `hissatsu_special_restriction_id` int(11) NOT NULL,
  `hissatsu_special_restriction_desc_ja` varchar(200) DEFAULT NULL,
  `hissatsu_special_restriction_desc_en` varchar(200) DEFAULT NULL,
  `hissatsu_special_restriction_desc_es` varchar(200) DEFAULT NULL
) ENGINE=InnoDB DEFAULT CHARSET=utf8mb4 COLLATE=utf8mb4_general_ci;

-- --------------------------------------------------------

--
-- Table structure for table `hissatsu_type`
--

CREATE TABLE `hissatsu_type` (
  `hissatsu_type_id` int(11) NOT NULL,
  `hissatsu_type_name_ja` varchar(32) DEFAULT NULL,
  `hissatsu_type_name_en` varchar(32) DEFAULT NULL,
  `hissatsu_type_name_es` varchar(32) DEFAULT NULL
) ENGINE=InnoDB DEFAULT CHARSET=utf8mb4 COLLATE=utf8mb4_general_ci;

--
-- Dumping data for table `hissatsu_type`
--

INSERT INTO `hissatsu_type` (`hissatsu_type_id`, `hissatsu_type_name_ja`, `hissatsu_type_name_en`, `hissatsu_type_name_es`) VALUES
(1, 'シュート', 'Shoot', 'Tiro'),
(2, 'ドリブル', 'Dribble', 'Regate'),
(3, 'ブロック', 'Block', 'Bloqueo'),
(4, 'キャッチ', 'Catch', 'Atajo'),
(5, 'スキル', 'Skill', 'Talento');

-- --------------------------------------------------------

--
-- Table structure for table `item`
--

CREATE TABLE `item` (
  `item_id` int(11) NOT NULL,
  `item_name_ja` varchar(32) DEFAULT NULL,
  `item_name_en` varchar(32) DEFAULT NULL,
  `item_name_es` varchar(32) DEFAULT NULL,
  `item_price_buy` int(11) DEFAULT NULL,
  `item_price_sell` int(11) DEFAULT NULL,
  `item_type_id` int(11) DEFAULT NULL
) ENGINE=InnoDB DEFAULT CHARSET=utf8mb4 COLLATE=utf8mb4_general_ci;

--
-- Dumping data for table `item`
--

INSERT INTO `item` (`item_id`, `item_name_ja`, `item_name_en`, `item_name_es`, `item_price_buy`, `item_price_sell`, `item_type_id`) VALUES
(1, 'スパイラルショット', 'Spiral Shot', 'Remate en Espiral', 400, NULL, 1),
(2, 'スピニングシュート', 'Spinning Shoot', 'Tiro Giratorio', 400, NULL, 1),
(3, 'すいせいシュート', 'Comet Shot', 'Tiro del Cometa', 600, NULL, 1),
(4, 'コンドルダイブ', 'Condor Dive', 'Ataque de Cóndor', 600, NULL, 1),
(5, 'コロドラシュート', 'Baby Dragon', 'Tiro Chispadraco', 800, NULL, 1),
(6, 'クロスドライブ', 'Cross Drive', 'Pase Cruzado', 1000, NULL, 1),
(7, 'バックトルネード', 'Back Tornado', 'Tornado Inverso', 1400, NULL, 1),
(8, 'ホークショット', 'Hawk Shot', 'Remate Halcón', 1800, NULL, 1),
(9, 'ツナミブースト', 'Tsunami Boost', 'Remate Tsunami', 1800, NULL, 1),
(10, 'イナズマおとし', 'Inazuma Drop', 'Trampolín Relámpago', 2200, NULL, 1),
(11, 'エターナルブリザード', 'Eternal Blizzard', 'Ventisca Eterna', 3200, NULL, 1),
(12, 'イナズマ1ごう', 'Inazuma-1', 'Súper Relámpago', 2600, NULL, 1),
(13, 'メガロドン', 'Megalodon', 'Megalodón', 2600, NULL, 1),
(14, 'ディバインアロー', 'Divine Arrow', 'Flecha Divina', 3600, NULL, 1),
(15, 'ザ・タイフーン', 'The Typhoon', 'Gran Tifón', 3600, NULL, 1),
(16, 'レボリューションV', ' Revolution V', 'Remate en V', 4200, NULL, 1),
(17, 'サンダービースト', 'Thunder Beast', 'Bestia del Trueno', 4200, NULL, 1),
(18, 'たつまきおとし', 'Whirlwind Drop', 'Torbellino Trampolín', 4200, NULL, 1),
(19, 'イナズマブレイク', 'Inazuma Break', 'Ruptura Relámpago', 10000, NULL, 1),
(20, 'ウルフレジェンド', 'Legendary Wolf', 'Aullido de Lobo', 10000, NULL, 1),
(21, 'ノーザンインパクト', 'Northen Impact', 'Balón Iceberg', 10000, NULL, 1),
(22, 'ゴッドノウズ', 'God Knows', 'Sabiduría Divina', 10000, NULL, 1),
(23, 'ワイバーンブリザード', 'Wyvern Blizzard', 'Ventisca Guiverno', 10000, NULL, 1),
(24, 'トライペガサス', 'Tri-Pegasus', 'Tri-Pegaso', 10000, NULL, 1),
(25, 'グングニル', 'Gungnir', 'Lanza de Odín', 10000, NULL, 1),
(26, 'エクスカリバー', 'Excalibur', 'Excalibur', 10000, NULL, 1),
(27, 'ザ・バース', 'The Dawn', 'La Aurora', 12000, NULL, 1),
(28, 'ザ・ハリケーン', 'The Hurricane', 'El Huracán', 12000, NULL, 1),
(29, 'イナズマ1ごうおとし', 'Inazuma-1 Drop', 'Supertrampolín Relámpago', 14000, NULL, 1),
(30, 'スペースペンギン', 'Space Penguins', 'Pingüino Espacial', 14000, NULL, 1),
(31, 'プライムレジェンド', 'Prime Legened', 'Cometa Legendario', 14000, NULL, 1),
(32, 'ゴッドブレイク', 'God Break', 'Disparo Sagrado', 16000, NULL, 1),
(33, 'ファイアブリザード', 'Fire Blizzard', 'Ventisca de Fuego', 16000, NULL, 1),
(34, 'クロスファイア', 'Cross Fire', 'Fuego Cruzado', 18000, NULL, 1),
(35, 'サイコショット', 'Psycho Shot', 'Psicorremate', 400, NULL, 1),
(36, 'ローリングキック', 'Rolling Kick', 'Disparo Rodante', 400, NULL, 1),
(37, 'ファントムシュート', 'Phantom Shoot', 'Tiro Fantasma', 600, NULL, 1),
(38, 'ひゃくれつショット', 'Wrath Shot', 'Chut de los 100 toques', 600, NULL, 1),
(39, 'フリーズショット', 'Freeze Shot', 'Chut Congelante', 800, NULL, 1),
(40, 'ラン・ボール・ラン', 'Run Ball Run', 'Balón Rodante', 1000, NULL, 1),
(41, 'ドラゴンクラッシュ', 'Dragon Crash', 'Remate Dragón', 1000, NULL, 1),
(42, 'クンフーヘッド', 'Kung Fu Header', 'Cabezazo Kung-Fu', 1400, NULL, 1),
(43, 'ローズスプラッシュ', 'Bed of Roses', 'Lecho de Rosas', 1400, NULL, 1),
(44, 'トカチェフボンバー', 'Acrobat Bomber', 'Bomba Acrobática', 1800, NULL, 1),
(45, 'ダークトルネード', 'Dark Tornado', 'Tornado Oscuro', 1800, NULL, 1),
(46, 'セキュリティショット', 'Security Shot', 'Remate de Seguridad', 2200, NULL, 1),
(47, 'アストロブレイク', 'Astro Break', 'Astro Remate', 2200, NULL, 1),
(48, 'ガニメデプロトン', 'Ganymede Ray', 'Rayo de Ganímedes', 2600, NULL, 1),
(49, 'にひゃくれつショット', 'Double Wrath Shot', 'Chut de los 200 toques', 3200, NULL, 1),
(50, 'カードバスター', 'Sweet Deal', 'Full Goleador', 3200, NULL, 1),
(51, 'ミラージュシュート', 'Mirage Shoot', 'Tiro Espejismo', 3200, NULL, 1),
(52, 'デュアルストライク', 'Dual Strike', 'Zapatazo Dual', 3600, NULL, 1),
(53, 'ぶんしんシュート', 'Clone Shot', 'Remate Múltiple', 3600, NULL, 1),
(54, 'デススピアー', 'Doom Spear', 'Lanza Letal', 3600, NULL, 1),
(55, 'ワイバーンクラッシュ', 'Wyvern Crash', 'Remate Guiverno', 4200, NULL, 1),
(56, 'アストロゲート', 'Astro Gate', 'Puerta Astral', 4200, NULL, 1),
(57, 'ペガサスショット', 'Pegasus Shot', 'Remate Pegaso', 4200, NULL, 1),
(58, 'こうていペンギン２ごう', 'Emperor Penguin No. 2', 'Pingüino Emperador Nº 2', 10000, NULL, 1),
(59, 'デスゾーン', 'Death Zone', 'Triángulo Letal', 10000, NULL, 1),
(60, 'ユニバースブラスト', 'Cosmic Blast', 'Disparo Cósmico', 10000, NULL, 1),
(61, 'ダブルトルネード', 'Double Tornado', 'Tornado Doble', 10000, NULL, 1),
(62, 'ドラゴンスレイヤー', 'Dragon Slayer', 'Megadragón', 10000, NULL, 1),
(63, 'こうていペンギン1ごう', 'Emperor Penguin No.1', 'Pingüino Emperador Nº 1', 12000, NULL, 1),
(64, 'ダークマター', 'Dark Matter', 'Carga Negativa', 12000, NULL, 1),
(65, 'ぶんしんデスゾーン', 'Clone Death Zone', 'Triángulo Múltiple', 12000, NULL, 1),
(66, 'ぶんしんペンギン', 'Clone Penguin', 'Pingüino Múltiple', 12000, NULL, 1),
(67, 'ダークフェニックス', 'Dark Phoenix', 'Fénix Oscuro', 14000, NULL, 1),
(68, 'デスゾーン２', 'Death Zone 2', 'Triángulo Letal 2', 14000, NULL, 1),
(69, 'スーパーノヴァ', 'Supernova', 'Supernova', 14000, NULL, 1),
(70, 'こうていペンギン3ごう', 'Emperor Penguin No. 3', 'Pingüino Emperador Nº 3', 16000, NULL, 1),
(71, 'グランフェンリル', 'Gran Fenrir', 'Gran Lobo', 16000, NULL, 1),
(72, 'シャドウ・レイ', 'Shadow Ray', 'Lluvia Oscura', 16000, NULL, 1),
(73, 'カオスブレイク', 'Chaos Break', 'Remate Caótico', 18000, NULL, 1),
(74, 'グレネードショット', 'Grenade Shot', 'Chut Granada', 400, NULL, 1),
(75, 'あびせげり', 'Heel Kick', 'Tiro Pirueta', 600, NULL, 1),
(76, 'メテオアタック', 'Meteor Attack', 'Ataque Meteorito', 600, NULL, 1),
(77, 'ファイアトルネード', 'Fire Tornado', 'Tornado de Fuego', 800, NULL, 1),
(78, 'パトリオットシュート', 'Patriot Shot', 'Remate Misil', 800, NULL, 1),
(79, 'ダイナマイトシュート', 'Dynamite Shot', 'Tiro Dinamita', 1400, NULL, 1),
(80, 'ダブルグレネード', 'Double Grenade', 'Granada Doble', 1400, NULL, 1),
(81, 'シャインドライブ', 'Shine Drive', 'Tiro Cegador', 1800, NULL, 1),
(82, 'ドこんじょうバット', 'Utter Gutsiness Bat', 'Bateo Total', 1800, NULL, 1),
(83, 'つうてんかくシュート', 'Steeple Shot', 'Torre de Osaka', 2200, NULL, 1),
(84, 'ツインブースト', 'Twin Boost', 'Remate Combinado', 2200, NULL, 1),
(85, 'アサルトシュート', 'Assault Shot', 'Remate Asalto', 2200, NULL, 1),
(86, 'RCシュート', 'Remote Combustion', 'Tiro Teledirigido', 2600, NULL, 1),
(87, 'ガンショット', 'Gun Shot', 'Cañonazo', 3200, NULL, 1),
(88, 'ドラゴンキャノン', 'Dragon Cannon', 'Cañón Dragón', 3600, NULL, 1),
(89, 'ドラゴントルネード', 'Dragon Tornado', 'Tornado Dragón', 3600, NULL, 1),
(90, 'ばくねつストーム', 'Fireball Storm', 'Tormenta de Fuego', 10000, NULL, 1),
(91, 'ヘルファイア', 'Hellfire', 'Llamarada Infernal', 3600, NULL, 1),
(92, 'りゅうせいブレード', 'Meteor Blade', 'Cañón de Meteoritos', 4200, NULL, 1),
(93, 'ほのおのかざみどり', 'Fire Rooster', 'Pájaro de Fuego', 10000, NULL, 1),
(94, 'デスレイン', 'Doom Rain', 'Lluvia Letal', 10000, NULL, 1),
(95, 'アトミックフレア', 'Atomic Flare', 'Llamarada Atómica', 10000, NULL, 1),
(96, 'ばくねつスクリュー', 'Fireball Screw', 'Torbellino de Fuego', 10000, NULL, 1),
(97, 'ザ・フェニックス', 'The Phoenix', 'Fénix', 10000, NULL, 1),
(98, 'ツインブーストＦ', 'Twin Boost F', 'Empuje Gemelo F', 10000, NULL, 1),
(99, 'トライアングルＺ', 'Triangle Z', 'Triángulo Z', 10000, NULL, 1),
(100, 'トリプルブースト', 'Triple Boost', 'Remate Triple', 10000, NULL, 1),
(101, 'てんくうおとし', 'Celestial Smash', 'Descenso Estelar', 10000, NULL, 1),
(102, 'タイガーストーム', 'Tiger Storm', 'Tormenta del Tigre', 12000, NULL, 1),
(103, 'ダブル・ジョー', 'Double Jaw', 'Mandíbulas Dobles', 12000, NULL, 1),
(104, 'こうていペンギンX', 'Emperor Penguin X', 'Pingüino Emperador X', 12000, NULL, 1),
(105, 'マキシマムファイア', 'Maximum Fire', 'Fuego Supremo', 12000, NULL, 1),
(106, 'ザ・ギャラクシー', 'The Galaxy', 'Tiro Galáctico', 16000, NULL, 1),
(107, 'ネオ・ギャラクシー', 'Neo Galaxy', 'Neo Tiro Galáctico', 16000, NULL, 1),
(108, 'ファイアブリザード', 'Fire Blizzard', 'Ventisca de Fuego', 16000, NULL, 1),
(109, 'グランドファイア', 'Grand Fire', 'Fuego Total', 16000, NULL, 1),
(110, 'Ｘブラスト', 'X-Blast', 'Disparo X', 18000, NULL, 1),
(111, 'クロスファイア', 'Crossfire', 'Fuego Helado', 18000, NULL, 1),
(112, 'ビッグバン', 'Big Bang', 'Big Bang', 18000, NULL, 1),
(113, 'スネークショット', 'Snake Shot', 'Remate Serpiente', 400, NULL, 1),
(114, 'ターザンキック', 'Tarzan Kick', 'Remate Tarzán', 400, NULL, 1),
(115, 'かみかくし', 'Teleport Shot', 'Rapto Divino', 600, NULL, 1),
(116, 'つちだるま', 'Dirt Ball', 'Bola de Fango', 600, NULL, 1),
(117, 'クルクルヘッド', 'Gyro Head', 'Cabezazo Yoyó', 800, NULL, 1),
(118, 'メガトンヘッド', 'Megaton Head', 'Cabezazo Megatón', 1000, NULL, 1),
(119, 'レインボーループ', 'Rainbow Arc', 'Arcoiris Luminoso', 1400, NULL, 1),
(120, 'ジャンピングサンダー', 'Leaping Thunder', 'Relámpago Saltón', 1800, NULL, 1),
(121, 'メガネクラッシュ', 'Spectacle Crash', 'Remate Gafas', 2200, NULL, 1),
(122, 'クンフーアタック', 'Kung Fu Fighting', 'Técnica Kung-fu', 2200, NULL, 1),
(123, 'リフレクトバスター', 'Reflect Buster', 'Disparo con Rebotes', 2600, NULL, 1),
(124, 'タイガードライブ', 'Tiger Drive', 'Remate del Tigre', 2600, NULL, 1),
(125, 'エッフェルドライブ', 'Eiffel Tower', 'Tiro Torre Eiffel', 3200, NULL, 1),
(126, 'パラディンストライク', 'Paladin Strike', 'Ataque de Paladín', 3200, NULL, 1),
(127, 'ドラゴングランド', 'Land Dragon', 'Dragón Terrestre', 3600, NULL, 1),
(128, 'ドこんじょうクラブ', 'Utter Gutsiness Club', 'Golf Total', 3600, NULL, 1),
(129, 'バタフライドリーム', 'Butterfly Trance', 'Baile de Mariposas', 4200, NULL, 1),
(130, 'スリングショット', 'Slingshot', 'Tirachinas', 4200, NULL, 1),
(131, 'イーグルバスター', 'Eagle Buster', 'Remate del Águila', 10000, NULL, 1),
(132, 'グラディウスアーチ', 'Gladius Arch', 'Círculo de Espadas', 10000, NULL, 1),
(133, 'オーディンソード', 'Odin Sword', 'Espada de Odín', 10000, NULL, 1),
(134, 'ゴッドキャノン', 'Almighty Cannon', 'Cañón Celestial', 10000, NULL, 1),
(135, 'ストライクサンバ', 'Samba Strike', 'Golpe de Samba', 10000, NULL, 1),
(136, 'ユニコーンブースト', 'Unicorn Boost', 'Remate Unicornio', 12000, NULL, 1),
(137, 'ヘブンドライブ', 'Heavenly Drive', 'Remate Celestial', 12000, NULL, 1),
(138, 'ガイアブレイク', 'Gaia Break', 'Remate de Gaia', 14000, NULL, 1),
(139, 'ジ・アース', 'The Earth', 'La Tierra', 16000, NULL, 1),
(140, 'ブレイブショット', 'Brave Shot', 'Disparo Valiente', 16000, NULL, 1),
(141, 'シャドウ・レイ', 'Shadow Ray', 'Lluvia Oscura', 18000, NULL, 1),
(142, 'ジェットストリーム', 'Jet Stream', 'Tiro a Reacción', 18000, NULL, 1),
(143, 'デスブレイク', 'Doom Break', 'Mangual Letal', 18000, NULL, 1),
(144, 'しっぷうダッシュ', 'Flurry Dash', 'Entrada Huracán', 200, NULL, 1),
(145, 'たまのりピエロ', 'Rodeo Clown', 'Equilibrismo', 200, NULL, 1),
(146, 'たつまきせんぷう', 'Whirlwind Twister', 'Torbellino Dragón', 200, NULL, 1),
(147, 'どくぎりのじゅつ', 'Poison Fog', 'Niebla Venenosa', 400, NULL, 1),
(148, 'ムーンサルト', 'Moonsault', 'Luna Creciente', 600, NULL, 1),
(149, 'ジグザグスパーク', 'Zigzag Spark', 'Zig Zag Explosivo', 800, NULL, 1),
(150, 'リボンシャワー', 'Ribbon Shower', 'Regate Rítmico', 1000, NULL, 1),
(151, 'カマイタチ', 'Whirlwind Cut', 'Remolino Cortante', 1400, NULL, 1),
(152, 'オーロラドリブル', 'Aurora Dribble', 'Regate Aurora', 1800, NULL, 1),
(153, 'オオウチワ', 'Big Fan', 'Paipay Gigante', 2200, NULL, 1),
(154, 'ビッグカード', 'Card Slap', 'Descarte', 2800, NULL, 1),
(155, 'あいきどう', 'Aikido', 'Aikido', 3200, NULL, 1),
(156, 'ダッシュストーム', 'Dash Storm', 'Entrada Tormenta', 3200, NULL, 1),
(157, 'ヘブンズタイム', 'Heaven\'s Time', 'Hora Celestial', 3600, NULL, 1),
(158, 'ウォーターベール', 'Water Veil', 'Bomba Géiser', 4200, NULL, 1),
(159, 'ふうじんのまい', 'Wind God\'s Dance', 'Danza del Viento', 4200, NULL, 1),
(160, 'エンゼルボール', 'Angel Ball', 'Balón Angelical', 10000, NULL, 1),
(161, 'エアライド', 'Air Ride', 'Patín Aéreo', 10000, NULL, 1),
(162, 'のろい', 'Black Magic', 'Maldición', 200, NULL, 1),
(163, 'マジック', 'Magic', 'Truco de Magia', 200, NULL, 1),
(164, 'スーパースキャン', 'Attack Scan', 'Escáner Ataque', 600, NULL, 1),
(165, 'イリュージョンボール', 'Illusion Ball', 'Espejismo de Balón', 600, NULL, 1),
(166, 'ざんぞう', 'Afterimage', 'Espejismo', 1000, NULL, 1),
(167, 'ワープドライブ', 'Warp Drive', 'Teleportación', 1400, NULL, 1),
(168, 'たつまきどくぎり', 'Dark Whirlwind', 'Tornado Venenoso', 1600, NULL, 1),
(169, 'まぼろしドリブル', 'Deceptor Dribble', 'Regate Espejismo', 1800, NULL, 1),
(170, 'ぶんしんフェイント', 'Clone Faker', 'Regate Múltiple', 2200, NULL, 1),
(171, 'ウルトラムーン', 'Ultra Moon', 'Ultra Lunar', 2800, NULL, 1),
(172, 'エコーボール', 'Echo Ball', 'Cúpula Sónica', 2800, NULL, 1),
(173, 'マタドールフェイント', 'Matador Feint', 'Engaño Torero', 3200, NULL, 1),
(174, 'サザンクロスカット', 'Southern Cross', 'Cruz del Sur', 3800, NULL, 1),
(175, 'デュアルパス', 'Dual Pass', 'Tuya-mía Doble', 4200, NULL, 1),
(176, 'デビルボール', 'Devil Ball', 'Balón Diabólico', 10000, NULL, 1),
(177, 'キラーフィールズ', 'Field of Force', 'Campo de Fuerza', 10000, NULL, 1),
(178, 'ひとりワンツー', 'Double Touch', 'Pared Solitaria', 200, NULL, 1),
(179, 'フーセンガム', 'Bubble Gum', 'Pompa de Chicle', 600, NULL, 1),
(180, 'ヒートタックル', 'Heat Tackle', 'Corte Flamígero', 800, NULL, 1),
(181, 'ならくおとし', 'Abaddon Drop', 'Tacón Infernal', 1200, NULL, 1),
(182, 'ジャッジスルー', 'Breakthrough', 'Coz', 1600, NULL, 1),
(183, 'ドッグラン', 'Dog Run', 'Balón Galgo', 1200, NULL, 1),
(184, 'メテオシャワー', 'Meteor Shower', 'Lluvia de Meteoros', 1800, NULL, 1),
(185, 'れっぷうダッシュ', 'Gale Dash', 'Avance Flamígero', 2200, NULL, 1),
(186, 'ライアーショット', 'Liar Shot', 'Amago de Tiro', 2800, NULL, 1),
(187, 'アルマジロサーカス', 'Armadillo Circus', 'Armadillo Circense', 3200, NULL, 1),
(188, 'ライトニングアクセル', 'Lightning Sprin', 'Acelerrelámpago', 3200, NULL, 1),
(189, 'フレイムベール', 'Flame Veil', 'Pantalla Ígnea', 4200, NULL, 1),
(190, 'ジャッジスルー２', 'Breakthrough 2', 'Coz 2', 4400, NULL, 1),
(191, 'ジ・イカロス', 'The Ikaros', 'Vuelo de Ícaro', 10000, NULL, 1),
(192, 'ブーストグライダー', 'Boost Glider', 'Potenciación', 10000, NULL, 1),
(193, 'ジャッジスルー３', 'Breakthrough 3', 'Coz 3', 10000, NULL, 1),
(194, 'ダッシュアクセル', 'Dash Accelerator', 'Acelerón', 200, NULL, 1),
(195, 'モンキーターン', 'Monkey Turn', 'Giro de Mono', 200, NULL, 1),
(196, 'スーパーアルマジロ', 'Super Armadillo', 'Superarmadillo', 600, NULL, 1),
(197, 'ごりむちゅう', 'Bewildered', 'Confusión', 800, NULL, 1),
(198, 'カンガルーキック', 'Kangaroo Kick', 'Patada Canguro', 1000, NULL, 1),
(199, 'モグラフェイント', 'Mole Fake', 'Regate Topo', 1200, NULL, 1),
(200, 'プリマドンナ', 'Prima Donna', 'Prima Donna', 1800, NULL, 1),
(201, 'シザース・ボム', 'Bewilder Blast', 'Ignición', 1800, NULL, 1),
(202, 'とうめいフェイント', 'Invisible Fake', 'Descodificación', 2200, NULL, 1),
(203, 'モグラシャッフル', 'Mole Shuffle', 'Sorteo de Balón', 2200, NULL, 1),
(204, 'Ｕ・ボート', 'Sub-Terfuge', 'Inmersión', 3600, NULL, 1),
(205, 'じごくぐるま', 'Rolling Hell', 'Rueda Infernal', 3200, NULL, 1),
(206, 'ニニンサンキャク', 'Three-Legged Rush', 'Carrera a tres Piernas', 3200, NULL, 1),
(207, 'スーパーエラシコ', 'Super Elastico', 'Súper Elástico', 10000, NULL, 1),
(208, 'トリプルダッシュ', 'Triple Dash', 'Sprint Triple', 10000, NULL, 1),
(209, 'コイルターン', 'Coil Turn', 'Giro Bobina', 200, NULL, 1),
(210, 'ブレードアタック', 'Blade Attack', 'Ataque Afilado', 600, NULL, 1),
(211, 'アイスグランド', 'Land of Ice', 'Paisaje Helado', 600, NULL, 1),
(212, 'スピニングカット', 'Spinning Cut', 'Corte Giratorio', 1200, NULL, 1),
(213, 'デザートストーム', 'Desert Blast', 'Tormenta de Arena', 200, NULL, 1),
(214, 'サイクロン', 'Cyclone', 'Ciclón', 1800, NULL, 1),
(215, 'プロファイルゾーン', 'Perimeter Zone', 'Zona de Seguridad', 2200, NULL, 1),
(216, 'ザ・タワー', 'The Tower', 'Torre Inexpugnable', 2200, NULL, 1),
(217, 'せんぷうじん', 'Whirlwind Force', 'Campo Torbellino', 2600, NULL, 1),
(218, 'しんくうま', 'Vac Attack', 'Golpe de Vacío', 2600, NULL, 1),
(219, 'スノーエンジェル', 'Snow Angel', 'Angel de Nieve', 3200, NULL, 1),
(220, 'ダブルサイクロン', 'Double Cyclone', 'Ciclón Doble', 3200, NULL, 1),
(221, 'ホエールガード', 'Whale Guard', 'Bloqueo Ballena', 3600, NULL, 1),
(222, 'フローズンスティール', 'Frozen Steal', 'Rompehielos', 4200, NULL, 1),
(223, 'ゴー・トゥ・ヘブン', 'Heaven\'s Ascent', 'Subida a los Cielos', 10000, NULL, 1),
(224, 'パーフェクト・タワー', 'Perfect Tower', 'Torre Perfecta', 10000, NULL, 1),
(225, 'ハリケーンアロー', 'Hurricane Arrows', 'Flecha Huracán', 10000, NULL, 1),
(226, 'クイックドロウ', 'Quick Draw', 'Robo Rápido', 200, NULL, 1),
(227, 'ドッペルゲンガー', 'Doppelganger', 'Doppelgänger', 200, NULL, 1),
(228, 'おんりょう', 'Ghost Pull', 'Gravedad', 400, NULL, 1),
(229, 'キラースライド', 'Killer Slide', 'Barrido Defensivo', 600, NULL, 1),
(230, 'スーパースキャン', 'Defence Scan', 'Escáner Defensa', 600, NULL, 1),
(231, 'フェイクボール', 'Fake Ball', 'Bola Falsa', 1000, NULL, 1),
(232, 'くものいと', 'Spider Web', 'Telaraña', 1200, NULL, 1),
(233, 'ウェルカムバック', 'Yo-Yo Ball', 'Engaño Yoyó', 1400, NULL, 1),
(234, 'かげぬい', 'Shadow Stitch', 'Ataque Sombrío', 1800, NULL, 1),
(235, 'グッドスメル', 'Sleeping Dust', 'Olor Embriagador', 1800, NULL, 1),
(236, 'ぶんしんディフェンス', 'Clone Defence', 'Defensa Múltiple', 2200, NULL, 1),
(237, 'スニーキングレイド', 'Am-Bush', 'Emboscada', 2800, NULL, 1),
(238, 'アステロイドベルト', 'Asteroid Belt', 'Cinto Astral', 3200, NULL, 1),
(239, 'デュアルストーム', 'Dual Storm', 'Dúo Magma', 3200, NULL, 1),
(240, 'ハーヴェスト', 'Harvest', 'Vendimia', 3800, NULL, 1),
(241, 'ロックウォールダム', 'Stone Wall', 'Presa', 4200, NULL, 1),
(242, 'デーモンカット', 'Diabolical Cut', 'Corte Diabólico', 4200, NULL, 1),
(243, 'ゴー・トゥ・ヘル', 'Hell\'s Descent', 'Caída a los Infiernos', 10000, NULL, 1),
(244, 'シグマゾーン', 'Sigma Zone', 'Zona Sigma', 10000, NULL, 1),
(245, 'ジャイアントスピン', 'Supreme Spin', 'Superpeonza', 400, NULL, 1),
(246, 'フォトンフラッシュ', 'Photon Crash', 'Flash de Fotones', 600, NULL, 1),
(247, 'スーパーしこふみ', 'Super Sumo Stomp', 'Super Pisotón de Sumo', 600, NULL, 1),
(248, 'フェイクボンバー', 'Fake Bomber', 'Bombazo', 1000, NULL, 1),
(249, 'じばしりかえん', 'Racing Flame', 'Estela Ígnea', 1200, NULL, 1),
(250, 'ジグザグフレイム', 'Zigzag Flame', 'Zigzag de Fuego', 1400, NULL, 1),
(251, 'フレイムダンス', 'Flame Dance', 'Baile de Llamas', 1800, NULL, 1),
(252, 'ボルケイノカット', 'Volcano Cut', 'Corte Volcánico', 2200, NULL, 1),
(253, 'ローリングスライド', 'Rolling Slide', 'Entrada Rodante', 2200, NULL, 1),
(254, 'さばきのてっつい', 'Divine Stamp', 'Apisonadora', 2800, NULL, 1),
(255, 'シューティングスター', 'Shooting Star', 'Cometa', 3200, NULL, 1),
(256, 'プラネットシールド', 'Planet Shield', 'Robo Planeta', 3600, NULL, 1),
(257, 'イグナイトスティール', 'Ignite Steal', 'Cortafuegos', 4200, NULL, 1),
(258, 'マッドエクスプレス', 'Mad Express', 'Tren Loco', 10000, NULL, 1),
(259, 'しこふみ', 'Sumo Stomp', 'Pisotón de Sumo', 200, NULL, 1),
(260, 'ホーントレイン', 'Horn Train', 'Embestida', 400, NULL, 1),
(261, 'うしろのしょうめん', 'About Face', 'Sorpresa', 600, NULL, 1),
(262, 'ザ・ウォール', 'The Wall', 'El Muro', 1000, NULL, 1),
(263, 'アースクェイク', 'Earthquake', 'Sismo', 1200, NULL, 1),
(264, 'グレイブストーン', 'Gravestone', 'Dientes de Roca', 1400, NULL, 1),
(265, 'グラビテイション', 'Gravitation', 'Gravitación', 1800, NULL, 1),
(266, 'パワーチャージ', 'Power Charge', 'Placaje Extremo', 1800, NULL, 1),
(267, 'ヘビーベイビー', 'Heavy Mettle', 'Gravedad Grave', 2200, NULL, 1),
(268, 'ストーンプリズン', 'Stone Prison', 'Jaula de Piedra', 2200, NULL, 1),
(269, 'メガクェイク', 'Mega Quake', 'Mega Terremoto', 2600, NULL, 1),
(270, 'アイアンウォール', 'Iron Wall', 'Muro de Hierro', 2600, NULL, 1),
(271, 'ブロックサーカス', 'Circus Block', 'Voltereta Circense', 3200, NULL, 1),
(272, 'メガウォール', 'Mega Wall', 'Gran Sabio', 3600, NULL, 1),
(273, 'ロードローラタックル', 'Road Roller', 'Aplanadora', 3600, NULL, 1),
(274, 'バーバリアンのたて', 'Barbarian Shield', 'Escudo Bárbaro', 4200, NULL, 1),
(275, 'ノーエスケイプ', 'No Escape', 'Emboscada Defensiva', 4400, NULL, 1),
(276, 'グランドクェイク', 'Ground Quake', 'Gran Seísmo', 10000, NULL, 1),
(277, 'ザ・マウンテン', 'The Mountain', 'La Montaña', 10000, NULL, 1),
(278, 'ボディシールド', 'Body Shield', 'Escudo corporal', 10000, NULL, 1),
(279, 'かごめかごめ', 'Bamboo Pattern', 'Trama', 10000, NULL, 1),
(280, 'スワンダイブ', 'Swan Dive', 'Salto del Cisne', 200, NULL, 1),
(281, 'トルネードキャッチ', 'Tornado Catch', 'Atajo Tornado', 400, NULL, 1),
(282, 'こがらし', 'Mistral', 'Hojarasca', 600, NULL, 1),
(283, 'はなふぶき', 'Flower Power', 'Tormenta de Pétalos', 1000, NULL, 1),
(284, 'つむじ', 'Whirlwind', 'Torbellino', 1200, NULL, 1),
(285, 'オーロラカーテン', 'Aurora Curtain', 'Cortina Aurora', 1400, NULL, 1),
(286, 'せいぎのてっけん', 'Fist of Justice', 'Super Puño Invencible', 1800, NULL, 1),
(287, 'ガラティーン', 'Galatyn', 'Espada Defensora', 1800, NULL, 1),
(288, 'グレートバリアリーフ', 'Barrier Reef', 'Gran Barrera de Coral', 1800, NULL, 1),
(289, 'セーフティプロテクト', 'Safety First', 'Muralla de Escudos', 2200, NULL, 1),
(290, 'つなみウォール', 'Tsunami Wall', 'Muralla Tsunami', 2600, NULL, 1),
(291, 'ストームライダー', 'Storm Rider', 'Simún', 2600, NULL, 1),
(292, 'ニードルハンマー', 'Needle Hammer', 'Martillo Defensor', 3200, NULL, 1),
(293, 'エレキトラップ', 'Electrap', 'Malla Eléctrica', 3600, NULL, 1),
(294, 'アイスブロック', 'Ice Block', 'Bloque de Hielo', 4200, NULL, 1),
(295, 'プロキオンネット', 'Procyon Net', 'Constelación Estelar', 10000, NULL, 1),
(296, 'じくうのかべ', 'Temporal Wall', 'Muro Dimensional', 14000, NULL, 1),
(297, 'ホーリーゾーン', 'Celestial Zone', 'Zona Sagrada', 14000, NULL, 1),
(298, 'ハイボルテージ', 'High Voltage', 'Voltaje Dual', 14000, NULL, 1),
(299, 'キラーブレード', 'Killer Blade', 'Cuchilla Asesina', 200, NULL, 1),
(300, 'ゆがむくうかん', 'Warp Space', 'Espiral de Distorsión', 400, NULL, 1),
(301, 'ゴッドハンド', 'God Hand', 'Mano Celestial', 0, NULL, 1),
(302, 'シュートポケット', 'Shot Pocket', 'Campo de Fuerza', 1000, NULL, 1),
(303, 'スラッシュネイル', 'Claw Slash', 'Uñas Afiladas', 1200, NULL, 1),
(304, 'マジン・ザ・ハンド', 'Majin the Hand', 'Mano Mágica', 0, NULL, 1),
(305, 'ブラックホール', 'Black Hole', 'Agujero Negro', 1400, NULL, 1),
(306, 'スティンガー', 'The Stinger', 'Aguijón', 1800, NULL, 1),
(307, 'ワームホール', 'Wormhole', 'Agujero de Gusano', 2200, NULL, 1),
(308, 'ぶんしんブロック', 'Clone Block', 'Parada Múltiple', 3200, NULL, 1),
(309, 'ビッグスパイダー', 'Giant Spider', 'Araña Gigante', 3600, NULL, 1),
(310, 'デュアルスマッシュ', 'Dual Smash', 'Bloqueo Doble', 3600, NULL, 1),
(311, 'ムゲン・ザ・ハンド', 'Mugen The Hand', 'Manos Infinitas', 4200, NULL, 1),
(312, 'イジゲン・ザ・ハンド', 'Dimensional Hand', 'Mano Ultradimensional', 10000, NULL, 1),
(313, 'ジ・エンド', 'The End', 'El Olvido', 14000, NULL, 1),
(314, 'まおう・ザ・ハンド', 'Fiend Hand', 'Mano Diabólica', 14000, NULL, 1),
(315, 'ねっけつパンチ', 'Fireball Knuckle', 'Despeje de Fuego', 200, NULL, 1),
(316, 'プレッシャーパンチ', 'Pressure Punch', 'Despeje a Presión', 200, NULL, 1),
(317, 'パワーシールド', 'Power Shield', 'Escudo de Fuerza', 600, NULL, 1),
(318, 'ロケットこぶし', 'Rocket Kobushi', 'Despeje Cohete', 600, NULL, 1),
(319, 'ねっけつヘッド', 'Fireball Head', 'Cabezonería', 1000, NULL, 1),
(320, 'フルパワーシールド', 'Full Power Shield', 'Escudo de Fuerza Total', 1200, NULL, 1),
(321, 'ばくれつパンチ', 'Blazing Knuckle', 'Despeje Explosivo', 1400, NULL, 1),
(322, 'かえんほうしゃ', 'Flame Breath', 'Lanzallamas', 1800, NULL, 1),
(323, 'カウンターストライク', 'Counter Strike', 'Puño Vengativo', 2200, NULL, 1),
(324, 'シュートラップ', 'Shot Trap', 'Malla Letal', 2200, NULL, 1),
(325, 'だいばくはつはりて', 'Nitro Slap', 'Rechace de Fuego', 2600, NULL, 1),
(326, 'ゴッドハンドX', 'God Hand X', 'Mano Celestial X', 3200, NULL, 1),
(327, 'ダブルロケット', 'Double Rocket', 'Puños Voladores', 3600, NULL, 1),
(328, 'ドリルスマッシャー', 'Drill Smasher', 'Destrozataladros', 4200, NULL, 1),
(329, 'バーンアウト', 'Burnout', 'Combustión', 4200, NULL, 1),
(330, 'ビーストファング', 'Beast Fang', 'Colmillo de Pantera', 10000, NULL, 1),
(331, 'ミリオンハンズ', 'Million Hands', 'Millón de Manos', 10000, NULL, 1),
(332, 'ゴッドハンドトリプル', 'Triple God Hand', 'Trimano Celestial', 12000, NULL, 1),
(333, 'タマシイ・ザ・ハンド', 'Soul Hand', 'Mano Espiritual', 14000, NULL, 1),
(334, 'タフネスブロック', 'Toughness Block', 'Bloque Dureza', 200, NULL, 1),
(335, 'まきわりチョップ', 'Wood Chopper', 'Despeje de Leñador', 200, NULL, 1),
(336, 'ゴッドハンド', 'God Hand', 'Mano Celestial', 400, NULL, 1),
(337, 'ワイルドクロー', 'Wild Claw', 'Garra Salvaje', 600, NULL, 1),
(338, 'ゴールずらし', 'Sliding Goal', 'Deslizamiento', 1200, NULL, 1),
(339, 'マジン・ザ・ハンド', 'Majin the Hand', 'Mano Mágica', 1200, NULL, 1),
(340, 'ドこんじょうキャッチ', 'Utter Gutsiness Catch', 'Mandril', 1400, NULL, 1),
(341, 'ちゃぶだいがえし', 'Table-Turner', 'Escudo Protector', 2200, NULL, 1),
(342, 'カードプロテクト', 'Card Protector', 'Baraja Fugaz', 2600, NULL, 1),
(343, 'コロッセオガード', 'Colosseum Guard', 'Guardia del Coliseo', 2600, NULL, 1),
(344, 'いかりのてっつい', 'Hammer of Fury', 'Puño de Furia', 10000, NULL, 1),
(345, 'カポエィラスナッチ', 'Capoeira Grab', 'Parada de Capoeira', 3200, NULL, 1),
(346, 'フラッシュアッパー', 'Flash Upper', 'Golpes de Luz', 3200, NULL, 1),
(347, 'トリプルディフェンス', 'Triple Defence', 'Defensa Triple', 3600, NULL, 1),
(348, 'ギガントウォール', 'Gigant Wall', 'Muralla Gigante', 4200, NULL, 1),
(349, 'むげんのかべ', 'Infinite Wall', 'Muralla Infinita', 10000, NULL, 1),
(350, 'ゴッドキャッチ', 'God Catch', 'Parada Celestial', 12000, NULL, 1),
(351, 'オメガ・ザ・ハンド', 'Omega Hand', 'Mano Omega', 14000, NULL, 1),
(352, 'イカサマ！', 'Trickery!', 'Piscinazo', 0, NULL, 1),
(353, 'イケイケ！', 'Move It!', '¡Vamos!', 0, NULL, 1),
(354, 'イケメンUP！', 'Cool Up!', 'Casanova', 0, NULL, 1),
(355, 'おいろけUP！', 'Charm Up!', 'Femme Fatale', 0, NULL, 1),
(356, 'オフェンスフォース', 'Offense Force', 'Fuerza Ofensiva', 0, NULL, 1),
(357, 'オフェンスプラス', 'Offence Plus', 'Ataque +', 0, NULL, 1),
(358, 'がくしゅう', 'Study', 'Repaso', 0, NULL, 1),
(359, 'キーパープラス', 'Keeper Plus', 'Portero +', 0, NULL, 1),
(360, 'クリティカル！', 'Critical!', 'Lance Crítico', 0, NULL, 1),
(361, 'こんしん！', 'Put Your Back Into It!', 'Mejor Garantía', 0, NULL, 1),
(362, 'シュートフォース', 'Shot Force', 'Fuerza de Tiro', 0, NULL, 1),
(363, 'シュートプラス', 'Shoot Plus', 'Tiro +', 0, NULL, 1),
(364, 'スピードフォース', 'Speed Force', 'Fuerza Veloz', 0, NULL, 1),
(365, 'スピードプラス', 'Speed Plus', 'Rapidez +', 0, NULL, 1),
(366, 'セツヤク！', 'Economy!', 'Ahorro', 0, NULL, 1),
(367, 'ぞくせいきょうか', 'Power Element', 'Carga Elemental', 0, NULL, 1),
(368, 'ちょうわざ！', 'Big Moves!', 'Ultratécnica', 0, NULL, 1),
(369, 'ディフェンスフォース', 'Defence Force', 'Fuerza Defensiva', 0, NULL, 1),
(370, 'ディフェンスプラス', 'Defence Plus', 'Defensa +', 0, NULL, 1),
(371, 'なまける', 'Slack Off', 'Vagueza', 0, NULL, 1),
(372, 'ネバーギブアップ', 'Never Give Up!', 'Siempre a Muerte', 0, NULL, 1),
(373, 'ふっかつ！', 'Comeback Kid!', '¡Que no Decaiga!', 0, NULL, 1),
(374, 'みんなイケイケ！', 'Everyone Move It!', '¡Vamos Todos!', 0, NULL, 1),
(375, 'むぞくせい', 'No Element', 'Anti-Afinidades', 0, NULL, 1),
(376, 'やくびょうがみ', 'Jinx', 'Gafe', 0, NULL, 1),
(377, 'ラッキー！', 'Lucky!', 'Suerte', 0, NULL, 1),
(378, 'リカバリー', 'Recovery', 'Recobro', 0, NULL, 1),
(379, 'イナズマＪスパイク', 'Inazuma J Spike', 'Botas Inazuma Japón', 0, NULL, 2),
(380, 'さわやかスパイク', 'Sawayaka Spike', 'Botas frescas', 100, NULL, 2),
(381, '傘美野スパイク', 'Kasamino Spike', 'Botas Umbrella', 120, NULL, 2),
(382, '青春スパイク', 'Seishun Spike', 'Botas juveniles', 180, NULL, 2),
(383, '御影専農スパイク', 'Mikage Sennou Spike', 'Botas mentales', 0, NULL, 2),
(384, 'ほしくずのシューズ', 'Hoshikuzu no Shoes', 'Calzado estelar', 250, NULL, 2),
(385, 'ホワイトスパイク', 'White Spike', 'Botas blancas', 250, NULL, 2),
(386, 'そよかぜスパイク', 'Soyokaze Spike', 'Botas vendaval', 400, NULL, 2),
(387, 'マーシャルシューズ', 'Marshall Shoes', 'Calzado mariscal', 400, NULL, 2),
(388, 'しっこくのスパイク', 'Shikkoku no Spike', 'Botas azabache', 0, NULL, 2),
(389, 'Ｄライオンシューズ', 'D Lion Shoes', 'Botas leoninas', 0, NULL, 2),
(390, 'ニンジャスパイク', 'Ninja Spike', 'Botas ninja', 600, NULL, 2),
(391, 'フェザースパイク', 'Feather Spike', 'Botas ligeras', 600, NULL, 2),
(392, 'ウイングスパイク', 'Wing Spike', 'Botas de Pegaso', 800, NULL, 2),
(393, '勝利のスパイク', 'Shouri no Spike', 'Botas exitosas', 0, NULL, 2),
(394, 'わくせいのシューズ', 'Wakusei no Shoes', 'Calzado astral', 0, NULL, 2),
(395, 'ネオジャパンスパイク', 'Neo Japan Spike', 'Botas Neo Japón', 0, NULL, 2),
(396, 'ハヤブサシューズ', 'Hayabusa Shoes', 'Botas de halcón', 1200, NULL, 2),
(397, '木戸川スパイク', 'Kidokawa Spike', 'Botas Kirkwood', 0, NULL, 2),
(398, 'しんせだいシューズ', 'Shinsedai Shoes', 'Botas mecánicas', 0, NULL, 2),
(399, 'ライダースシューズ', 'Riders Shoes', 'Calzado motero', 1600, NULL, 2),
(400, 'うちゅうのスパイク', 'Uchuu no Spike', 'Calzado espacial', 0, NULL, 2),
(401, 'グロウスパイク', 'Glow Spike', 'Botas hipersónicas', 0, NULL, 2),
(402, 'サンダースパイク', 'Thunder Spike', 'Botas relámpago', 0, NULL, 2),
(403, 'しんくうスパイク', 'Shinkuu Spike', 'Botas vacuas', 0, NULL, 2),
(404, 'ナイツスパイク', 'Knights Spike', 'Botas de caballero', 0, NULL, 2),
(405, 'ひょうけつスパイク', 'Hyouketsu Spike', 'Botas congelantes', 2000, NULL, 2),
(406, 'ブレインスパイク', 'Brain Spike', 'Botas de genio', 0, NULL, 2),
(407, 'バファナシューズ', 'Bafana Shoes', 'Botas bafana', 0, NULL, 2),
(408, 'シャンパンシューズ', 'Champagne Shoes', 'Zapatos champán', 0, NULL, 2),
(409, 'ユニコーンスパイク', 'Unicorn Spike', 'Botas Unicorn', 0, NULL, 2),
(410, 'コトアールシューズ', 'Cotarl Shoes', 'Botas costaleñas', 0, NULL, 2),
(411, 'オルフェウスシューズ', 'Orpheus Shoes', 'Botas Orfeo', 0, NULL, 2),
(412, 'てんくうのシューズ', 'Tenkuu no Shoes', 'Botas Sky Team', 0, NULL, 2),
(413, 'やみのシューズ', 'Yami no Shoes', 'Botas sombrías', 10000, NULL, 2),
(414, 'でんせつのスパイク', 'Densetsu no Spike', 'Botas legendarias', 20000, NULL, 2),
(415, '秋葉名戸スパイク', 'Shuuyou Meito Spike', 'Botas Otaku', 100, NULL, 2),
(416, 'のろいのスパイク', 'Noroi no Spike', 'Botas malditas', 0, NULL, 2),
(417, '稲妻ＫＦＣスパイク', 'Inazuma KFC Spike', 'Botas infantiles', 0, NULL, 2),
(418, 'チェッカーシューズ', 'Checker Shoes', 'Calzado a cuadros', 120, NULL, 2),
(419, 'ワイルドスパイク', 'Wild Spike', 'Botas salvajes', 0, NULL, 2),
(420, 'サーモスパイク', 'Thermo Spike', 'Botas térmicas', 180, NULL, 2),
(421, 'サリーズシューズ', 'Sally\'s Shoes', 'Botas Sallys', 180, NULL, 2),
(422, 'セキュリティシューズ', 'Security Shoes', 'Calzado seguro', 180, NULL, 2),
(423, 'せつげんのスパイク', 'Setsugen no Spike', 'Botas frías', 250, NULL, 2),
(424, 'どりょくのスパイク', 'Doryouku no Spike', 'Botas de currante', 250, NULL, 2),
(425, 'アローシューズ', 'Arrow Shoes', 'Botas certeras', 400, NULL, 2),
(426, 'たんれんスパイク', 'Tanren Spike', 'Botas diestras ', 400, NULL, 2),
(427, 'スマートスパイク', 'Smart Spike', 'Botas elegantes', 600, NULL, 2),
(428, '帝国スパイク', 'Teikoku Spike', 'Botas Royal', 0, NULL, 2),
(429, '大津波のスパイク', 'Otsunami no Spike', 'Botas Big Waves', 0, NULL, 2),
(430, '千羽山スパイク', 'Senbayama Spike', 'Botas campesinas', 0, NULL, 2),
(431, 'ナニワのスパイク', 'Naniwa no Spike', 'Botas Osakaland', 0, NULL, 2),
(432, 'ブレットスパイク', 'Bullet Spike', 'Botas perforadoras', 800, NULL, 2),
(433, '熱血スパイク', 'Nekketsu Spike', 'Botas ardientes', 1200, NULL, 2),
(434, 'ゆうぐれシューズ', 'Yuugure Shoes', 'Calzado penumbra', 1200, NULL, 2),
(435, 'あらぶるスパイク', 'Araburu Spike', 'Botas viles', 1600, NULL, 2),
(436, 'ディバインスパイク', 'Divine Spike', 'Botas divinas', 0, NULL, 2),
(437, 'マリンスパイク', 'Marine Spike', 'Botas marinas', 0, NULL, 2),
(438, 'ウエイクスパイク', 'Wake Spike', 'Botas motivadoras', 0, NULL, 2),
(439, '火竜のスパイク', 'Hiryuu no Spike', 'Botas dragontinas', 0, NULL, 2),
(440, 'しゃくねつスパイク', 'Shakunetsu Spike', 'Botas flamígeras', 2000, NULL, 2),
(441, 'スピリットシューズ', 'Spirit Shoes', 'Botas distinguidas', 0, NULL, 2),
(442, 'ソウルシューズ', 'Soul Shoes', 'Botas precisión', 0, NULL, 2),
(443, 'ふくつのスパイク', 'Fukutsu no Spike', 'Botas de poder', 0, NULL, 2),
(444, 'アルマダスパイク', 'Armada Spike', 'Botas ibéricas', 0, NULL, 2),
(445, 'ふくしゅうのスパイク', 'Fukushuu no Spike', 'Botas de represalia', 0, NULL, 2),
(446, 'エンパイアシューズ', 'Empire Shoes', 'Botas Emperadores', 0, NULL, 2),
(447, 'キングダムスパイク', 'Kingdom Spike', 'Botas Os Reis', 0, NULL, 2),
(448, 'こんとんのスパイク', 'Konton no Spike', 'Botas del orden', 0, NULL, 2),
(449, 'やぼうのスパイク', 'Yabou no Spike', 'Botas de anhelo', 0, NULL, 2),
(450, 'まかいのスパイク', 'Makai no Spike', 'Botas Dark Team', 0, NULL, 2),
(451, 'てんまのスパイク', 'Tenma no Spike', 'Botas de Dédalo', 0, NULL, 2),
(452, 'メイズスパイク', 'Maze Spike', 'Botas Ángel Oscuro', 10000, NULL, 2),
(453, 'イナズマスパイク', 'Inazuma Spike', 'Botas Inazuma', 20000, NULL, 2),
(454, 'オーガスパイク', 'Ogre Spike', 'Botas Ogro', 0, NULL, 2),
(455, 'イナズマＪグローブ', 'Inazuma J Glove', 'Guantes Inazuma Japón', 0, NULL, 2),
(456, '秋葉名戸グローブ', 'Shuuyou Meito Glove', 'Guantes Otaku', 0, NULL, 2),
(457, 'れんしゅうグローブ', 'Renshuu Glove', 'Guantes reusados', 100, NULL, 2),
(458, '稲妻ＫＦＣグローブ', 'Inazuma KFC Glove', 'Guantes infantiles', 0, NULL, 2),
(459, 'エアーハンド', 'Air Hand', 'Manoplas aéreas', 120, NULL, 2),
(460, '傘美野グローブ', 'Kasamino Glove', 'Guantes Umbrella', 120, NULL, 2),
(461, '青春グローブ', 'Seishun Glove', 'Guantes juveniles', 120, NULL, 2),
(462, 'のろいのグローブ', 'Noroi No Glove', 'Guantes malditos', 0, NULL, 2),
(463, 'ワイルドグラブ', 'Wild Grab', 'Guantes salvajes', 0, NULL, 2),
(464, 'サリーズグローブ', 'Sally\'s Glove', 'Guantes Sallys', 0, NULL, 2),
(465, 'さわやかグローブ', 'Sawayaka Glove', 'Guantes frescos', 180, NULL, 2),
(466, '勝利のグローブ', 'Shouri no Glove', 'Guantes exitosos', 180, NULL, 2),
(467, 'てっぺきのグローブ', 'Teppeki no Glove', 'Guantes telón de acero', 0, NULL, 2),
(468, '御影専農グローブ', 'Mikage Sennou Glove', 'Guantes Brain', 0, NULL, 2),
(469, 'きたぐにのグローブ', 'Kitaguni no Glove', 'Guantes norteños', 250, NULL, 2),
(470, 'じょうねつグローブ', 'Jounetsu Glove', 'Guantes en llamas', 250, NULL, 2),
(471, 'ミクログローブ', 'Micro Glove', 'Microguantes', 250, NULL, 2),
(472, 'かたみのグローブ', 'Katami no Glove', 'Guantes mecánicos', 0, NULL, 2),
(473, 'クンフーグローブ', 'Kung Fu Glove', 'Guantes kung-fu', 400, NULL, 2),
(474, 'じせだいグローブ', 'Jisedai Glove', 'Guantes legados', 0, NULL, 2),
(475, 'はがねのグローブ', 'Hagane no Glove', 'Guantes de acero', 400, NULL, 2),
(476, 'プリティハンド2', 'Pretty Hand 2', 'Guantes cucos 2', 400, NULL, 2),
(477, 'つわもののグローブ', 'Tsunemo no Glove', 'Guantes de poder', 0, NULL, 2),
(478, '帝国グローブ', 'Teikoku Glove', 'Guantes Royal', 0, NULL, 2),
(479, 'ニンジャグローブ', 'Ninja Glove', 'Guantes ninja', 0, NULL, 2),
(480, 'ひっしょうグローブ', 'Hisshou Glove', 'Guantes triunfo', 600, NULL, 2),
(481, 'オーロラハンド', 'Aurora Hand', 'Manoplas aurora', 0, NULL, 2),
(482, 'おとめのグローブ', 'Otome Glove', 'Guantes de dama', 800, NULL, 2),
(483, 'コロナハンド', 'Corona Hand', 'Manoplas reales', 0, NULL, 2),
(484, '千羽山グローブ', 'Senbayama Glove', 'Guantes Farm', 0, NULL, 2),
(485, 'だいしぜんグローブ', 'Daishizen Glove', 'Guantes naturales', 800, NULL, 2),
(486, 'マクログローブ', 'Macro Glove', 'Macroguantes', 0, NULL, 2),
(487, '大津波のグローブ', 'Otsunami no Glove', 'Guantes Big Waves', 0, NULL, 2),
(488, 'サンセットグローブ', 'Sunset Glove', 'Guantes del ocaso', 1200, NULL, 2),
(489, '熱血グローブ', 'Nekketsu Glove', 'Guantes ardientes', 1200, NULL, 2),
(490, 'はかいのグローブ', 'Hakai no Glove', 'Guantes del fin', 1200, NULL, 2),
(491, '木戸川グローブ', 'Kidokawa Glove', 'Guantes Kirkwood', 0, NULL, 2),
(492, 'ディバイングローブ', 'Divine Glove', 'Guantes divinos', 0, NULL, 2),
(493, 'リゾートハンド', 'Resort Hand', 'Manoplas de estío', 1600, NULL, 2),
(494, '時空のグローブ', 'Jikuu no Glove', 'Cronoguantes', 0, NULL, 2),
(495, 'Ｄライオングローブ', 'D Lion Glove', 'Guantes leoninos', 0, NULL, 2),
(496, 'ビッグバンハンド', 'Big Bang Hand', 'Manoplas Big Bang', 2000, NULL, 2),
(497, 'ネオジャパングローブ', 'Neo Japan Glove', 'Guantes Neo Japón', 0, NULL, 2),
(498, 'うらぎりのグローブ', 'Uragiri no Glove', 'Guantes rebeldes', 2800, NULL, 2),
(499, '火竜のグローブ', 'Hiryuu no Glove', 'Guantes dragontinos', 0, NULL, 2),
(500, 'シャンパングローブ', 'Champagne Glove', 'Guantes champán', 0, NULL, 2),
(501, 'アルマダグローブ', 'Armada Glove', 'Guantes ibéricos', 0, NULL, 2),
(502, 'ふくつのグローブ', 'Fukutsu no Glove', 'Guantes dobles', 0, NULL, 2),
(503, 'しんりんのグローブ', 'Shinrin No Glove', 'Guantes boscosos', 3800, NULL, 2),
(504, 'ナイツグローブ', 'Knights Glove', 'Guantes de caballero', 0, NULL, 2),
(505, 'バファナグローブ', 'Bafana Glove', 'Guantes bafana', 0, NULL, 2),
(506, 'イナズマグローブ', 'Inazuma Glove', 'Guantes Inazuma', 0, NULL, 2),
(507, 'エンパイアグローブ', 'Empire Glove', 'Guantes Emperadores', 0, NULL, 2),
(508, 'カードチームグローブ', 'Card Team Glove', 'Guantes Tarjeteros', 0, NULL, 2),
(509, 'てんくうのグローブ', 'Tenkuu no Glove', 'Guantes Sky Team', 0, NULL, 2),
(510, 'ふくしゅうのグローブ', 'Fukushuu no Glove', 'Guantes de represalia', 0, NULL, 2),
(511, 'まかいのグローブ', 'Makai no Glove', 'Guantes Dark Team', 0, NULL, 2),
(512, 'オルフェウスグローブ', 'Orpheus Glove', 'Guantes Orfeo', 0, NULL, 2),
(513, 'ユニコーングローブ', 'Unicorn Glove', 'Guantes Unicorn', 0, NULL, 2),
(514, 'キングダムグローブ', 'Kingdom Glove', 'Guantes Os Reis', 0, NULL, 2),
(515, 'コトアールグローブ', 'Cotarl Glove', 'Guantes costaleños', 0, NULL, 2),
(516, 'てんまのグローブ', 'Tenma no Glove', 'Guantes Ángel Oscuro', 0, NULL, 2),
(517, 'やぼうのグローブ', 'Yabou no Glove', 'Guantes de anhelo', 0, NULL, 2),
(518, 'オーガグローブ', 'Ogre Glove', 'Guantes Ogro', 0, NULL, 2),
(519, 'でんせつのグローブ', 'Densetsu no Glove', 'Guantes míticos', 0, NULL, 2),
(520, 'よごれたミサンガ', 'Yogoreta Misanga', 'Pulsera gastada', 100, NULL, 2),
(521, '青春ミサンガ', 'Seishun Misanga', 'Pulsera juvenil', 200, NULL, 2),
(522, 'チタンミサンガ', 'Titan Misanga', 'Pulsera de titanio', 350, NULL, 2),
(523, 'じょうねつミサンガ', 'Jounetsu Misanga', 'Pulsera pasión', 500, NULL, 2),
(524, '炎のミサンガ', 'Honoo no Misanga', 'Pulsera ígnea', 650, NULL, 2),
(525, 'ももいろミサンガ', 'Momoiro Misanga', 'Pulsera melocotón', 850, NULL, 2),
(526, '勝利のミサンガ', 'Shouri no Misanga', 'Pulsera exitosa', 1200, NULL, 2),
(527, 'だいちのミサンガ', 'Daichi no Misanga', 'Pulsera telúrica', 1600, NULL, 2),
(528, '熱血ミサンガ', 'Nekketsu Misanga', 'Pulsera ardiente', 2200, NULL, 2),
(529, 'イナズマミサンガ', 'Inazuma Misanga', 'Pulsera Inazuma', 3000, NULL, 2),
(530, 'コスモミサンガ', 'Cosmo Misanga', 'Cosmopulsera', 8000, NULL, 2),
(531, 'さいきょうミサンガ', 'Saikyou Misanga', 'Pulsera genial', 30000, NULL, 2),
(532, 'ジミなミサンガ', 'Jimina Misanga', 'Pulsera sobria', 0, NULL, 2),
(533, 'ハデなミサンガ', 'Hadena Misanga', 'Pulsera llamativa', 0, NULL, 2),
(534, 'どハデなミサンガ', 'Dohadena Misanga', 'Pulsera llamativa', 0, NULL, 2),
(535, '丈夫なミサンガ', 'Joubuna Misanga', 'Pulsera recia', 200, NULL, 2),
(536, 'ゆうじょうミサンガ', 'Yuujou Misanga', 'Pulsera amistad', 350, NULL, 2),
(537, 'おしゃれミサンガ', 'Oshare Misanga', 'Pulsera elegante', 500, NULL, 2),
(538, 'マッスルミサンガ', 'Muscle Misanga', 'Pulsera de cachas', 650, NULL, 2),
(539, 'きぼうのミサンガ', 'Kibou Misanga', 'Pulsera de fe', 850, NULL, 2),
(540, '幸せのミサンガ', 'Shiawase no Misanga', 'Pulsera jubilosa', 1600, NULL, 2),
(541, 'いこくのミサンガ', 'Ikoku no Misanga', 'Pulsera exótica', 2200, NULL, 2),
(542, 'ちかいのペンダント', 'Chikai no Pendant', 'Colgante fraterno', 0, NULL, 2),
(543, 'きずなのペンダント', 'Kizuna no Pendant', 'Colgante noble', 0, NULL, 2),
(544, 'ごうかなペンダント', 'Goukana Pendant', 'Colgante sincero', 0, NULL, 2),
(545, 'まよけのペンダント', 'Mayoke no Pendant', 'Colgante puro', 0, NULL, 2),
(546, 'いのりのペンダント', 'Inori no Pendant', 'Colgante leal', 0, NULL, 2),
(547, '守りのペンダント銅', 'Mamori no Pendant Dou', 'Amuleto bronce', 0, NULL, 2),
(548, '守りのペンダント銀', 'Mamori no Pendant Gin', 'Amuleto plata', 0, NULL, 2),
(549, '守りのペンダント金', 'Mamori no Pendant Kin', 'Amuleto oro', 0, NULL, 2),
(550, '力のペンダント銅', 'Chikara no Pendant Dou', 'Colgante poder bronce', 0, NULL, 2),
(551, '力のペンダント銀', 'Chikara no Pendant Gin', 'Colgante poder plata', 0, NULL, 2),
(552, '力のペンダント金', 'Chikara no Pendant Kin', 'Colgante poder oro', 0, NULL, 2),
(553, 'ねっけつＰ', 'Nekketsu points', 'Puntos de pasión', NULL, NULL, 3),
(554, 'ゆうじょうＰ', 'Yuujou points', 'Puntos de amistad', NULL, NULL, 3),
(555, 'けいけんち', 'Experience points', 'Puntos de experiencia', NULL, NULL, 3),
(556, '赤いコイン', 'Red Coin', 'Ficha Roja', NULL, 10, 3),
(557, '青いコイン', 'Blue Coin', 'Ficha Azul', NULL, 10, 3),
(558, '黄色いコイン', 'Yellow Coin', 'Ficha Amarilla', 10, NULL, 3),
(559, '古びたピンバッチ', 'Old Pin Badge', 'Chapa Vieja', NULL, NULL, 3),
(560, 'たまごろう', 'Tamagoro', 'Peabody', NULL, NULL, 4),
(561, 'マックス', 'Makkusu', 'Max', NULL, NULL, 4),
(562, 'なつみ', 'Natsumi', 'Nelly', NULL, NULL, 4),
(563, 'ふゆか', 'Fuyuka', 'Cammy', NULL, NULL, 4),
(564, 'おとなし', 'Otonashi', 'Celia', NULL, NULL, 4),
(565, 'きの', 'Kino', 'Silvia', NULL, NULL, 4),
(566, '福岡のチケット', 'Fukuoka Map', 'Mapa de Fukuoka', NULL, NULL, 5),
(567, '奈良のチケット', 'Nara Map', 'Mapa de Nara', NULL, NULL, 5),
(568, 'フェリーのチケット', 'Okinawa Map', 'Mapa de Okinawa', NULL, NULL, 5),
(569, '阪のチケット', 'Osaka Map', 'Mapa de Osaka', NULL, NULL, 5),
(570, '遊園地のチケット', 'Osakaland Map', 'Mapa de Osakaland', NULL, NULL, 5),
(571, 'サッカー部室の鍵', 'Soccer Club Key', 'Llave club', NULL, NULL, 6),
(572, '体育館の鍵', 'Gym Key', 'Llave del gimnasio', NULL, NULL, 6),
(573, '研究室の鍵', 'Laboratory Key', 'Llave del laboratorio', NULL, NULL, 6),
(574, 'カノンの家の鍵', 'Canon\'s house Key', 'Llave de la casa de Canon', NULL, NULL, 6),
(575, 'でんしょうの鍵', 'Legendary Key', 'Llave legendaria', NULL, NULL, 6),
(576, '駄菓子屋の鍵', 'Sweet Shop Key', 'Llave tienda chuches', NULL, NULL, 6),
(577, '地下道路の鍵', 'Underground Tunnel Key', 'Llave túnel', NULL, NULL, 6),
(578, 'カノンの通信機', 'Canon\'s Phone', 'Comunicador de Canon', NULL, NULL, 6),
(579, '戦士たちのほこり', 'Warrior pride', 'Orgullo guerrero', NULL, NULL, 7),
(580, 'アジア予選の思い出', 'Asian Qualifying Memories', 'Recuerdos de Asia', NULL, NULL, 7),
(581, 'カオスチケット', 'Chaos Card', 'Tarjeta del futuro', NULL, NULL, 7),
(582, 'イプシロンチケット', 'Epsilon Card', 'Tarjeta Épsilon', NULL, NULL, 7),
(583, 'イプシロン改チケット', 'Epsilon Plus Card', 'Tarjeta Épsilon Plus', NULL, NULL, 7),
(584, 'ジェミニチケット', 'Gemini Card', 'Tarjeta Géminis', NULL, NULL, 7),
(585, 'ジェネシスチケット', 'Genesis Card', 'Tarjeta Génesis', NULL, NULL, 7),
(586, 'イナズマチケット', 'Inazuma Card', 'Tarjeta Inazuma', NULL, NULL, 7),
(587, 'ワールドチケット', 'World Card', 'Tarjeta mundial', NULL, NULL, 7),
(588, 'コンサートチケット', 'Musical Card', 'Tarjeta musical', NULL, NULL, 7),
(589, '真・帝国学園チケット', 'R. A. Redux Card', 'Tarjeta R. A. Redux', NULL, NULL, 7),
(590, 'カードチケット', 'Card VS Card', 'Tarjeta tarjetera', NULL, NULL, 7),
(591, '闇のチケット', 'Dark Card', 'Tarjeta tenebrosa', NULL, NULL, 7),
(592, 'ウラゼウスチケット', 'Ultra Zeus Card', 'Tarjeta Ultra Zeus', NULL, NULL, 7),
(593, 'ゼウスチケット', 'Zeus Card', 'Tarjeta Zeus', NULL, NULL, 7),
(594, 'ぎゅうにゅう', 'Milk', 'Leche', NULL, NULL, 8),
(595, 'ミネラルウォーター', 'Mineral water', 'Agua mineral', NULL, NULL, 8),
(596, 'スポーツウォーター', 'Sports water', 'Agua isotónica', NULL, NULL, 8),
(597, 'スーパーウォーター', 'Super water', 'Agua medicinal', NULL, NULL, 8),
(598, 'スペシャルドリンク', 'Special drink', 'Bebida especial', NULL, NULL, 8),
(599, 'おにぎり', 'Rice ball', 'Bola de arroz', NULL, NULL, 8),
(600, 'クッキーフレーバー', 'Cookie', 'Galleta', NULL, NULL, 8),
(601, 'スタミナフレーバー', 'Bar', 'Barrita', NULL, NULL, 8),
(602, 'ハイパーフレーバー', 'Chocolate', 'Chocolate', NULL, NULL, 8),
(603, 'スペシャルフレーバー', 'Special Bar', 'Barrita especial', NULL, NULL, 8),
(604, 'ラーメン', 'Ramen', 'Fideos', NULL, NULL, 8),
(605, 'ごくじょうのおでん', 'Youth Oden', 'Pinchito supremo', NULL, NULL, 8),
(606, 'さいごのノート一', 'Ultimate Note 1', 'Cuaderno definitivo Extracto 1', NULL, NULL, 9),
(607, 'さいごのノート二', 'Ultimate Note 2', 'Cuaderno definitivo Extracto 2', NULL, NULL, 9),
(608, 'さいごのノート三', 'Ultimate Note 3', 'Cuaderno definitivo Extracto 3', NULL, NULL, 9),
(609, 'さいごのノート四', 'Ultimate Note 4', 'Cuaderno definitivo Extracto 4', NULL, NULL, 9),
(610, 'さいごのノート五', 'Ultimate Note 5', 'Cuaderno definitivo Extracto 5', NULL, NULL, 9),
(611, 'さいごのノート六', 'Ultimate Note 6', 'Cuaderno definitivo Extracto 6', NULL, NULL, 9),
(612, 'さいごのノート七', 'Ultimate Note 7', 'Cuaderno definitivo Extracto 7', NULL, NULL, 9),
(613, 'さいごのノート八', 'Ultimate Note 8', 'Cuaderno definitivo Extracto 8', NULL, NULL, 9),
(614, 'さいごのノート九', 'Ultimate Note 9', 'Cuaderno definitivo Extracto 9', NULL, NULL, 9),
(615, 'さいごのノート十', 'Ultimate Note 10', 'Cuaderno definitivo Extracto 10', NULL, NULL, 9),
(616, 'さいごのノート十一', 'Ultimate Note 11', 'Cuaderno definitivo Extracto 11', NULL, NULL, 9),
(617, '雷門中ウェア', 'Raimon Kit', 'Equipo Raimon', NULL, NULL, 10),
(618, '帝国ウェア', 'Royal Kit', 'Equipo Royal', NULL, NULL, 10),
(619, '尾刈斗ウェア', 'Occult Kit', 'Equipo Occult', NULL, NULL, 10),
(620, '野生中ウェア', 'Wild Kit', 'Equipo Wild', NULL, NULL, 10),
(621, '御影ウェア', 'Brain Kit', 'Equipo Brain', NULL, NULL, 10),
(622, '秋葉ウェア', 'Otaku Kit', 'Equipo Otaku', NULL, NULL, 10),
(623, '戦国ウェア', 'Shuriken Kit', 'Equipo Shuriken', NULL, NULL, 10),
(624, '千羽山ウェア', 'Farm Kit', 'Equipo Farm', NULL, NULL, 10),
(625, '木戸川ウェア', 'Kirkwood Kit', 'Equipo Kirkwood', NULL, NULL, 10),
(626, '世宇子ウェア', 'Zeus Kit', 'Equipo Zeus', NULL, NULL, 10),
(627, 'KFCウェア', 'Kids Kit', 'Equipo Kids FC', NULL, NULL, 10),
(628, '傘美野ウェア', 'Umbrella Kit', 'Equipo Umbrella', NULL, NULL, 10),
(629, 'れきせんのウェア', 'Old School', 'Vieja Escuela', NULL, NULL, 10),
(630, 'サリーズウェア', 'Sallys Kit', 'Equipo Sallys', NULL, NULL, 10),
(631, 'ジェミニウェア', 'Gemini Kit', 'Equipo Géminis', NULL, NULL, 10),
(632, 'イプシロンウェア', 'Epsilon Kit', 'Equipo Épsilon', NULL, NULL, 10),
(633, 'ジェネシスウェア', 'Genesis Kit', 'Equipo Génesis', NULL, NULL, 10),
(634, 'SPウェア', 'Secret Service Kit', 'Equipo Servicio Secreto', NULL, NULL, 10),
(635, '白恋ウェア', 'Alpine Kit', 'Equipo Alpino', NULL, NULL, 10),
(636, '漫遊寺ウェア', 'Cloister Kit', 'Equipo Claustro', NULL, NULL, 10),
(637, '真・帝国学園ウェア', 'Royal Academy Redux Kit', 'Equipo Royal Academy Redux', NULL, NULL, 10),
(638, '陽花戸ウェア', 'Fauxshore Kit', 'Equipo Fauxshore', NULL, NULL, 10),
(639, '大海原中ウェア', 'Mary Times Kit', 'Equipo Mary Times', NULL, NULL, 10),
(640, 'ダークEウェア', 'Dark Emperors Kit', 'Equipo Emperadores Oscuros', NULL, NULL, 10),
(641, '大阪ギャルズウェア', 'Triple C Kit', 'Equipo Triple C', NULL, NULL, 10),
(642, '警備マシンズウェア', 'Robot Guards Kit', 'Equipo Robots Guardias', NULL, NULL, 10),
(643, 'プロミネンスウェア', 'Prominence Kit', 'Equipo Prominence', NULL, NULL, 10),
(644, 'D･ダストウェア', 'Diamond Dust Kit', 'Equipo Polvo de Diamantes', NULL, NULL, 10),
(645, 'カオスウェア', 'Chaos Kit', 'Equipo Caos', NULL, NULL, 10),
(646, 'イナズマJウェア', 'Inazuma Japan Kit', 'Equipo Inazuma Japón', NULL, NULL, 10),
(647, 'Ｂウェイブスウェア', 'Big Waves Kit', 'Equipo Big Waves', NULL, NULL, 10),
(648, 'Ｄライオンウェア', 'Desert Lions Kit', 'Equipo Leones del Desierto', NULL, NULL, 10),
(649, 'ネオジャパンウェア', 'Neo Japan Kit', 'Equipo Neo Japón', NULL, NULL, 10),
(650, 'Fドラゴンウェア', 'Fire Dragon Kit', 'Equipo Dragones de Fuego', NULL, NULL, 10),
(651, 'K・O・Qウェア', 'Knights of Queen Kit', 'Equipo Knights of Queen', NULL, NULL, 10),
(652, 'チームKsウェア', 'Team D Kit', 'Equipo D', NULL, NULL, 10),
(653, 'エンパイアウェア', 'The Empire Kit', 'Equipo Emperadores', NULL, NULL, 10),
(654, 'ユニコーンウェア', 'Unicorn Kit', 'Equipo Unicorn', NULL, NULL, 10),
(655, 'オルフェウスウェア', 'Orpheus Kit', 'Equipo Orfeo', NULL, NULL, 10),
(656, 'ガルシルドウェア', 'Zoolan Kit', 'Equipo Zoolan', NULL, NULL, 10),
(657, 'キングダムウェア', 'The Kingdom Kit', 'Equipo Os Reis', NULL, NULL, 10),
(658, 'Lギガントウェア', 'Little Gigant Kit', 'Equipo Pequeños Gigantes', NULL, NULL, 10),
(659, 'Rグリフォンウェア', 'Rose Griffons Kit', 'Equipo Grifos de la Rosa', NULL, NULL, 10),
(660, 'マタドールウェア', 'Red Matador Kit', 'Equipo Los Rojos', NULL, NULL, 10),
(661, 'ブロッケンウェア', 'Brocken Brigade Kit', 'Equipo Brocken Brigade', NULL, NULL, 10),
(662, 'Gホーンウェア', 'The Cape Crusaders Kit', 'Equipo Caimanes del Cabo', NULL, NULL, 10),
(663, 'てんくうのウェア', 'Sky Team Kit', 'Equipo Sky Team', NULL, NULL, 10),
(664, '魔界軍団ウェア', 'Dark Team Kit', 'Equipo Dark Team', NULL, NULL, 10),
(665, 'てんまのウェア', 'Dark Angels Kit', 'Equipo Ángel Oscuro', NULL, NULL, 10),
(666, 'オーガウェア', 'Ogre Kit', 'Equipo Ogro', NULL, NULL, 10),
(667, 'アトランチクウェア', 'Atlantica', 'Mar Adentro', NULL, NULL, 10),
(668, 'あめのウェア', 'Rain', 'Estelas Blancas', NULL, NULL, 10),
(669, 'いちばんぼしウェア', 'First Star', 'Estrella Temprana', NULL, NULL, 10),
(670, 'カームウェア', 'Calm', 'Serenidad', NULL, NULL, 10),
(671, 'カミナリウェア', 'Thunder', 'Relámpago', NULL, NULL, 10),
(672, 'がんじょうウェア', 'Firm', 'Resistente', NULL, NULL, 10),
(673, 'カンフーウェア', 'Kung-Fu', 'Kung-Fu', NULL, NULL, 10),
(674, 'きこうしのウェア', 'Prince', 'Principito', NULL, NULL, 10),
(675, 'きぞくのウェア', 'Relined', 'Burgués', NULL, NULL, 10),
(676, 'げっこうのウェア', 'Moonlight', 'Luz de Luna', NULL, NULL, 10),
(677, 'ごくあくウェア', 'Terror', 'Vileza', NULL, NULL, 10),
(678, 'こわもてウェア', 'Hard-face', 'Apabullante', NULL, NULL, 10),
(679, 'ザ・カードウェア', 'Card Kit', 'Equipo Tarjetero', NULL, NULL, 10),
(680, 'シェイパブルウェア', 'Chelly', 'Favorecedor', NULL, NULL, 10),
(681, 'じゅんじょうウェア', 'Naive', 'Pureza', NULL, NULL, 10),
(682, 'じょうねつのウェア', 'Passion', 'Pura Pasión', NULL, NULL, 10),
(683, 'しんしのウェア', 'Gentleman', 'Señorito', NULL, NULL, 10),
(684, 'シンメトリウェア', 'Symmetry', 'Simétrico', NULL, NULL, 10),
(685, 'スカルウェア', 'Skull', 'Calavera', NULL, NULL, 10),
(686, 'ストライプウェア', 'Stripe', 'Barras', NULL, NULL, 10),
(687, 'ストライプウェア２', 'Stripe 2', 'Barras 2.0', NULL, NULL, 10),
(688, 'ストリームウェア', 'Stream', 'Meteoro', NULL, NULL, 10),
(689, 'スペースウェア', 'Space', 'Espacio Exterior', NULL, NULL, 10),
(690, 'スポットウェア', 'Spot', 'De Lunares', NULL, NULL, 10),
(691, 'スマートウェア', 'Smart', 'Pura Elegancia', NULL, NULL, 10),
(692, 'スリースターウェア', 'Tri Star', 'Triestela', NULL, NULL, 10),
(693, 'セーラーウェア', 'Sailor', 'Marinero', NULL, NULL, 10),
(694, 'ゼブラウェア', 'Zebra', 'Cebreado', NULL, NULL, 10),
(695, 'せんしのウェア', 'Soldier', 'Guerrero', NULL, NULL, 10),
(696, 'タイトポップウェア', 'Tight-pop', 'Cinturita de Avispa', NULL, NULL, 10),
(697, 'テクノウェア', 'Techno', 'Tecnomanía', NULL, NULL, 10),
(698, 'でんせつのウェア', 'Legendary', 'Leyenda', NULL, NULL, 10),
(699, 'とうこんのウェア', 'Mettle', 'Espíritu Luchador', NULL, NULL, 10),
(700, 'トリコロールウェア', 'Tricolor', 'Tricolor', NULL, NULL, 10),
(701, 'ハイスリーブウェア', 'High-sleeve', 'Fibra de Carbono', NULL, NULL, 10),
(702, 'ひらめきウェア', 'Inspirate', 'Perspicacia', NULL, NULL, 10),
(703, 'ファングウェア', 'Fang', 'Incisivo', NULL, NULL, 10),
(704, 'ブイサインウェア', 'V-sign', 'Victoria', NULL, NULL, 10),
(705, 'フューチャーウェア', 'Future', 'Futurista', NULL, NULL, 10),
(706, 'フロッグウェア', 'Frog', 'Rana', NULL, NULL, 10),
(707, 'ほのおのウェア', 'Flame', 'La Llama', NULL, NULL, 10),
(708, 'ホライゾンウェア', 'Horizon', 'El Horizonte', NULL, NULL, 10),
(709, 'マーシャルウェア', 'Martial', 'Mariscal', NULL, NULL, 10),
(710, 'マルチユーズウェア', 'Multi-use', 'Multiusos', NULL, NULL, 10),
(711, 'ゆうじょうのウェア', 'Friendly', 'Amistad Entrañable', NULL, NULL, 10),
(712, 'ゆうやけのウェア', 'Sunset', 'Sol Poniente', NULL, NULL, 10),
(713, 'ライジングウェア', 'Rising', 'Aspirante', NULL, NULL, 10),
(714, 'ライダースウェア', 'Rider', 'Motero', NULL, NULL, 10),
(715, 'レトロウェア', 'Retro', 'Retro', NULL, NULL, 10),
(716, 'ルート・オブ・スカイ', 'Sky\'s the Limit', 'Cielo Infinito', NULL, NULL, 11),
(717, 'ダンシングボールエスケープ', 'Trapdance', 'Contradanza Ofensiva', NULL, NULL, 11),
(718, 'デュアルタイフーン', 'Dual Typhoon', 'Tifones Gemelos', NULL, NULL, 11),
(719, 'えんげつのじん', 'Full Moon Formation', 'Ataque de la Media Luna', NULL, NULL, 11),
(720, 'むてきのヤリ', 'Invincible Lance', 'Lanza Invencible', NULL, NULL, 11),
(721, 'ローリングサンダー', 'Rolling Thunder', 'Trueno Rodante', NULL, NULL, 11),
(722, 'エンペラーロード', 'Royal Road', 'Carretera Imperial', NULL, NULL, 11),
(723, 'アマゾンリバーウェーブ', 'Amazon Wave', 'Ola del Amazonas', NULL, NULL, 11),
(724, 'バナナシュート', 'Banana Shoot', 'Banana Shoot', NULL, NULL, 11),
(725, 'ザ・チューブ', 'The Tube', 'Cañón de Agua', NULL, NULL, 11),
(726, 'ボックスロックディフェンス', 'Box Lock ', 'Defensa en Bloque', NULL, NULL, 11),
(727, 'アブソリュートナイツ', 'Absolute Knights', 'Caballeros Perfectos', NULL, NULL, 11),
(728, 'アンデスのありじごく', 'Andes Antlion', 'Trampa Andina', NULL, NULL, 11),
(729, 'パーフェクトゾーンプレス', 'Perfect Zone Press', 'Presión Perfecta', NULL, NULL, 11),
(730, 'カテナチオカウンター', 'Catenaccio Counter', 'Contra Ataque Catenacchio', NULL, NULL, 11),
(731, 'サークルプレードライブ', 'Circular Drive', 'Impulso Circular', NULL, NULL, 11),
(732, 'ゴーストロック', 'Ghost Lock', 'Bloqueo Espectral', NULL, NULL, 11),
(733, 'セイントフラッシュ', 'Godspeed', 'Rayo Luminoso ', NULL, NULL, 11),
(734, 'ブラックサンダー', 'Dark Thunder', 'Trueno Oscuro', NULL, NULL, 11),
(735, 'クイックタイム', 'Fast Forward', 'Aceleración', NULL, NULL, 11),
(736, 'スロータイム', 'Slow-Mo', 'Deceleración', NULL, NULL, 11),
(737, 'F-ベーシック', 'F-Basic', 'Diamante', NULL, NULL, 12),
(738, 'F-ブランゼル', 'F-Branzel', 'Ángel Oscuro', NULL, NULL, 12),
(739, 'F-Dエンペラー', 'F-D Emperor', 'Emperadores Oscuros', NULL, NULL, 12),
(740, 'F-ビッグウェイブ', 'F-Big Wave', 'Big Waves', NULL, NULL, 12),
(741, 'F-Dライオン', 'F-D Lion', 'Leones del Desierto', NULL, NULL, 12),
(742, 'F-ナイツ', 'F-Knights', 'Knights of Queen', NULL, NULL, 12),
(743, 'F-エンパイア', 'F-Empire', 'Emperadores', NULL, NULL, 12),
(744, 'F-ユニコーン', 'F-Unicorn', 'Unicorn', NULL, NULL, 12),
(745, 'F-アサシン', 'F-Assassin', 'Guadaña', NULL, NULL, 12),
(746, 'F-リトルギガント', 'F-Little Gigant', 'Pequeños Gigantes', NULL, NULL, 12),
(747, 'F-エッフェル', 'F-Eiffel', 'Grifos de la Rosa', NULL, NULL, 12),
(748, 'F-デスゾーン', 'F-Death Zone', 'Zona muerta', NULL, NULL, 12),
(749, 'F-デスゾーン２', 'F-Death Zone 2', 'Zona muerta 2', NULL, NULL, 12),
(750, 'F-ダブルドッグ', 'F-Double Dog', 'Can doble', NULL, NULL, 12),
(751, 'F-イージス', 'F-Aegis', 'Aegis', NULL, NULL, 12),
(752, 'F-パンデモニウム', 'F-Pandemonium', 'Pandemonio', NULL, NULL, 12),
(753, 'F-ジェミニ', 'F-Gemini', 'Géminis', NULL, NULL, 12),
(754, 'F-ジェネシス', 'F-Genesis', 'Génesis', NULL, NULL, 12),
(755, 'F-カオス', 'F-Chaos', 'Caos', NULL, NULL, 12),
(756, 'F-KAGE', 'F-KAGE', 'Oscuridad', NULL, NULL, 12),
(757, 'F-オルフェウス', 'F-Orpheus', 'Orfeo', NULL, NULL, 12),
(758, 'F-オーガ', 'F-Ogre', 'Ogro', NULL, NULL, 12),
(759, 'F-ゴーストダンス', 'F-Ghost Dance', 'Flecha espectral', NULL, NULL, 12),
(760, 'F-ワイルドパーク', 'F-Wild Park', 'Jungla', NULL, NULL, 12),
(761, 'F-GRID442', 'F-GRID442', 'Reja', NULL, NULL, 12),
(762, 'F-パンテオン', 'F-Pantheon', 'Panteón', NULL, NULL, 12),
(763, 'F-ブリッツ', 'F-Blitz', 'Brocken Brigade', NULL, NULL, 12);
INSERT INTO `item` (`item_id`, `item_name_ja`, `item_name_en`, `item_name_es`, `item_price_buy`, `item_price_sell`, `item_type_id`) VALUES
(764, 'F-かくよくのじん', 'F-Kakuyoku no Jin', 'Alas de grulla', NULL, NULL, 12),
(765, 'F-スーパー☆5', 'F-Super☆5', 'Pirámide', NULL, NULL, 12),
(766, 'F-むげんのかべ', 'F-Mugen no Kabe', 'Árbol de Navidad', NULL, NULL, 12),
(767, 'F-ムカタマーチ', 'F-Mukata March', 'Ataque trillizo', NULL, NULL, 12),
(768, 'F-スリートップ', 'F-Three Top', 'Tridente', NULL, NULL, 12),
(769, 'F-キングダム', 'F-Kingdom', 'Os Reis', NULL, NULL, 12),
(770, 'F-Fドラゴン', 'F-F Dragon', 'Dragones de Fuego', NULL, NULL, 12),
(771, 'F-フェニックス', 'F-Phoenix', 'Vuelo del Fénix', NULL, NULL, 12),
(772, 'F-バタフライ', 'F-Butterfly', 'Doble W', NULL, NULL, 12),
(773, 'F-ヘブンズゲート', 'F-Heaven\'s Gate', 'Puerta al cielo', NULL, NULL, 12),
(774, 'F-マタドール', 'F-Matador', 'Los Rojos', NULL, NULL, 12),
(775, 'F-ファランクス', 'F-Phalanx', 'Ancla', NULL, NULL, 12),
(776, 'F-イプシロン', 'F-Epsilon', 'Épsilon', NULL, NULL, 12),
(777, 'F-ドットプリズン', 'F-Dot Prison', 'Doble M', NULL, NULL, 12),
(778, 'F-ボー＆アロー', 'F-Bow & Arrow', 'Pala', NULL, NULL, 12),
(779, 'F-ミドルブロック', 'F-Middle Block', 'Autobús', NULL, NULL, 12),
(780, 'F-NEO', 'F-NEO', 'Neo', NULL, NULL, 12),
(781, 'F-ブレッド', 'F-Bread', 'Caimanes del Cabo', NULL, NULL, 12),
(782, 'B-ベーシック', 'B-Basic', 'Tirachinas', NULL, NULL, 12),
(783, 'B-フラットバック', 'B-Flat Back', 'En línea', NULL, NULL, 12),
(784, 'B-アタッカー', 'B-Attacker', 'Incursión', NULL, NULL, 12),
(785, 'B-ブレイクスルー', 'B-Breakthrough', 'Kamikaze', NULL, NULL, 12),
(786, 'B-プレッシャー', 'B-Pressure', 'Cerrojo', NULL, NULL, 12),
(787, 'B-スラッシュ', 'B-Slash', 'Diagonal', NULL, NULL, 12),
(788, 'B-ライトウィング', 'B-Right Wing', 'Ala derecha', NULL, NULL, 12),
(789, 'B-トレイン', 'B-Train', 'Torre', NULL, NULL, 12),
(790, 'B-トライアングル', 'B-Triangle', 'Pachanga total', NULL, NULL, 12),
(791, 'B-ランス', 'B-Lance', 'Lanza', NULL, NULL, 12);

-- --------------------------------------------------------

--
-- Table structure for table `item_currency`
--

CREATE TABLE `item_currency` (
  `item_currency_id` int(11) NOT NULL,
  `item_currency_carry_limit` int(11) DEFAULT NULL
) ENGINE=InnoDB DEFAULT CHARSET=utf8mb4 COLLATE=utf8mb4_general_ci;

--
-- Dumping data for table `item_currency`
--

INSERT INTO `item_currency` (`item_currency_id`, `item_currency_carry_limit`) VALUES
(553, 999999),
(554, 999999),
(555, NULL),
(556, 99),
(557, 99),
(558, 99),
(559, 99);

-- --------------------------------------------------------

--
-- Table structure for table `item_equipment`
--

CREATE TABLE `item_equipment` (
  `item_equipment_id` int(11) NOT NULL,
  `equipment_type_id` int(11) DEFAULT NULL
) ENGINE=InnoDB DEFAULT CHARSET=utf8mb4 COLLATE=utf8mb4_general_ci;

--
-- Dumping data for table `item_equipment`
--

INSERT INTO `item_equipment` (`item_equipment_id`, `equipment_type_id`) VALUES
(379, 1),
(380, 1),
(381, 1),
(382, 1),
(383, 1),
(384, 1),
(385, 1),
(386, 1),
(387, 1),
(388, 1),
(389, 1),
(390, 1),
(391, 1),
(392, 1),
(393, 1),
(394, 1),
(395, 1),
(396, 1),
(397, 1),
(398, 1),
(399, 1),
(400, 1),
(401, 1),
(402, 1),
(403, 1),
(404, 1),
(405, 1),
(406, 1),
(407, 1),
(408, 1),
(409, 1),
(410, 1),
(411, 1),
(412, 1),
(413, 1),
(414, 1),
(415, 1),
(416, 1),
(417, 1),
(418, 1),
(419, 1),
(420, 1),
(421, 1),
(422, 1),
(423, 1),
(424, 1),
(425, 1),
(426, 1),
(427, 1),
(428, 1),
(429, 1),
(430, 1),
(431, 1),
(432, 1),
(433, 1),
(434, 1),
(435, 1),
(436, 1),
(437, 1),
(438, 1),
(439, 1),
(440, 1),
(441, 1),
(442, 1),
(443, 1),
(444, 1),
(445, 1),
(446, 1),
(447, 1),
(448, 1),
(449, 1),
(450, 1),
(451, 1),
(452, 1),
(453, 1),
(454, 1),
(455, 2),
(456, 2),
(457, 2),
(458, 2),
(459, 2),
(460, 2),
(461, 2),
(462, 2),
(463, 2),
(464, 2),
(465, 2),
(466, 2),
(467, 2),
(468, 2),
(469, 2),
(470, 2),
(471, 2),
(472, 2),
(473, 2),
(474, 2),
(475, 2),
(476, 2),
(477, 2),
(478, 2),
(479, 2),
(480, 2),
(481, 2),
(482, 2),
(483, 2),
(484, 2),
(485, 2),
(486, 2),
(487, 2),
(488, 2),
(489, 2),
(490, 2),
(491, 2),
(492, 2),
(493, 2),
(494, 2),
(495, 2),
(496, 2),
(497, 2),
(498, 2),
(499, 2),
(500, 2),
(501, 2),
(502, 2),
(503, 2),
(504, 2),
(505, 2),
(506, 2),
(507, 2),
(508, 2),
(509, 2),
(510, 2),
(511, 2),
(512, 2),
(513, 2),
(514, 2),
(515, 2),
(516, 2),
(517, 2),
(518, 2),
(519, 2),
(520, 3),
(521, 3),
(522, 3),
(523, 3),
(524, 3),
(525, 3),
(526, 3),
(527, 3),
(528, 3),
(529, 3),
(530, 3),
(531, 3),
(532, 3),
(533, 3),
(534, 3),
(535, 3),
(536, 3),
(537, 3),
(538, 3),
(539, 3),
(540, 3),
(541, 3),
(542, 3),
(543, 3),
(544, 3),
(545, 3),
(546, 3),
(547, 3),
(548, 3),
(549, 3),
(550, 3),
(551, 3),
(552, 3);

-- --------------------------------------------------------

--
-- Table structure for table `item_formation`
--

CREATE TABLE `item_formation` (
  `item_formation_id` int(11) NOT NULL,
  `item_formation_type_id` int(11) DEFAULT NULL,
  `item_formation_scheme_id` int(11) DEFAULT NULL,
  `original_version` int(11) DEFAULT NULL
) ENGINE=InnoDB DEFAULT CHARSET=utf8mb4 COLLATE=utf8mb4_general_ci;

--
-- Dumping data for table `item_formation`
--

INSERT INTO `item_formation` (`item_formation_id`, `item_formation_type_id`, `item_formation_scheme_id`, `original_version`) VALUES
(737, 1, 1, NULL),
(738, 1, 1, 737),
(739, 1, 1, 737),
(740, 1, 1, 737),
(741, 1, 1, 737),
(742, 1, 1, 737),
(743, 1, 1, 737),
(744, 1, 1, 737),
(745, 1, 1, 737),
(746, 1, 1, 737),
(747, 1, 1, 737),
(748, 1, 2, NULL),
(749, 1, 2, 748),
(750, 1, 2, 748),
(751, 1, 2, 748),
(752, 1, 2, 748),
(753, 1, 2, 748),
(754, 1, 2, 748),
(755, 1, 2, 748),
(756, 1, 2, 748),
(757, 1, 2, 748),
(758, 1, 2, 748),
(759, 1, 3, NULL),
(760, 1, 4, NULL),
(761, 1, 1, NULL),
(762, 1, 1, 761),
(763, 1, 1, 761),
(764, 1, 1, NULL),
(765, 1, 5, NULL),
(766, 1, 6, NULL),
(767, 1, 7, NULL),
(768, 1, 7, 767),
(769, 1, 7, 767),
(770, 1, 7, 767),
(771, 1, 7, NULL),
(772, 1, 7, 771),
(773, 1, 1, NULL),
(774, 1, 1, 773),
(775, 1, 8, NULL),
(776, 1, 8, 775),
(777, 1, 4, NULL),
(778, 1, 9, NULL),
(779, 1, 10, NULL),
(780, 1, 7, NULL),
(781, 1, 7, 780),
(782, 2, 11, NULL),
(783, 2, 12, NULL),
(784, 2, 13, NULL),
(785, 2, 14, NULL),
(786, 2, 15, NULL),
(787, 2, 16, NULL),
(788, 2, 17, NULL),
(789, 2, 17, NULL),
(790, 2, 15, NULL),
(791, 2, 18, NULL);

-- --------------------------------------------------------

--
-- Table structure for table `item_formation_organized_as_positi`
--

CREATE TABLE `item_formation_organized_as_positi` (
  `item_formation_id` int(11) NOT NULL,
  `positi_id` int(11) NOT NULL,
  `place` int(11) NOT NULL
) ENGINE=InnoDB DEFAULT CHARSET=utf8mb4 COLLATE=utf8mb4_general_ci;

--
-- Dumping data for table `item_formation_organized_as_positi`
--

INSERT INTO `item_formation_organized_as_positi` (`item_formation_id`, `positi_id`, `place`) VALUES
(737, 1, 6),
(737, 1, 10),
(737, 1, 11),
(737, 2, 7),
(737, 2, 8),
(737, 2, 9),
(737, 3, 2),
(737, 3, 3),
(737, 3, 4),
(737, 3, 5),
(737, 4, 1),
(748, 1, 9),
(748, 1, 11),
(748, 2, 4),
(748, 2, 6),
(748, 2, 7),
(748, 2, 8),
(748, 2, 10),
(748, 3, 2),
(748, 3, 3),
(748, 3, 5),
(748, 4, 1),
(759, 1, 7),
(759, 1, 8),
(759, 1, 11),
(759, 2, 6),
(759, 2, 9),
(759, 2, 10),
(759, 3, 2),
(759, 3, 3),
(759, 3, 4),
(759, 3, 5),
(759, 4, 1),
(760, 1, 6),
(760, 1, 9),
(760, 1, 10),
(760, 1, 11),
(760, 2, 2),
(760, 2, 5),
(760, 2, 7),
(760, 2, 8),
(760, 3, 3),
(760, 3, 4),
(760, 4, 1),
(761, 1, 7),
(761, 1, 8),
(761, 1, 9),
(761, 1, 11),
(761, 2, 6),
(761, 2, 10),
(761, 3, 2),
(761, 3, 3),
(761, 3, 4),
(761, 3, 5),
(761, 4, 1),
(764, 1, 7),
(764, 1, 8),
(764, 1, 9),
(764, 1, 11),
(764, 2, 6),
(764, 2, 10),
(764, 3, 2),
(764, 3, 3),
(764, 3, 4),
(764, 3, 5),
(764, 4, 1),
(765, 1, 6),
(765, 1, 7),
(765, 1, 9),
(765, 1, 10),
(765, 1, 11),
(765, 2, 3),
(765, 2, 4),
(765, 2, 8),
(765, 3, 2),
(765, 3, 5),
(765, 4, 1),
(766, 1, 9),
(766, 1, 10),
(766, 1, 11),
(766, 2, 6),
(766, 2, 7),
(766, 2, 8),
(766, 3, 2),
(766, 3, 3),
(766, 3, 4),
(766, 3, 5),
(766, 4, 1),
(767, 1, 9),
(767, 1, 10),
(767, 1, 11),
(767, 2, 6),
(767, 2, 7),
(767, 2, 8),
(767, 3, 2),
(767, 3, 3),
(767, 3, 4),
(767, 3, 5),
(767, 4, 1),
(771, 1, 9),
(771, 1, 10),
(771, 1, 11),
(771, 2, 6),
(771, 2, 7),
(771, 2, 8),
(771, 3, 2),
(771, 3, 3),
(771, 3, 4),
(771, 3, 5),
(771, 4, 1),
(772, 1, 9),
(772, 1, 10),
(772, 1, 11),
(772, 2, 6),
(772, 2, 7),
(772, 2, 8),
(772, 3, 2),
(772, 3, 3),
(772, 3, 4),
(772, 3, 5),
(772, 4, 1),
(773, 1, 6),
(773, 1, 8),
(773, 1, 9),
(773, 2, 7),
(773, 2, 10),
(773, 2, 11),
(773, 3, 2),
(773, 3, 3),
(773, 3, 4),
(773, 3, 5),
(773, 4, 1),
(775, 1, 7),
(775, 1, 9),
(775, 1, 11),
(775, 2, 8),
(775, 2, 10),
(775, 3, 2),
(775, 3, 3),
(775, 3, 4),
(775, 3, 5),
(775, 3, 6),
(775, 4, 1),
(777, 1, 9),
(777, 1, 10),
(777, 1, 11),
(777, 2, 5),
(777, 2, 6),
(777, 2, 7),
(777, 2, 8),
(777, 3, 2),
(777, 3, 3),
(777, 3, 4),
(777, 4, 1),
(778, 1, 10),
(778, 2, 6),
(778, 2, 7),
(778, 2, 8),
(778, 2, 9),
(778, 2, 11),
(778, 3, 2),
(778, 3, 3),
(778, 3, 4),
(778, 3, 5),
(778, 4, 1),
(779, 1, 9),
(779, 1, 11),
(779, 2, 5),
(779, 2, 6),
(779, 2, 7),
(779, 2, 8),
(779, 2, 10),
(779, 3, 2),
(779, 3, 3),
(779, 3, 4),
(779, 4, 1),
(780, 1, 9),
(780, 1, 11),
(780, 2, 6),
(780, 2, 7),
(780, 2, 8),
(780, 2, 10),
(780, 3, 2),
(780, 3, 3),
(780, 3, 4),
(780, 3, 5),
(780, 4, 1);

-- --------------------------------------------------------

--
-- Table structure for table `item_formation_scheme`
--

CREATE TABLE `item_formation_scheme` (
  `item_formation_scheme_id` int(11) NOT NULL,
  `item_formation_scheme_name` varchar(32) DEFAULT NULL
) ENGINE=InnoDB DEFAULT CHARSET=utf8mb4 COLLATE=utf8mb4_general_ci;

--
-- Dumping data for table `item_formation_scheme`
--

INSERT INTO `item_formation_scheme` (`item_formation_scheme_id`, `item_formation_scheme_name`) VALUES
(1, '4-4-2'),
(2, '5-3-2'),
(3, '4-5-1'),
(4, '3-4-3'),
(5, '2-3-5'),
(6, '4-3-2-1'),
(7, '4-3-3'),
(8, '5-4-1'),
(9, '3-1-3-3'),
(10, '3-2-2-1-2'),
(11, '1-0-2'),
(12, '3-0-0'),
(13, '0-2-1'),
(14, '0-0-3'),
(15, '0-1-2'),
(16, '1-1-1'),
(17, '0-0-0'),
(18, '2-0-1');

-- --------------------------------------------------------

--
-- Table structure for table `item_formation_type`
--

CREATE TABLE `item_formation_type` (
  `item_formation_type_id` int(11) NOT NULL,
  `item_formation_type_name_ja` varchar(32) DEFAULT NULL,
  `item_formation_type_name_en` varchar(32) DEFAULT NULL,
  `item_formation_type_name_es` varchar(32) DEFAULT NULL
) ENGINE=InnoDB DEFAULT CHARSET=utf8mb4 COLLATE=utf8mb4_general_ci;

--
-- Dumping data for table `item_formation_type`
--

INSERT INTO `item_formation_type` (`item_formation_type_id`, `item_formation_type_name_ja`, `item_formation_type_name_en`, `item_formation_type_name_es`) VALUES
(1, '対戦', 'Match', 'Partido'),
(2, 'ミニバトル', 'Random Battle', 'Pachanga');

-- --------------------------------------------------------

--
-- Table structure for table `item_gifted_during_story`
--

CREATE TABLE `item_gifted_during_story` (
  `item_id` int(11) NOT NULL,
  `story_id` int(11) NOT NULL
) ENGINE=InnoDB DEFAULT CHARSET=utf8mb4 COLLATE=utf8mb4_general_ci;

-- --------------------------------------------------------

--
-- Table structure for table `item_hissatsu`
--

CREATE TABLE `item_hissatsu` (
  `item_hissatsu_id` int(11) NOT NULL,
  `hissatsu_type_id` int(11) DEFAULT NULL
) ENGINE=InnoDB DEFAULT CHARSET=utf8mb4 COLLATE=utf8mb4_general_ci;

--
-- Dumping data for table `item_hissatsu`
--

INSERT INTO `item_hissatsu` (`item_hissatsu_id`, `hissatsu_type_id`) VALUES
(1, 1),
(2, 1),
(3, 1),
(4, 1),
(5, 1),
(6, 1),
(7, 1),
(8, 1),
(9, 1),
(10, 1),
(11, 1),
(12, 1),
(13, 1),
(14, 1),
(15, 1),
(16, 1),
(17, 1),
(18, 1),
(19, 1),
(20, 1),
(21, 1),
(22, 1),
(23, 1),
(24, 1),
(25, 1),
(26, 1),
(27, 1),
(28, 1),
(29, 1),
(30, 1),
(31, 1),
(32, 1),
(33, 1),
(34, 1),
(35, 1),
(36, 1),
(37, 1),
(38, 1),
(39, 1),
(40, 1),
(41, 1),
(42, 1),
(43, 1),
(44, 1),
(45, 1),
(46, 1),
(47, 1),
(48, 1),
(49, 1),
(50, 1),
(51, 1),
(52, 1),
(53, 1),
(54, 1),
(55, 1),
(56, 1),
(57, 1),
(58, 1),
(59, 1),
(60, 1),
(61, 1),
(62, 1),
(63, 1),
(64, 1),
(65, 1),
(66, 1),
(67, 1),
(68, 1),
(69, 1),
(70, 1),
(71, 1),
(72, 1),
(73, 1),
(74, 1),
(75, 1),
(76, 1),
(77, 1),
(78, 1),
(79, 1),
(80, 1),
(81, 1),
(82, 1),
(83, 1),
(84, 1),
(85, 1),
(86, 1),
(87, 1),
(88, 1),
(89, 1),
(90, 1),
(91, 1),
(92, 1),
(93, 1),
(94, 1),
(95, 1),
(96, 1),
(97, 1),
(98, 1),
(99, 1),
(100, 1),
(101, 1),
(102, 1),
(103, 1),
(104, 1),
(105, 1),
(106, 1),
(107, 1),
(108, 1),
(109, 1),
(110, 1),
(111, 1),
(112, 1),
(113, 1),
(114, 1),
(115, 1),
(116, 1),
(117, 1),
(118, 1),
(119, 1),
(120, 1),
(121, 1),
(122, 1),
(123, 1),
(124, 1),
(125, 1),
(126, 1),
(127, 1),
(128, 1),
(129, 1),
(130, 1),
(131, 1),
(132, 1),
(133, 1),
(134, 1),
(135, 1),
(136, 1),
(137, 1),
(138, 1),
(139, 1),
(140, 1),
(141, 1),
(142, 1),
(143, 1),
(144, 2),
(145, 2),
(146, 2),
(147, 2),
(148, 2),
(149, 2),
(150, 2),
(151, 2),
(152, 2),
(153, 2),
(154, 2),
(155, 2),
(156, 2),
(157, 2),
(158, 2),
(159, 2),
(160, 2),
(161, 2),
(162, 2),
(163, 2),
(164, 2),
(165, 2),
(166, 2),
(167, 2),
(168, 2),
(169, 2),
(170, 2),
(171, 2),
(172, 2),
(173, 2),
(174, 2),
(175, 2),
(176, 2),
(177, 2),
(178, 2),
(179, 2),
(180, 2),
(181, 2),
(182, 2),
(183, 2),
(184, 2),
(185, 2),
(186, 2),
(187, 2),
(188, 2),
(189, 2),
(190, 2),
(191, 2),
(192, 2),
(193, 2),
(194, 2),
(195, 2),
(196, 2),
(197, 2),
(198, 2),
(199, 2),
(200, 2),
(201, 2),
(202, 2),
(203, 2),
(204, 2),
(205, 2),
(206, 2),
(207, 2),
(208, 2),
(209, 3),
(210, 3),
(211, 3),
(212, 3),
(213, 3),
(214, 3),
(215, 3),
(216, 3),
(217, 3),
(218, 3),
(219, 3),
(220, 3),
(221, 3),
(222, 3),
(223, 3),
(224, 3),
(225, 3),
(226, 3),
(227, 3),
(228, 3),
(229, 3),
(230, 3),
(231, 3),
(232, 3),
(233, 3),
(234, 3),
(235, 3),
(236, 3),
(237, 3),
(238, 3),
(239, 3),
(240, 3),
(241, 3),
(242, 3),
(243, 3),
(244, 3),
(245, 3),
(246, 3),
(247, 3),
(248, 3),
(249, 3),
(250, 3),
(251, 3),
(252, 3),
(253, 3),
(254, 3),
(255, 3),
(256, 3),
(257, 3),
(258, 3),
(259, 3),
(260, 3),
(261, 3),
(262, 3),
(263, 3),
(264, 3),
(265, 3),
(266, 3),
(267, 3),
(268, 3),
(269, 3),
(270, 3),
(271, 3),
(272, 3),
(273, 3),
(274, 3),
(275, 3),
(276, 3),
(277, 3),
(278, 3),
(279, 3),
(280, 4),
(281, 4),
(282, 4),
(283, 4),
(284, 4),
(285, 4),
(286, 4),
(287, 4),
(288, 4),
(289, 4),
(290, 4),
(291, 4),
(292, 4),
(293, 4),
(294, 4),
(295, 4),
(296, 4),
(297, 4),
(298, 4),
(299, 4),
(300, 4),
(301, 4),
(302, 4),
(303, 4),
(304, 4),
(305, 4),
(306, 4),
(307, 4),
(308, 4),
(309, 4),
(310, 4),
(311, 4),
(312, 4),
(313, 4),
(314, 4),
(315, 4),
(316, 4),
(317, 4),
(318, 4),
(319, 4),
(320, 4),
(321, 4),
(322, 4),
(323, 4),
(324, 4),
(325, 4),
(326, 4),
(327, 4),
(328, 4),
(329, 4),
(330, 4),
(331, 4),
(332, 4),
(333, 4),
(334, 4),
(335, 4),
(336, 4),
(337, 4),
(338, 4),
(339, 4),
(340, 4),
(341, 4),
(342, 4),
(343, 4),
(344, 4),
(345, 4),
(346, 4),
(347, 4),
(348, 4),
(349, 4),
(350, 4),
(351, 4),
(352, 5),
(353, 5),
(354, 5),
(355, 5),
(356, 5),
(357, 5),
(358, 5),
(359, 5),
(360, 5),
(361, 5),
(362, 5),
(363, 5),
(364, 5),
(365, 5),
(366, 5),
(367, 5),
(368, 5),
(369, 5),
(370, 5),
(371, 5),
(372, 5),
(373, 5),
(374, 5),
(375, 5),
(376, 5),
(377, 5),
(378, 5);

-- --------------------------------------------------------

--
-- Table structure for table `item_key`
--

CREATE TABLE `item_key` (
  `item_key_id` int(11) NOT NULL,
  `zone_id` int(11) DEFAULT NULL
) ENGINE=InnoDB DEFAULT CHARSET=utf8mb4 COLLATE=utf8mb4_general_ci;

--
-- Dumping data for table `item_key`
--

INSERT INTO `item_key` (`item_key_id`, `zone_id`) VALUES
(575, 24),
(571, 113),
(572, 117),
(576, 119),
(573, 175),
(578, 251),
(574, 253),
(577, 256);

-- --------------------------------------------------------

--
-- Table structure for table `item_map`
--

CREATE TABLE `item_map` (
  `item_map_id` int(11) NOT NULL,
  `zone_id` int(11) DEFAULT NULL
) ENGINE=InnoDB DEFAULT CHARSET=utf8mb4 COLLATE=utf8mb4_general_ci;

--
-- Dumping data for table `item_map`
--

INSERT INTO `item_map` (`item_map_id`, `zone_id`) VALUES
(567, 4),
(569, 5),
(566, 8),
(568, 9),
(570, 179);

-- --------------------------------------------------------

--
-- Table structure for table `item_recovery`
--

CREATE TABLE `item_recovery` (
  `item_recovery_id` int(11) NOT NULL,
  `item_recovery_gp` int(11) DEFAULT NULL,
  `item_recovery_tp` int(11) DEFAULT NULL
) ENGINE=InnoDB DEFAULT CHARSET=utf8mb4 COLLATE=utf8mb4_general_ci;

--
-- Dumping data for table `item_recovery`
--

INSERT INTO `item_recovery` (`item_recovery_id`, `item_recovery_gp`, `item_recovery_tp`) VALUES
(594, 15, NULL),
(595, 25, NULL),
(596, 45, NULL),
(597, 70, NULL),
(598, -1, NULL),
(599, NULL, 15),
(600, NULL, 25),
(601, NULL, 50),
(602, NULL, 75),
(603, NULL, -1),
(604, 45, 45),
(605, -1, -1);

-- --------------------------------------------------------

--
-- Table structure for table `item_reward_player`
--

CREATE TABLE `item_reward_player` (
  `item_reward_player_id` int(11) NOT NULL,
  `player_id` int(11) DEFAULT NULL
) ENGINE=InnoDB DEFAULT CHARSET=utf8mb4 COLLATE=utf8mb4_general_ci;

--
-- Dumping data for table `item_reward_player`
--

INSERT INTO `item_reward_player` (`item_reward_player_id`, `player_id`) VALUES
(564, 282),
(565, 416),
(560, 866),
(562, 1027),
(563, 1269),
(561, 1348);

-- --------------------------------------------------------

--
-- Table structure for table `item_sold_at_stor`
--

CREATE TABLE `item_sold_at_stor` (
  `stor_id` int(11) NOT NULL,
  `item_id` int(11) NOT NULL
) ENGINE=InnoDB DEFAULT CHARSET=utf8mb4 COLLATE=utf8mb4_general_ci;

-- --------------------------------------------------------

--
-- Table structure for table `item_tactic`
--

CREATE TABLE `item_tactic` (
  `item_tactic_id` int(11) NOT NULL,
  `item_tactic_ttp` int(11) DEFAULT NULL,
  `item_tactic_effect_ja` varchar(200) DEFAULT NULL,
  `item_tactic_effect_en` varchar(200) DEFAULT NULL,
  `item_tactic_effect_es` varchar(200) DEFAULT NULL,
  `tactic_type_id` int(11) DEFAULT NULL,
  `tactic_side_id` int(11) DEFAULT NULL
) ENGINE=InnoDB DEFAULT CHARSET=utf8mb4 COLLATE=utf8mb4_general_ci;

--
-- Dumping data for table `item_tactic`
--

INSERT INTO `item_tactic` (`item_tactic_id`, `item_tactic_ttp`, `item_tactic_effect_ja`, `item_tactic_effect_en`, `item_tactic_effect_es`, `tactic_type_id`, `tactic_side_id`) VALUES
(716, 40, '前線までボールをダイレクトパス(相手サイドの左右どちらかに移動する)。', 'A simple tactic using high passing to bring the ball to the centre of the pitch.', 'Alcanza la portería sin dejar caer la pelota', 1, 1),
(717, 40, 'しばらくの間そばの敵を止める(４人)。', 'Stuns 4 nearby opponents.', 'Deja extenuados a 4 rivales cercanos', 1, 2),
(718, 45, 'ボールを前に運ぶ。', 'Forms twin twisters to carry the ball forward.', 'Ábrete paso con dos tifones imparables', 1, 1),
(719, 50, '7人でボールを前へ運ぶ。', 'Seven players carry the ball forward.', 'Genera un taladro de arena imparable', 1, 1),
(720, 50, '4人でボールを前へ運ぶ。', 'Four players carry the ball forward.', 'Avanza con una formación en punta de lanza', 1, 1),
(721, 50, '4人でボールを前に運ぶ。', 'Blast forward like a four-man thunderstorm.', 'Tormenta de disparos con cuatro jugadores', 1, 3),
(722, 50, '敵のフォーメーションを左右に崩す。', 'Clear the way for a red carpet route to goal.', 'Despeja la senda hasta el área del adversario', 1, 3),
(723, 55, '敵全員を止めつつ前進する。', 'Flood forward in a stunning surge.', 'Ábrete camino con una ola descomunal', 1, 1),
(724, 40, 'バナナのように反り返るシュート。', 'Bend it like a banana.', 'Chuta el balón con efecto como un plátano', 4, 4),
(725, 40, '波にのせてカーブするシュート。', 'A gnarly curve shot that rides the waves.', 'Chuta el balón con efecto como una ola', 4, 4),
(726, 40, '4人で囲んでボールを奪う。', 'Four players mark their opponent in a circle to get the ball in a moment.', 'Cuatro jugadores rodean al rival en forma de cuadrado', 2, 1),
(727, 40, '次々におそいかかりボールをうばう。', 'Strike in succession to reclaim the ball.', 'Apodérate del esférico en fila india', 2, 3),
(728, 50, '敵をさそいこんでボールをうばう。', 'Lure the enemy in,  then steal the ball.', 'Recupera el esférico con una trampa de arena', 2, 1),
(729, 50, '炎のうずをおこしボールをうばう。', 'Steal the ball with a cyclone of fire.', 'Roba ek balón con una espiral incandescente', 2, 3),
(730, 55, 'ボールをうばいすかさず前へロングパス。', 'This shock move turns a tackle into an attack.', 'Desconcierta al rival con un contraataque', 2, 1),
(731, 60, '８人で敵をゴール前へ運ぶ。', 'An eight-man cyclone forces the enemy back.', 'Detén al contrario con la fuerza de un ciclón', 2, 1),
(732, 60, 'しばらくの間敵全員を止める。', 'Supernatural forces stop all enemy movement.', 'Inmoviliza al enemigo con poderes hipnóticos', 3, 3),
(733, 60, 'しばらくの間味方全員を速くする。', 'Call down a divine light to increase your team\'s speed for ten seconds.', 'La velocidad de todos los jugadores del equipo aumentara temporalmente', 3, 3),
(734, 60, 'しばらくの間敵全員を遅くする。', 'Slow the enemy with a flash of black lightning.', 'Ralentiza a todos los jugadores contrarios por un tiempo', 3, 3),
(735, 65, 'しばらくの間時間を早くする。', 'Briefly speeds up match time.', 'Acelera el tiempo durante unos instantes', 3, 3),
(736, 65, 'しばらくの間時間を遅くする。', 'Briefly slows down match time.', 'Ralentiza el tiempo durante unos instantes', 3, 3);

-- --------------------------------------------------------

--
-- Table structure for table `item_type`
--

CREATE TABLE `item_type` (
  `item_type_id` int(11) NOT NULL,
  `item_type_name_ja` varchar(32) DEFAULT NULL,
  `item_type_name_en` varchar(32) DEFAULT NULL,
  `item_type_name_es` varchar(32) DEFAULT NULL
) ENGINE=InnoDB DEFAULT CHARSET=utf8mb4 COLLATE=utf8mb4_general_ci;

--
-- Dumping data for table `item_type`
--

INSERT INTO `item_type` (`item_type_id`, `item_type_name_ja`, `item_type_name_en`, `item_type_name_es`) VALUES
(1, '必殺技', 'Hissatsu Technique', 'Supertécnicas'),
(2, '装備品', 'Equipment', 'Equipación'),
(3, '通貨', 'Currency', 'Divisa'),
(4, '報酬 選手', 'Reward Player', 'Jugador Recompensa'),
(5, 'マップチケット', 'Map', 'Mapa'),
(6, '鍵', 'Key', 'Llave'),
(7, '対戦チケット', 'VS Card', 'Tarjeta VS'),
(8, '回復', 'Recovery', 'Recuperación'),
(9, 'さいごのノート', 'Ultimate Note', 'Cuaderno Definitivo'),
(10, 'ウェア', 'Uniform', 'Uniforme'),
(11, '必殺タクティクス', 'Hissatsu tactics', 'Supertácticas'),
(12, 'フォーメーション', 'Formation', 'Formación');

-- --------------------------------------------------------

--
-- Table structure for table `item_ultimate_note`
--

CREATE TABLE `item_ultimate_note` (
  `item_ultimate_note_id` int(11) NOT NULL,
  `item_ultimate_note_order` int(11) DEFAULT NULL
) ENGINE=InnoDB DEFAULT CHARSET=utf8mb4 COLLATE=utf8mb4_general_ci;

--
-- Dumping data for table `item_ultimate_note`
--

INSERT INTO `item_ultimate_note` (`item_ultimate_note_id`, `item_ultimate_note_order`) VALUES
(606, 1),
(607, 2),
(608, 3),
(609, 4),
(610, 5),
(611, 6),
(612, 7),
(613, 8),
(614, 9),
(615, 10),
(616, 11);

-- --------------------------------------------------------

--
-- Table structure for table `item_vscard`
--

CREATE TABLE `item_vscard` (
  `item_vscard_id` int(11) NOT NULL,
  `practice_game_id` int(11) DEFAULT NULL
) ENGINE=InnoDB DEFAULT CHARSET=utf8mb4 COLLATE=utf8mb4_general_ci;

-- --------------------------------------------------------

--
-- Table structure for table `item_wear`
--

CREATE TABLE `item_wear` (
  `item_wear_id` int(11) NOT NULL,
  `item_wear_hex` varchar(6) DEFAULT NULL
) ENGINE=InnoDB DEFAULT CHARSET=utf8mb4 COLLATE=utf8mb4_general_ci;

--
-- Dumping data for table `item_wear`
--

INSERT INTO `item_wear` (`item_wear_id`, `item_wear_hex`) VALUES
(617, 'e6c739'),
(618, '204128'),
(619, '43385b'),
(620, '296131'),
(621, 'efd2a3'),
(622, '15617a'),
(623, '5b415a'),
(624, 'a37804'),
(625, 'b20000'),
(626, 'c3c3bb'),
(627, 'd41315'),
(628, 'b3dbdc'),
(629, '42384b'),
(630, 'ffc200'),
(631, '5a4943'),
(632, 'a3000d'),
(633, 'a39abb'),
(634, '0e0c0e'),
(635, 'f7f7d4'),
(636, 'f68b17'),
(637, '314839'),
(638, '159af8'),
(639, '219993'),
(640, '0b2042'),
(641, 'e98fb9'),
(642, 'a4929b'),
(643, 'd92f1e'),
(644, '3168a3'),
(645, '6c484f'),
(646, '188ee4'),
(647, 'f9d27a'),
(648, '680415'),
(649, 'a4a2aa'),
(650, 'd31406'),
(651, 'f0e6dc'),
(652, '48697a'),
(653, '83a2cc'),
(654, 'c5aa9b'),
(655, '4b68a5'),
(656, '4a494a'),
(657, 'fec901'),
(658, '5ab292'),
(659, '153999'),
(660, 'e84014'),
(661, '252d31'),
(662, '208a5a'),
(663, 'e8dbe6'),
(664, '48464a'),
(665, 'e86913'),
(666, 'a30004'),
(667, '28009f'),
(668, '64a283'),
(669, '0d9013'),
(670, '524142'),
(671, 'cb2f0e'),
(672, 'bba900'),
(673, 'b50004'),
(674, '81370c'),
(675, '0d4121'),
(676, '092f73'),
(677, '504f7b'),
(678, '157014'),
(679, 'dc0c06'),
(680, 'e8d321'),
(681, '9c689f'),
(682, '583910'),
(683, '314839'),
(684, '137700'),
(685, 'c2bfb9'),
(686, '0040a8'),
(687, 'e2000d'),
(688, '259a65'),
(689, '8b7ac6'),
(690, 'e70021'),
(691, 'b336d8'),
(692, '394156'),
(693, '8db1a8'),
(694, 'f0f1f2'),
(695, 'ec0306'),
(696, 'b92952'),
(697, '64ad6c'),
(698, '312f31'),
(699, '312f31'),
(700, '013d95'),
(701, '9c1414'),
(702, '9c1414'),
(703, '3159bb'),
(704, 'ddc403'),
(705, '0468fa'),
(706, '9cc64a'),
(707, 'a90c00'),
(708, '063ff3'),
(709, 'f4b205'),
(710, 'ee591e'),
(711, 'a9230a'),
(712, 'dc7021'),
(713, 'dc7021'),
(714, '15121f'),
(715, 'bbb2ac');

-- --------------------------------------------------------

--
-- Table structure for table `link_chest`
--

CREATE TABLE `link_chest` (
  `link_chest_id` int(11) NOT NULL,
  `item_id` int(11) DEFAULT NULL
) ENGINE=InnoDB DEFAULT CHARSET=utf8mb4 COLLATE=utf8mb4_general_ci;

-- --------------------------------------------------------

--
-- Table structure for table `link_lock`
--

CREATE TABLE `link_lock` (
  `link_lock_id` int(11) NOT NULL,
  `story_id` int(11) DEFAULT NULL,
  `player_id` int(11) DEFAULT NULL
) ENGINE=InnoDB DEFAULT CHARSET=utf8mb4 COLLATE=utf8mb4_general_ci;

-- --------------------------------------------------------

--
-- Table structure for table `link_player`
--

CREATE TABLE `link_player` (
  `link_player_id` int(11) NOT NULL,
  `link_player_team_lv` int(11) DEFAULT NULL,
  `link_player_needs_girl` tinyint(1) DEFAULT NULL,
  `link_player_is_wifi` tinyint(1) DEFAULT NULL,
  `link_player_num_players` int(11) DEFAULT NULL,
  `player_id` int(11) DEFAULT NULL
) ENGINE=InnoDB DEFAULT CHARSET=utf8mb4 COLLATE=utf8mb4_general_ci;

-- --------------------------------------------------------

--
-- Table structure for table `npc`
--

CREATE TABLE `npc` (
  `npc_id` int(11) NOT NULL,
  `npc_name_ja` varchar(32) DEFAULT NULL,
  `npc_name_en` varchar(32) DEFAULT NULL,
  `zone_id` int(11) DEFAULT NULL
) ENGINE=InnoDB DEFAULT CHARSET=utf8mb4 COLLATE=utf8mb4_general_ci;

-- --------------------------------------------------------

--
-- Table structure for table `old_pin_badge_exchange`
--

CREATE TABLE `old_pin_badge_exchange` (
  `old_pin_badge_exchange_id` int(11) NOT NULL,
  `old_pin_badge_exchange_amount` int(11) DEFAULT NULL,
  `item_id` int(11) DEFAULT NULL
) ENGINE=InnoDB DEFAULT CHARSET=utf8mb4 COLLATE=utf8mb4_general_ci;

-- --------------------------------------------------------

--
-- Table structure for table `passwd`
--

CREATE TABLE `passwd` (
  `passwd_id` int(11) NOT NULL,
  `passwd_ja` varchar(32) DEFAULT NULL,
  `passwd_en` varchar(32) DEFAULT NULL,
  `passwd_es` varchar(32) DEFAULT NULL
) ENGINE=InnoDB DEFAULT CHARSET=utf8mb4 COLLATE=utf8mb4_general_ci;

--
-- Dumping data for table `passwd`
--

INSERT INTO `passwd` (`passwd_id`, `passwd_ja`, `passwd_en`, `passwd_es`) VALUES
(1, 'つよくてこわい', 'fullmoon', 'lunallena'),
(2, 'こわくてつよい', 'pumpkin', 'calabaza'),
(3, 'コロコロげんてい', 'wrappedup', 'todavendada'),
(4, 'ハロウィンズだ！', 'broomstick', 'vuelaescoba'),
(5, 'よっつのぞくせい', 'elements', '4elementos'),
(6, 'デッキをつくろう', 'buildadeck', 'granbaraja'),
(7, 'カードであそぼう', 'fullhouse', 'pokerdeases'),
(8, 'われらでんどうし', 'followrules', 'siguenormas'),
(9, 'いまをまもれ', 'Cappuccino', 'Cappuccino'),
(10, 'めがねかける', 'William', 'William'),
(11, 'よくほえる', 'word', 'mordedor'),
(12, 'すべてよし', 'ends well', 'volando'),
(13, 'いっけんにしかず', 'believe', 'bienes'),
(14, 'てんめいをまつ', 'merrier', 'diente'),
(15, 'グングニル', 'Gungnir', 'Odín'),
(16, 'イプシロン', 'Epsilon', 'Épsilon'),
(17, 'ファースト', 'Kyoto', 'Kioto'),
(18, 'さぎぬまおさむ', 'Dave', 'Quagmire'),
(19, 'ガイア', 'Gaia', 'Gaia'),
(20, 'エンター', 'letsplay', 'juguemos'),
(21, 'ブレイン', 'football', 'alfutbol'),
(22, 'ゆうきがあれば', 'moreexp', 'subenivel');

-- --------------------------------------------------------

--
-- Table structure for table `player`
--

CREATE TABLE `player` (
  `player_id` int(11) NOT NULL,
  `player_name_ja` varchar(32) DEFAULT NULL,
  `player_name_hiragana` varchar(32) DEFAULT NULL,
  `player_name_kanji` varchar(32) DEFAULT NULL,
  `player_name_romanji` varchar(32) DEFAULT NULL,
  `player_name_en` varchar(32) DEFAULT NULL,
  `player_name_en_full` varchar(32) DEFAULT NULL,
  `player_initial_lv` int(11) DEFAULT NULL,
  `player_gp_99` int(11) DEFAULT NULL,
  `player_tp_99` int(11) DEFAULT NULL,
  `player_kick_99` int(11) DEFAULT NULL,
  `player_body_99` int(11) DEFAULT NULL,
  `player_control_99` int(11) DEFAULT NULL,
  `player_guard_99` int(11) DEFAULT NULL,
  `player_speed_99` int(11) DEFAULT NULL,
  `player_stamina_99` int(11) DEFAULT NULL,
  `player_guts_99` int(11) DEFAULT NULL,
  `player_freedom_99` int(11) DEFAULT NULL,
  `attri_id` int(11) DEFAULT NULL,
  `positi_id` int(11) DEFAULT NULL,
  `gender_id` int(11) DEFAULT NULL,
  `body_type_id` int(11) DEFAULT NULL,
  `player_obtention_method_id` int(11) DEFAULT NULL,
  `original_version` int(11) DEFAULT NULL
) ENGINE=InnoDB DEFAULT CHARSET=utf8mb4 COLLATE=utf8mb4_general_ci;

--
-- Dumping data for table `player`
--

INSERT INTO `player` (`player_id`, `player_name_ja`, `player_name_hiragana`, `player_name_kanji`, `player_name_romanji`, `player_name_en`, `player_name_en_full`, `player_initial_lv`, `player_gp_99`, `player_tp_99`, `player_kick_99`, `player_body_99`, `player_control_99`, `player_guard_99`, `player_speed_99`, `player_stamina_99`, `player_guts_99`, `player_freedom_99`, `attri_id`, `positi_id`, `gender_id`, `body_type_id`, `player_obtention_method_id`, `original_version`) VALUES
(1, 'あいかた', NULL, NULL, 'aikata', NULL, NULL, 5, 126, 93, 57, 56, 54, 56, 56, 42, 51, 60, 2, 4, 1, 2, 7, NULL),
(2, 'あいき', NULL, NULL, 'aiki', NULL, NULL, NULL, 93, 122, 51, 56, 54, 56, 51, 53, 51, 60, 2, 1, 1, 2, 7, NULL),
(3, 'あいこう', NULL, NULL, 'aikou', NULL, NULL, NULL, 120, 95, 62, 53, 53, 55, 56, 62, 52, 22, 3, 1, 1, 2, 3, NULL),
(4, 'あいぞめ', NULL, NULL, 'aizome', NULL, NULL, 8, 118, 93, 48, 53, 56, 51, 62, 62, 56, 37, 4, 4, 1, 2, 3, NULL),
(5, 'あいちゃん', NULL, NULL, 'aichan', NULL, NULL, NULL, 89, 137, 48, 50, 48, 51, 51, 48, 51, 63, 3, 3, 2, 2, 3, NULL),
(6, 'あえん', NULL, NULL, 'aen', NULL, NULL, NULL, 122, 120, 54, 56, 44, 45, 50, 51, 51, 89, 4, 2, 1, 2, 3, NULL),
(7, 'あおい', NULL, NULL, 'aoi', NULL, NULL, NULL, 122, 97, 44, 55, 52, 54, 64, 55, 52, 57, 2, 2, 1, 2, 3, NULL),
(8, 'あおそり', NULL, NULL, 'aosori', NULL, NULL, NULL, 100, 105, 44, 60, 48, 44, 44, 47, 47, 82, 2, 2, 1, 2, 3, NULL),
(9, 'あおの', NULL, NULL, 'aono', NULL, NULL, NULL, 126, 101, 56, 60, 63, 58, 57, 57, 56, 45, 2, 2, 1, 2, 3, NULL),
(10, 'あおば', NULL, NULL, 'aoba', NULL, NULL, 14, 134, 115, 54, 61, 56, 56, 51, 54, 53, 37, 2, 2, 1, 2, 3, NULL),
(11, 'あおもり', NULL, NULL, 'aomori', NULL, NULL, NULL, 117, 102, 58, 57, 52, 62, 56, 51, 56, 21, 1, 1, 1, 2, 3, NULL),
(12, 'あが', NULL, NULL, 'aga', NULL, NULL, NULL, 120, 91, 45, 41, 38, 53, 60, 57, 53, 66, 3, 3, 1, 2, 3, NULL),
(13, 'あかい', NULL, NULL, 'akai', NULL, NULL, NULL, 99, 126, 47, 48, 50, 44, 50, 48, 47, 101, 3, 4, 1, 2, 3, NULL),
(14, 'あかえ', NULL, NULL, 'akae', NULL, NULL, NULL, 91, 126, 56, 57, 50, 61, 52, 58, 54, 24, 3, 3, 1, 2, 3, NULL),
(15, 'あかぎ', NULL, NULL, 'akagi', NULL, NULL, NULL, 120, 110, 57, 56, 51, 61, 51, 53, 56, 39, 1, 2, 1, 2, 7, NULL),
(16, 'あかぎり', NULL, NULL, 'akagiri', NULL, NULL, NULL, 120, 97, 51, 51, 56, 48, 53, 56, 53, 71, 3, 4, 1, 2, 3, NULL),
(17, 'あかずきん', NULL, NULL, 'akazukin', NULL, NULL, NULL, 83, 134, 45, 48, 62, 44, 59, 45, 44, 57, 4, 3, 2, 2, 5, NULL),
(18, 'あかだい', NULL, NULL, 'akadai', NULL, NULL, NULL, 110, 94, 56, 52, 51, 54, 51, 54, 56, 53, 3, 4, 1, 2, 3, NULL),
(19, 'あかね', NULL, NULL, 'akane', NULL, NULL, NULL, 118, 109, 45, 57, 66, 44, 56, 56, 55, 60, 2, 2, 1, 2, 7, NULL),
(20, 'あかばね', NULL, NULL, 'akabane', NULL, NULL, NULL, 122, 97, 60, 55, 54, 52, 56, 56, 51, 25, 4, 3, 1, 2, 3, NULL),
(21, 'あかひこ', NULL, NULL, 'akahiko', NULL, NULL, 8, 99, 126, 50, 57, 61, 46, 56, 51, 54, 60, 3, 3, 1, 2, 3, NULL),
(22, 'あかり', NULL, NULL, 'akari', NULL, NULL, NULL, 96, 131, 56, 63, 53, 53, 51, 56, 59, 40, 2, 1, 2, 2, 7, NULL),
(23, 'あかりん', NULL, NULL, 'akarin', NULL, NULL, NULL, 75, 133, 40, 39, 41, 67, 62, 39, 46, 82, 4, 3, 2, 2, 5, NULL),
(24, 'アキ', NULL, NULL, 'aki', NULL, NULL, NULL, 107, 134, 46, 56, 57, 48, 57, 54, 51, 49, 3, 3, 2, 2, 3, NULL),
(25, 'あきた', NULL, NULL, 'akita', NULL, NULL, NULL, 118, 85, 54, 51, 44, 50, 48, 51, 54, 81, 1, 1, 1, 2, 3, NULL),
(26, 'あきもと', NULL, NULL, 'akimoto', NULL, NULL, NULL, 119, 93, 53, 54, 57, 57, 51, 51, 51, 55, 1, 1, 1, 2, 3, NULL),
(27, 'あく', NULL, NULL, 'aku', NULL, NULL, NULL, 111, 92, 51, 52, 60, 48, 51, 54, 56, 61, 3, 2, 1, 2, 3, NULL),
(28, 'アクア', NULL, NULL, 'akua', NULL, NULL, NULL, 107, 100, 55, 54, 66, 53, 65, 65, 53, 11, 4, 3, 1, 2, 4, NULL),
(29, 'あくたがわ', NULL, NULL, 'akutagawa', NULL, NULL, 5, 91, 119, 56, 55, 57, 57, 57, 62, 54, 23, 2, 2, 1, 2, 7, NULL),
(30, 'あぐち', NULL, NULL, 'aguchi', NULL, NULL, NULL, 129, 93, 53, 52, 51, 59, 48, 64, 51, 52, 1, 4, 1, 2, 3, NULL),
(31, 'あけち', NULL, NULL, 'akechi', NULL, NULL, 5, 116, 92, 47, 56, 58, 51, 51, 51, 53, 62, 2, 2, 1, 2, 7, NULL),
(32, 'アコ', NULL, NULL, 'ako', NULL, NULL, NULL, 103, 124, 55, 53, 54, 60, 53, 53, 42, 46, 3, 2, 2, 2, 3, NULL),
(33, 'あごん', NULL, NULL, 'agon', NULL, NULL, NULL, 126, 92, 67, 65, 47, 62, 53, 65, 51, 12, 3, 2, 1, 2, 7, NULL),
(34, 'あさくぼ', NULL, NULL, 'asakubo', NULL, NULL, NULL, 119, 118, 48, 53, 58, 49, 57, 56, 53, 59, 1, 2, 1, 2, 3, NULL),
(35, 'あさくら', NULL, NULL, 'asakura', NULL, NULL, NULL, 118, 94, 51, 57, 51, 56, 54, 57, 53, 62, 1, 2, 1, 2, 3, NULL),
(36, 'あさつゆ', NULL, NULL, 'asatsuyu', NULL, NULL, NULL, 131, 91, 44, 51, 57, 53, 57, 55, 57, 59, 1, 3, 1, 2, 3, NULL),
(37, 'あさみず', NULL, NULL, 'asamizu', NULL, NULL, NULL, 120, 93, 60, 53, 54, 56, 50, 62, 53, 26, 2, 3, 1, 2, 7, NULL),
(38, 'あさり', NULL, NULL, 'asari', NULL, NULL, NULL, 129, 92, 53, 51, 51, 60, 51, 65, 51, 49, 4, 3, 1, 2, 3, NULL),
(39, 'あしだ', NULL, NULL, 'ashida', NULL, NULL, NULL, 120, 104, 56, 53, 47, 48, 51, 51, 54, 68, 3, 4, 1, 2, 3, NULL),
(40, 'あしつ', NULL, NULL, 'ashitsu', NULL, NULL, 8, 100, 110, 60, 61, 57, 48, 54, 44, 54, 44, 1, 1, 1, 2, 3, NULL),
(41, 'あしゅら', NULL, NULL, 'ashura', NULL, NULL, NULL, 118, 93, 48, 52, 54, 53, 62, 55, 55, 60, 3, 1, 1, 2, 3, NULL),
(42, 'あすか', NULL, NULL, 'asuka', NULL, NULL, NULL, 120, 101, 59, 58, 57, 56, 58, 57, 60, 17, 2, 3, 1, 2, 16, NULL),
(43, 'あずほ', NULL, NULL, 'azuho', NULL, NULL, NULL, 102, 127, 57, 53, 53, 57, 55, 42, 56, 45, 2, 1, 2, 2, 7, NULL),
(44, 'あずま', NULL, NULL, 'azuma', NULL, NULL, 8, 126, 120, 54, 52, 48, 48, 58, 52, 60, 68, 4, 3, 1, 2, 6, NULL),
(45, 'あそ', NULL, NULL, 'aso', NULL, NULL, NULL, 122, 94, 51, 51, 51, 53, 51, 54, 53, 54, 3, 1, 1, 2, 3, NULL),
(46, 'あたご', NULL, NULL, 'atago', NULL, NULL, NULL, 119, 97, 56, 52, 56, 54, 51, 60, 51, 59, 3, 4, 1, 2, 3, NULL),
(47, 'あだしの', NULL, NULL, 'adashino', NULL, NULL, 18, 126, 117, 54, 57, 57, 53, 56, 62, 53, 36, 1, 1, 1, 2, 3, NULL),
(48, 'あたる', NULL, NULL, 'ataru', NULL, NULL, NULL, 94, 116, 57, 55, 53, 51, 57, 60, 56, 35, 2, 2, 1, 2, 7, NULL),
(49, 'あつい', NULL, NULL, 'atsui', NULL, NULL, NULL, 126, 94, 54, 56, 51, 55, 51, 61, 51, 52, 3, 1, 1, 2, 3, NULL),
(50, 'アップル', NULL, NULL, 'appuru', NULL, NULL, NULL, 119, 106, 56, 61, 62, 61, 60, 59, 62, 11, 4, 1, 2, 2, 3, NULL),
(51, 'あなざわ', NULL, NULL, 'anazawa', NULL, NULL, NULL, 122, 110, 56, 57, 61, 60, 58, 45, 54, 49, 3, 3, 1, 2, 4, NULL),
(52, 'アネサン', NULL, NULL, 'anesan', NULL, NULL, NULL, 114, 134, 51, 62, 59, 65, 56, 67, 67, 0, 3, 4, 2, 2, 7, NULL),
(53, 'アバヤ', NULL, NULL, 'abaya', NULL, NULL, NULL, 124, 129, 56, 55, 54, 56, 60, 53, 54, 11, 3, 1, 2, 2, 3, NULL),
(54, 'アビー', NULL, NULL, 'abii', NULL, NULL, 4, 120, 103, 63, 63, 65, 67, 53, 63, 62, 3, 4, 4, 1, 2, 5, NULL),
(55, 'あぶらだ', NULL, NULL, 'aburada', NULL, NULL, NULL, 135, 96, 53, 57, 54, 56, 53, 51, 53, 48, 2, 2, 1, 2, 4, NULL),
(56, 'あべ', NULL, NULL, 'abe', NULL, NULL, NULL, 122, 101, 51, 51, 51, 55, 51, 57, 57, 55, 2, 3, 1, 2, 3, NULL),
(57, 'あべしま', NULL, NULL, 'abeshima', NULL, NULL, 18, 91, 137, 57, 59, 62, 56, 66, 63, 57, 23, 3, 1, 1, 2, 3, NULL),
(58, 'あまかわ', NULL, NULL, 'amakawa', NULL, NULL, NULL, 124, 101, 60, 51, 54, 54, 57, 57, 51, 39, 2, 1, 1, 2, 3, NULL),
(59, 'あまひさ', NULL, NULL, 'amahisa', NULL, NULL, NULL, 135, 97, 55, 56, 55, 54, 56, 39, 55, 55, 4, 3, 1, 2, 7, NULL),
(60, 'あまほ', NULL, NULL, 'amaho', NULL, NULL, 8, 119, 99, 46, 46, 44, 44, 57, 47, 54, 94, 2, 3, 1, 2, 3, NULL),
(61, 'あまぼし', NULL, NULL, 'amaboshi', NULL, NULL, NULL, 126, 90, 44, 44, 51, 62, 50, 60, 50, 66, 2, 4, 1, 2, 3, NULL),
(62, 'あまみや', NULL, NULL, 'amamiya', NULL, NULL, NULL, 124, 116, 48, 51, 62, 44, 51, 54, 57, 62, 1, 2, 1, 2, 3, NULL),
(63, 'あめひこ', NULL, NULL, 'amehiko', NULL, NULL, NULL, 107, 124, 48, 56, 60, 65, 53, 56, 51, 35, 3, 4, 1, 2, 3, NULL),
(64, 'あゆむ', NULL, NULL, 'ayumu', NULL, NULL, NULL, 100, 94, 56, 53, 51, 56, 53, 58, 53, 42, 1, 3, 1, 2, 3, NULL),
(65, 'あらい', NULL, NULL, 'arai', NULL, NULL, 5, 124, 92, 52, 51, 53, 56, 56, 56, 53, 54, 3, 1, 1, 2, 7, NULL),
(66, 'あらかわ', NULL, NULL, 'arakawa', NULL, NULL, NULL, 111, 102, 48, 55, 60, 48, 53, 54, 54, 61, 2, 1, 1, 2, 3, NULL),
(67, 'あらき', NULL, NULL, 'araki', NULL, NULL, NULL, 112, 94, 57, 57, 63, 53, 52, 53, 51, 43, 4, 2, 1, 2, 3, NULL),
(68, 'あらば', NULL, NULL, 'araba', NULL, NULL, 5, 120, 97, 60, 60, 56, 54, 56, 56, 58, 33, 2, 1, 1, 2, 7, NULL),
(69, 'あらや', NULL, NULL, 'araya', NULL, NULL, NULL, 121, 95, 56, 61, 48, 57, 56, 57, 56, 24, 3, 1, 2, 2, 3, NULL),
(70, 'アリ', NULL, NULL, 'ari', NULL, NULL, NULL, 121, 97, 56, 54, 64, 51, 56, 62, 53, 22, 1, 3, 1, 2, 7, NULL),
(71, 'アリー', NULL, NULL, 'arii', NULL, NULL, NULL, 119, 120, 60, 61, 62, 59, 62, 59, 60, 11, 3, 4, 2, 2, 5, NULL),
(72, 'アリエス', NULL, NULL, 'ariesu', NULL, NULL, 22, 127, 97, 64, 54, 56, 54, 53, 65, 54, 25, 4, 2, 1, 2, 3, NULL),
(73, 'ありさわ', NULL, NULL, 'arisawa', NULL, NULL, 16, 118, 127, 57, 61, 62, 62, 61, 56, 59, 0, 2, 2, 2, 2, 3, NULL),
(74, 'アルミ', NULL, NULL, 'arumi', NULL, NULL, NULL, 125, 108, 61, 59, 58, 56, 58, 61, 56, 25, 2, 4, 1, 2, 7, NULL),
(75, 'あわしま', NULL, NULL, 'awashima', NULL, NULL, NULL, 106, 118, 51, 55, 51, 53, 57, 55, 53, 54, 1, 4, 1, 2, 3, NULL),
(76, 'あんこう', NULL, NULL, 'ankou', NULL, NULL, NULL, 120, 99, 46, 48, 47, 63, 50, 49, 48, 76, 4, 3, 1, 2, 3, NULL),
(77, 'あんこくじ', NULL, NULL, 'ankokuji', NULL, NULL, NULL, 122, 116, 64, 50, 48, 50, 51, 43, 48, 71, 4, 1, 1, 2, 4, NULL),
(78, 'あんどう', NULL, NULL, 'andou', NULL, NULL, NULL, 92, 130, 51, 53, 50, 47, 46, 56, 51, 72, 4, 3, 1, 2, 3, NULL),
(79, 'あんどん', NULL, NULL, 'andon', NULL, NULL, NULL, 106, 118, 59, 49, 51, 52, 51, 49, 48, 66, 2, 1, 1, 2, 7, NULL),
(80, 'いいだ', NULL, NULL, 'iida', NULL, NULL, NULL, 120, 95, 44, 39, 37, 61, 58, 51, 54, 81, 3, 4, 1, 2, 7, NULL),
(81, 'いいたに', NULL, NULL, 'iitani', NULL, NULL, NULL, 120, 92, 58, 51, 57, 54, 53, 58, 57, 36, 4, 2, 1, 2, 3, NULL),
(82, 'いいのや', NULL, NULL, 'iinoya', NULL, NULL, NULL, 127, 93, 51, 50, 48, 53, 50, 60, 48, 58, 2, 3, 1, 2, 4, NULL),
(83, 'いえなが', NULL, NULL, 'ienaga', NULL, NULL, NULL, 94, 119, 42, 40, 40, 60, 56, 58, 60, 69, 3, 3, 1, 2, 3, NULL),
(84, 'イエロー', NULL, NULL, 'ieroo', NULL, NULL, NULL, 105, 123, 56, 53, 56, 65, 53, 56, 65, 38, 4, 4, 1, 2, 3, NULL),
(85, 'イエローD', NULL, NULL, 'ierooD', NULL, NULL, NULL, 120, 96, 57, 59, 56, 67, 53, 54, 49, 56, 4, 4, 1, 2, 3, NULL),
(86, 'イエローS', NULL, NULL, 'ierooS', NULL, NULL, NULL, 115, 97, 53, 62, 56, 66, 53, 53, 44, 53, 4, 4, 1, 2, 3, NULL),
(87, 'いが', NULL, NULL, 'iga', NULL, NULL, NULL, 106, 114, 44, 56, 66, 45, 51, 54, 51, 59, 1, 3, 1, 2, 7, NULL),
(88, 'いがしら', NULL, NULL, 'igashira', NULL, NULL, NULL, 110, 91, 45, 39, 43, 56, 62, 55, 52, 74, 1, 4, 1, 2, 3, NULL),
(89, 'いがた', NULL, NULL, 'igata', NULL, NULL, NULL, 94, 119, 47, 53, 55, 56, 56, 57, 55, 46, 4, 2, 1, 2, 3, NULL),
(90, 'いがらし', NULL, NULL, 'igarashi', NULL, NULL, 8, 119, 89, 65, 39, 43, 48, 62, 44, 46, 79, 4, 1, 1, 2, 3, NULL),
(91, 'いがわ', NULL, NULL, 'igawa', NULL, NULL, NULL, 122, 101, 46, 52, 61, 44, 56, 53, 54, 65, 1, 1, 1, 2, 3, NULL),
(92, 'いき', NULL, NULL, 'iki', NULL, NULL, NULL, 135, 94, 50, 56, 48, 54, 63, 53, 50, 39, 1, 2, 1, 2, 3, NULL),
(93, 'いくた', NULL, NULL, 'ikuta', NULL, NULL, NULL, 105, 126, 55, 53, 53, 53, 51, 56, 57, 55, 4, 1, 1, 2, 7, NULL),
(94, 'いぐち', NULL, NULL, 'iguchi', NULL, NULL, NULL, 94, 116, 59, 51, 57, 54, 56, 67, 51, 27, 1, 1, 1, 2, 3, NULL),
(95, 'いくみ', NULL, NULL, 'ikumi', NULL, NULL, NULL, 106, 113, 51, 39, 66, 75, 56, 56, 51, 18, 3, 3, 2, 2, 16, NULL),
(96, 'いけす', NULL, NULL, 'ikesu', NULL, NULL, 8, 93, 123, 52, 56, 51, 47, 48, 51, 57, 65, 3, 4, 1, 2, 3, NULL),
(97, 'いけだ', NULL, NULL, 'ikeda', NULL, NULL, NULL, 124, 95, 53, 58, 52, 61, 54, 56, 57, 23, 4, 3, 1, 2, 3, NULL),
(98, 'いこ', NULL, NULL, 'iko', NULL, NULL, 5, 90, 124, 50, 50, 50, 51, 50, 50, 48, 67, 1, 1, 2, 2, 7, NULL),
(99, 'いさ', NULL, NULL, 'isa', NULL, NULL, NULL, 94, 116, 40, 62, 60, 61, 42, 41, 39, 80, 1, 1, 1, 2, 4, NULL),
(100, 'いさがわ', NULL, NULL, 'isagawa', NULL, NULL, NULL, 93, 128, 51, 53, 65, 65, 50, 51, 51, 38, 3, 3, 1, 2, 5, NULL),
(101, 'いさりび', NULL, NULL, 'isaribi', NULL, NULL, NULL, 116, 116, 44, 51, 60, 46, 55, 57, 56, 62, 1, 4, 1, 2, 3, NULL),
(102, 'いしくら', NULL, NULL, 'ishikura', NULL, NULL, NULL, 119, 109, 64, 62, 58, 65, 45, 60, 56, 33, 3, 4, 1, 2, 3, NULL),
(103, 'いしげ', NULL, NULL, 'ishige', NULL, NULL, NULL, 124, 100, 51, 56, 65, 53, 62, 56, 60, 33, 4, 2, 1, 2, 3, NULL),
(104, 'いしだ', NULL, NULL, 'ishida', NULL, NULL, NULL, 121, 95, 46, 51, 57, 53, 59, 52, 51, 61, 3, 1, 1, 2, 3, NULL),
(105, 'いしづ', NULL, NULL, 'ishizu', NULL, NULL, NULL, 75, 140, 51, 50, 65, 51, 64, 41, 41, 63, 1, 1, 1, 2, 7, NULL),
(106, 'いしつくり', NULL, NULL, 'ishitsukuri', NULL, NULL, NULL, 119, 101, 63, 67, 57, 41, 56, 39, 57, 43, 1, 2, 1, 2, 3, NULL),
(107, 'いしどう', NULL, NULL, 'ishidou', NULL, NULL, NULL, 130, 95, 49, 51, 56, 56, 56, 66, 53, 37, 3, 1, 1, 2, 3, NULL),
(108, 'いしどこ', NULL, NULL, 'ishidoko', NULL, NULL, NULL, 121, 90, 47, 60, 44, 58, 54, 50, 56, 73, 3, 3, 1, 2, 4, NULL),
(109, 'いしはら', NULL, NULL, 'ishihara', NULL, NULL, NULL, 126, 96, 47, 53, 56, 55, 64, 56, 52, 59, 2, 3, 1, 2, 3, NULL),
(110, 'いしまつ', NULL, NULL, 'ishimatsu', NULL, NULL, NULL, 120, 113, 55, 53, 54, 55, 54, 56, 67, 34, 3, 4, 1, 2, 3, NULL),
(111, 'いすな', NULL, NULL, 'isuna', NULL, NULL, NULL, 133, 93, 61, 51, 57, 57, 52, 59, 51, 25, 2, 2, 1, 2, 3, NULL),
(112, 'いせ', NULL, NULL, 'ise', NULL, NULL, NULL, 121, 93, 56, 50, 54, 53, 54, 57, 56, 54, 4, 2, 1, 2, 3, NULL),
(113, 'いそ', NULL, NULL, 'iso', NULL, NULL, NULL, 106, 112, 50, 58, 60, 58, 51, 50, 51, 51, 4, 2, 1, 2, 3, NULL),
(114, 'いたばし', NULL, NULL, 'itabashi', NULL, NULL, NULL, 137, 113, 53, 59, 56, 57, 54, 54, 52, 39, 4, 1, 1, 2, 3, NULL),
(115, 'いちご', NULL, NULL, 'ichigo', NULL, NULL, NULL, 118, 99, 42, 63, 48, 42, 63, 44, 48, 77, 1, 1, 1, 2, 3, NULL),
(116, 'いちのせ', NULL, NULL, 'ichinose', NULL, NULL, NULL, 127, 113, 70, 60, 75, 54, 63, 53, 61, 6, 2, 2, 1, 2, 2, NULL),
(117, 'いちはた', NULL, NULL, 'ichihata', NULL, NULL, 8, 129, 93, 51, 51, 48, 53, 55, 64, 51, 59, 2, 3, 1, 2, 3, NULL),
(118, 'いちまつ', NULL, NULL, 'ichimatsu', NULL, NULL, NULL, 131, 92, 45, 47, 48, 48, 48, 46, 45, 99, 4, 3, 1, 2, 3, NULL),
(119, 'いちもんじ', NULL, NULL, 'ichimonji', NULL, NULL, NULL, 121, 106, 77, 59, 61, 56, 54, 57, 58, 22, 3, 1, 1, 2, 3, NULL),
(120, 'いっきゅう', NULL, NULL, 'ikkyuu', NULL, NULL, NULL, 99, 135, 46, 54, 65, 46, 51, 51, 56, 63, 2, 1, 1, 2, 3, NULL),
(121, 'いっとく', NULL, NULL, 'ittoku', NULL, NULL, 8, 99, 124, 52, 51, 51, 57, 56, 56, 57, 31, 2, 1, 1, 2, 3, NULL),
(122, 'いで', NULL, NULL, 'ide', NULL, NULL, NULL, 131, 89, 53, 46, 51, 46, 51, 56, 47, 75, 4, 2, 1, 2, 3, NULL),
(123, 'いでいし', NULL, NULL, 'ideishi', NULL, NULL, NULL, 126, 91, 51, 56, 50, 50, 63, 41, 50, 80, 3, 2, 1, 2, 3, NULL),
(124, 'いでた', NULL, NULL, 'ideta', NULL, NULL, NULL, 94, 118, 47, 53, 54, 55, 60, 56, 56, 44, 4, 3, 1, 2, 3, NULL),
(125, 'イトー', NULL, NULL, 'itoo', NULL, NULL, NULL, 91, 113, 53, 57, 50, 47, 49, 52, 55, 55, 1, 1, 1, 2, 3, NULL),
(126, 'いなご', NULL, NULL, 'inago', NULL, NULL, NULL, 122, 96, 51, 53, 57, 56, 54, 55, 55, 44, 1, 2, 1, 2, 3, NULL),
(127, 'いなの', NULL, NULL, 'inano', NULL, NULL, NULL, 109, 109, 57, 54, 53, 49, 48, 50, 57, 44, 2, 1, 1, 2, 7, NULL),
(128, 'いなば', NULL, NULL, 'inaba', NULL, NULL, NULL, 94, 132, 63, 66, 49, 64, 51, 39, 48, 52, 3, 1, 1, 2, 3, NULL),
(129, 'いなみ', NULL, NULL, 'inami', NULL, NULL, NULL, 120, 97, 49, 43, 39, 57, 56, 57, 53, 71, 3, 2, 1, 2, 3, NULL),
(130, 'いぬい', NULL, NULL, 'inui', NULL, NULL, NULL, 130, 90, 50, 45, 44, 46, 62, 67, 60, 36, 3, 3, 1, 2, 3, NULL),
(131, 'いぬがみ', NULL, NULL, 'inugami', NULL, NULL, NULL, 122, 101, 58, 54, 53, 60, 39, 56, 53, 60, 4, 4, 1, 2, 3, NULL),
(132, 'いぬはら', NULL, NULL, 'inuhara', NULL, NULL, NULL, 109, 118, 49, 57, 65, 61, 51, 53, 57, 22, 4, 1, 1, 2, 3, NULL),
(133, 'いの', NULL, NULL, 'ino', NULL, NULL, NULL, 93, 128, 56, 41, 38, 51, 57, 52, 51, 79, 3, 4, 1, 2, 3, NULL),
(134, 'いのう', NULL, NULL, 'inou', NULL, NULL, NULL, 126, 96, 47, 56, 54, 51, 60, 56, 52, 35, 1, 2, 1, 2, 3, NULL),
(135, 'いのまた', NULL, NULL, 'inomata', NULL, NULL, 20, 92, 124, 50, 57, 51, 57, 66, 57, 54, 32, 1, 2, 1, 2, 3, NULL),
(136, 'いばらき', NULL, NULL, 'ibaraki', NULL, NULL, NULL, 136, 87, 44, 48, 51, 53, 54, 48, 47, 74, 2, 1, 1, 2, 7, NULL),
(137, 'いまい', NULL, NULL, 'imai', NULL, NULL, 8, 99, 126, 51, 51, 51, 52, 56, 53, 53, 64, 1, 1, 1, 2, 3, NULL),
(138, 'いまがわ', NULL, NULL, 'imagawa', NULL, NULL, NULL, 122, 90, 45, 56, 56, 58, 45, 46, 48, 71, 3, 2, 1, 2, 3, NULL),
(139, 'いまざき', NULL, NULL, 'imazaki', NULL, NULL, NULL, 116, 105, 51, 47, 46, 60, 60, 56, 62, 43, 1, 2, 1, 2, 3, NULL),
(140, 'いまだ', NULL, NULL, 'imada', NULL, NULL, NULL, 137, 99, 55, 62, 52, 58, 53, 51, 56, 26, 2, 4, 1, 2, 3, NULL),
(141, 'いまむら', NULL, NULL, 'imamura', NULL, NULL, NULL, 91, 119, 48, 51, 52, 51, 59, 59, 55, 51, 4, 3, 1, 2, 3, NULL),
(142, 'いみず', NULL, NULL, 'imizu', NULL, NULL, NULL, 133, 90, 62, 45, 44, 47, 65, 48, 48, 74, 4, 1, 1, 2, 3, NULL),
(143, 'いもこ', NULL, NULL, 'imoko', NULL, NULL, NULL, 133, 101, 53, 59, 55, 56, 57, 51, 57, 22, 4, 2, 1, 2, 3, NULL),
(144, 'いもと', NULL, NULL, 'imoto', NULL, NULL, NULL, 99, 125, 56, 53, 51, 51, 52, 56, 51, 44, 2, 2, 2, 2, 3, NULL),
(145, 'いりき', NULL, NULL, 'iriki', NULL, NULL, NULL, 125, 101, 56, 57, 56, 56, 41, 58, 53, 61, 3, 3, 1, 2, 3, NULL),
(146, 'いりきいん', NULL, NULL, 'irikiin', NULL, NULL, NULL, 133, 90, 57, 57, 50, 51, 48, 51, 50, 52, 4, 1, 1, 2, 3, NULL),
(147, 'いるか', NULL, NULL, 'iruka', NULL, NULL, NULL, 122, 92, 48, 41, 39, 56, 60, 56, 51, 66, 4, 4, 1, 2, 3, NULL),
(148, 'いろは', NULL, NULL, 'iroha', NULL, NULL, NULL, 107, 133, 55, 56, 66, 55, 56, 60, 59, 32, 2, 2, 2, 2, 5, NULL),
(149, 'いわき', NULL, NULL, 'iwaki', NULL, NULL, NULL, 99, 113, 51, 48, 52, 54, 45, 52, 48, 75, 3, 4, 1, 2, 3, NULL),
(150, 'いわきやま', NULL, NULL, 'iwakiyama', NULL, NULL, NULL, 94, 124, 47, 46, 48, 65, 52, 40, 66, 61, 3, 4, 1, 2, 3, NULL),
(151, 'いわさ', NULL, NULL, 'iwasa', NULL, NULL, NULL, 122, 92, 56, 56, 55, 54, 54, 55, 53, 44, 4, 1, 1, 2, 3, NULL),
(152, 'いわさわ', NULL, NULL, 'iwasawa', NULL, NULL, NULL, 126, 101, 57, 57, 44, 62, 36, 56, 53, 65, 3, 4, 1, 2, 3, NULL),
(153, 'いわた', NULL, NULL, 'iwata', NULL, NULL, NULL, 136, 93, 59, 54, 53, 60, 43, 67, 56, 22, 1, 4, 1, 2, 3, NULL),
(154, 'いわて', NULL, NULL, 'iwate', NULL, NULL, NULL, 94, 113, 58, 52, 51, 51, 56, 57, 56, 27, 3, 3, 1, 2, 3, NULL),
(155, 'いわと', NULL, NULL, 'iwato', NULL, NULL, NULL, 94, 114, 53, 54, 54, 55, 54, 43, 53, 70, 4, 2, 1, 2, 3, NULL),
(156, 'いわなが', NULL, NULL, 'iwanaga', NULL, NULL, NULL, 106, 118, 44, 53, 61, 44, 57, 51, 51, 67, 3, 3, 1, 2, 3, NULL),
(157, 'いわなり', NULL, NULL, 'iwanari', NULL, NULL, NULL, 91, 127, 54, 56, 41, 54, 41, 42, 40, 83, 3, 2, 1, 2, 3, NULL),
(158, 'いわぶち', NULL, NULL, 'iwabuchi', NULL, NULL, NULL, 111, 94, 51, 56, 57, 52, 57, 56, 54, 51, 1, 4, 1, 2, 3, NULL),
(159, 'インカン', NULL, NULL, 'inkan', NULL, NULL, NULL, 120, 94, 47, 56, 56, 57, 59, 60, 51, 34, 1, 4, 1, 2, 3, NULL),
(160, 'いんの', NULL, NULL, 'inno', NULL, NULL, NULL, 126, 100, 46, 54, 53, 56, 62, 39, 54, 64, 2, 3, 1, 2, 3, NULL),
(161, 'いんべ', NULL, NULL, 'inbe', NULL, NULL, 8, 125, 95, 53, 53, 52, 56, 48, 58, 51, 55, 2, 3, 1, 2, 3, NULL),
(162, 'いんぽう', NULL, NULL, 'inpou', NULL, NULL, NULL, 127, 110, 53, 54, 51, 54, 56, 66, 56, 32, 3, 1, 1, 2, 3, NULL),
(163, 'ヴァーゴ', NULL, NULL, 'vuaago', NULL, NULL, 28, 101, 127, 57, 65, 57, 53, 53, 56, 53, 22, 3, 1, 2, 2, 4, NULL),
(164, 'ういん', NULL, NULL, 'uin', NULL, NULL, NULL, 112, 106, 65, 61, 57, 66, 47, 66, 60, 31, 1, 4, 1, 2, 4, NULL),
(165, 'うえき', NULL, NULL, 'ueki', NULL, NULL, NULL, 120, 106, 45, 53, 63, 50, 56, 57, 56, 29, 2, 3, 1, 2, 7, NULL),
(166, 'うえさか', NULL, NULL, 'uesaka', NULL, NULL, NULL, 120, 89, 62, 54, 44, 45, 48, 56, 53, 66, 3, 1, 1, 2, 3, NULL),
(167, 'うえすぎ', NULL, NULL, 'uesugi', NULL, NULL, NULL, 122, 97, 56, 60, 44, 59, 56, 60, 53, 37, 4, 1, 1, 2, 3, NULL),
(168, 'うえだ', NULL, NULL, 'ueda', NULL, NULL, NULL, 120, 104, 53, 53, 47, 47, 44, 53, 53, 90, 3, 2, 1, 2, 3, NULL),
(169, 'うえの', NULL, NULL, 'ueno', NULL, NULL, NULL, 75, 138, 59, 59, 57, 59, 60, 37, 59, 36, 2, 2, 2, 2, 3, NULL),
(170, 'うが', NULL, NULL, 'uga', NULL, NULL, NULL, 122, 94, 56, 57, 44, 56, 56, 57, 51, 62, 2, 3, 1, 2, 7, NULL),
(171, 'うきた', NULL, NULL, 'ukita', NULL, NULL, NULL, 110, 90, 51, 49, 49, 50, 59, 51, 53, 55, 3, 1, 1, 2, 4, NULL),
(172, 'うけがわ', NULL, NULL, 'ukegawa', NULL, NULL, 8, 120, 91, 53, 57, 53, 53, 56, 59, 55, 33, 1, 3, 1, 2, 3, NULL),
(173, 'うさみ', NULL, NULL, 'usami', NULL, NULL, NULL, 122, 113, 52, 56, 55, 56, 54, 53, 53, 62, 3, 3, 1, 2, 7, NULL),
(174, 'うしはら', NULL, NULL, 'ushihara', NULL, NULL, NULL, 122, 101, 48, 51, 54, 51, 60, 58, 53, 36, 2, 4, 1, 2, 3, NULL),
(175, 'うじま', NULL, NULL, 'ujima', NULL, NULL, NULL, 119, 100, 48, 51, 64, 45, 51, 56, 51, 62, 1, 2, 1, 2, 7, NULL),
(176, 'うしまど', NULL, NULL, 'ushimado', NULL, NULL, NULL, 118, 97, 51, 48, 52, 50, 67, 52, 49, 41, 2, 2, 1, 2, 3, NULL),
(177, 'うすだ', NULL, NULL, 'usuda', NULL, NULL, NULL, 121, 109, 54, 51, 49, 48, 47, 53, 56, 81, 1, 2, 1, 2, 3, NULL),
(178, 'うだがわ', NULL, NULL, 'udagawa', NULL, NULL, NULL, 122, 99, 56, 65, 56, 53, 53, 61, 56, 25, 4, 2, 1, 2, 3, NULL),
(179, 'うただ', NULL, NULL, 'utada', NULL, NULL, NULL, 120, 120, 56, 57, 48, 44, 48, 56, 57, 62, 4, 2, 1, 2, 3, NULL),
(180, 'うたば', NULL, NULL, 'utaba', NULL, NULL, 5, 102, 127, 48, 52, 56, 51, 60, 56, 52, 48, 1, 1, 1, 2, 7, NULL),
(181, 'うちざき', NULL, NULL, 'uchizaki', NULL, NULL, NULL, 127, 101, 62, 51, 56, 51, 57, 56, 52, 41, 3, 1, 1, 2, 3, NULL),
(182, 'うづき', NULL, NULL, 'uzuki', NULL, NULL, NULL, 118, 92, 50, 51, 56, 46, 57, 57, 51, 42, 4, 4, 1, 2, 3, NULL),
(183, 'うどう', NULL, NULL, 'udou', NULL, NULL, NULL, 99, 130, 50, 49, 51, 48, 46, 51, 53, 78, 2, 2, 1, 2, 3, NULL),
(184, 'うなぎ', NULL, NULL, 'unagi', NULL, NULL, NULL, 108, 119, 48, 51, 48, 46, 50, 53, 51, 79, 2, 2, 1, 2, 3, NULL),
(185, 'ウナギ', NULL, NULL, 'unagi', NULL, NULL, NULL, 119, 95, 57, 56, 51, 53, 51, 56, 52, 53, 1, 2, 1, 2, 7, NULL),
(186, 'うばがい', NULL, NULL, 'ubagai', NULL, NULL, NULL, 123, 101, 65, 60, 61, 67, 47, 63, 58, 32, 3, 4, 1, 2, 3, NULL),
(187, 'うべ', NULL, NULL, 'ube', NULL, NULL, NULL, 118, 93, 49, 63, 51, 51, 51, 51, 49, 45, 4, 2, 1, 2, 3, NULL),
(188, 'うまじ', NULL, NULL, 'umaji', NULL, NULL, 8, 122, 98, 56, 56, 57, 53, 66, 57, 64, 11, 2, 2, 1, 2, 3, NULL),
(189, 'うまみ', NULL, NULL, 'umami', NULL, NULL, NULL, 91, 132, 62, 65, 63, 58, 48, 60, 60, 32, 4, 3, 1, 2, 3, NULL),
(190, 'うみかわ', NULL, NULL, 'umikawa', NULL, NULL, NULL, 114, 101, 61, 51, 51, 57, 53, 57, 62, 33, 3, 1, 1, 2, 3, NULL),
(191, 'うみさき', NULL, NULL, 'umisaki', NULL, NULL, NULL, 119, 93, 56, 55, 51, 55, 54, 59, 57, 38, 1, 1, 1, 2, 3, NULL),
(192, 'うみはら', NULL, NULL, 'umihara', NULL, NULL, NULL, 123, 86, 60, 50, 44, 56, 62, 53, 44, 58, 1, 1, 1, 2, 3, NULL),
(193, 'うみみち', NULL, NULL, 'umimichi', NULL, NULL, NULL, 94, 132, 48, 51, 53, 53, 61, 54, 54, 64, 1, 4, 1, 2, 7, NULL),
(194, 'うみわたり', NULL, NULL, 'umiwatari', NULL, NULL, NULL, 124, 97, 54, 56, 57, 52, 51, 59, 52, 52, 1, 2, 1, 2, 3, NULL),
(195, 'うめちゃん', NULL, NULL, 'umechan', NULL, NULL, NULL, 104, 122, 54, 51, 53, 55, 51, 56, 54, 62, 3, 1, 2, 2, 5, NULL),
(196, 'うらかた', NULL, NULL, 'urakata', NULL, NULL, NULL, 108, 124, 44, 53, 58, 44, 56, 54, 56, 63, 1, 4, 1, 2, 3, NULL),
(197, 'うらしま', NULL, NULL, 'urashima', NULL, NULL, NULL, 92, 123, 60, 58, 55, 58, 40, 62, 54, 25, 2, 2, 1, 2, 3, NULL),
(198, 'うらた', NULL, NULL, 'urata', NULL, NULL, NULL, 100, 90, 51, 48, 56, 53, 51, 54, 51, 51, 3, 1, 1, 2, 3, NULL),
(199, 'うらべ', NULL, NULL, 'urabe', NULL, NULL, NULL, 110, 86, 52, 55, 46, 48, 50, 56, 51, 68, 2, 3, 1, 2, 3, NULL),
(200, 'うりゅう', NULL, NULL, 'uryuu', NULL, NULL, NULL, 120, 120, 55, 63, 50, 48, 47, 56, 54, 61, 2, 4, 1, 2, 3, NULL),
(201, 'うんの', NULL, NULL, 'unno', NULL, NULL, NULL, 123, 99, 59, 51, 51, 52, 56, 59, 53, 58, 2, 3, 1, 2, 3, NULL),
(202, 'エイ', NULL, NULL, 'ei', NULL, NULL, NULL, 122, 98, 62, 53, 53, 53, 56, 60, 62, 23, 3, 3, 1, 2, 3, NULL),
(203, 'えいゆう', NULL, NULL, 'eiyuu', NULL, NULL, NULL, 91, 126, 44, 52, 51, 56, 58, 57, 56, 62, 1, 2, 1, 2, 3, NULL),
(204, 'えいようし', NULL, NULL, 'eiyoushi', NULL, NULL, NULL, 120, 102, 50, 41, 39, 56, 60, 53, 56, 71, 3, 4, 1, 2, 3, NULL),
(205, 'えきみち', NULL, NULL, 'ekimichi', NULL, NULL, NULL, 122, 93, 46, 55, 58, 50, 57, 54, 56, 62, 4, 1, 1, 2, 3, NULL),
(206, 'エコ', NULL, NULL, 'eko', NULL, NULL, 8, 120, 96, 51, 56, 57, 54, 51, 56, 52, 53, 2, 1, 1, 2, 3, NULL),
(207, 'えじま', NULL, NULL, 'ejima', NULL, NULL, 14, 91, 124, 51, 58, 50, 62, 53, 58, 51, 26, 1, 2, 1, 2, 3, NULL),
(208, 'エツオー', NULL, NULL, 'etsuoo', NULL, NULL, NULL, 121, 100, 60, 54, 53, 57, 40, 57, 55, 43, 1, 3, 1, 2, 3, NULL),
(209, 'えつま', NULL, NULL, 'etsuma', NULL, NULL, NULL, 135, 94, 47, 54, 57, 53, 56, 58, 53, 48, 2, 4, 1, 2, 3, NULL),
(210, 'えのきど', NULL, NULL, 'enokido', NULL, NULL, NULL, 120, 101, 53, 57, 53, 62, 52, 56, 53, 37, 4, 3, 1, 2, 3, NULL),
(211, 'えのもと', NULL, NULL, 'enomoto', NULL, NULL, 5, 118, 113, 46, 53, 56, 57, 60, 51, 57, 61, 2, 3, 1, 2, 7, NULL),
(212, 'エバ', NULL, NULL, 'eba', NULL, NULL, NULL, 94, 131, 60, 51, 48, 51, 51, 51, 52, 40, 1, 4, 2, 2, 5, NULL),
(213, 'えばた', NULL, NULL, 'ebata', NULL, NULL, NULL, 117, 97, 56, 56, 53, 51, 56, 56, 57, 39, 4, 1, 1, 2, 3, NULL),
(214, 'エビ', NULL, NULL, 'ebi', NULL, NULL, 14, 115, 97, 48, 54, 60, 47, 51, 51, 56, 62, 2, 4, 1, 2, 3, NULL),
(215, 'えひめ', NULL, NULL, 'ehime', NULL, NULL, NULL, 120, 110, 52, 57, 51, 57, 57, 53, 56, 26, 3, 2, 1, 2, 3, NULL),
(216, 'エビリーナ', NULL, NULL, 'ebiriina', NULL, NULL, NULL, 108, 92, 47, 53, 59, 49, 51, 53, 51, 77, 2, 2, 2, 2, 3, NULL),
(217, 'えもと', NULL, NULL, 'emoto', NULL, NULL, NULL, 132, 102, 49, 56, 54, 53, 67, 54, 55, 22, 1, 2, 1, 2, 3, NULL),
(218, 'えりさ', NULL, NULL, 'erisa', NULL, NULL, NULL, 102, 122, 49, 51, 59, 50, 54, 54, 57, 41, 2, 3, 2, 2, 3, NULL),
(219, 'エルザ', NULL, NULL, 'eruza', NULL, NULL, NULL, 98, 122, 60, 63, 62, 60, 48, 60, 61, 12, 2, 1, 2, 2, 3, NULL),
(220, 'えんどう', NULL, NULL, 'endou', NULL, NULL, 1, 125, 135, 53, 53, 49, 80, 52, 69, 79, 22, 4, 4, 1, 2, 1, NULL),
(221, 'おいし', NULL, NULL, 'oishi', NULL, NULL, 5, 125, 99, 65, 60, 57, 42, 61, 55, 62, 11, 4, 1, 1, 2, 7, NULL),
(222, 'おいずみ', NULL, NULL, 'oizumi', NULL, NULL, NULL, 91, 131, 59, 51, 56, 51, 55, 56, 51, 62, 2, 3, 1, 2, 3, NULL),
(223, 'おうえん', NULL, NULL, 'ouen', NULL, NULL, NULL, 122, 93, 49, 53, 54, 55, 66, 52, 51, 60, 4, 2, 1, 2, 7, NULL),
(224, 'おうき', NULL, NULL, 'ouki', NULL, NULL, NULL, 142, 74, 82, 72, 34, 42, 53, 61, 53, 28, 4, 2, 1, 2, 7, NULL),
(225, 'おうぎや', NULL, NULL, 'ougiya', NULL, NULL, NULL, 105, 128, 57, 51, 51, 56, 51, 51, 56, 52, 1, 3, 1, 2, 3, NULL),
(226, 'おうせい', NULL, NULL, 'ousei', NULL, NULL, NULL, 124, 95, 60, 53, 56, 56, 57, 53, 55, 19, 2, 1, 1, 2, 7, NULL),
(227, 'おうだ', NULL, NULL, 'ouda', NULL, NULL, NULL, 102, 118, 51, 56, 60, 61, 65, 65, 58, 22, 2, 2, 1, 2, 3, NULL),
(228, 'おおいがわ', NULL, NULL, 'ooigawa', NULL, NULL, NULL, 99, 119, 51, 55, 54, 55, 56, 56, 51, 54, 4, 4, 1, 2, 7, NULL),
(229, 'おおいし', NULL, NULL, 'ooishi', NULL, NULL, NULL, 120, 105, 51, 56, 48, 48, 49, 54, 57, 53, 2, 2, 1, 2, 3, NULL),
(230, 'おおいた', NULL, NULL, 'ooita', NULL, NULL, NULL, 92, 126, 66, 55, 57, 51, 51, 56, 52, 24, 1, 1, 1, 2, 3, NULL),
(231, 'おおえど', NULL, NULL, 'ooedo', NULL, NULL, NULL, 155, 85, 58, 67, 48, 51, 41, 51, 66, 61, 4, 4, 1, 2, 5, NULL),
(232, 'おおおか', NULL, NULL, 'oooka', NULL, NULL, NULL, 102, 119, 57, 56, 51, 51, 55, 57, 53, 51, 2, 2, 1, 2, 7, NULL),
(233, 'おおがき', NULL, NULL, 'oogaki', NULL, NULL, NULL, 110, 100, 56, 56, 52, 53, 56, 52, 57, 44, 2, 1, 1, 2, 7, NULL),
(234, 'オオカミ', NULL, NULL, 'ookami', NULL, NULL, NULL, 126, 102, 48, 51, 40, 57, 63, 60, 51, 57, 3, 4, 1, 2, 3, NULL),
(235, 'おおぎもり', NULL, NULL, 'oogimori', NULL, NULL, NULL, 133, 109, 62, 56, 56, 49, 57, 48, 62, 20, 3, 1, 1, 2, 7, NULL),
(236, 'おおくぼ', NULL, NULL, 'ookubo', NULL, NULL, NULL, 118, 94, 56, 53, 54, 53, 53, 57, 52, 43, 2, 4, 1, 2, 3, NULL),
(237, 'おおさか', NULL, NULL, 'oosaka', NULL, NULL, 8, 99, 124, 48, 55, 60, 45, 52, 52, 53, 66, 1, 1, 1, 2, 3, NULL),
(238, 'おおさき', NULL, NULL, 'oosaki', NULL, NULL, NULL, 135, 92, 47, 55, 51, 56, 61, 59, 57, 35, 3, 4, 1, 2, 7, NULL),
(239, 'おおしか', NULL, NULL, 'ooshika', NULL, NULL, NULL, 119, 98, 63, 57, 57, 56, 56, 56, 53, 25, 4, 4, 1, 2, 3, NULL),
(240, 'おおだか', NULL, NULL, 'oodaka', NULL, NULL, 18, 126, 101, 52, 56, 44, 58, 54, 60, 53, 34, 1, 1, 1, 2, 3, NULL),
(241, 'おおだこ', NULL, NULL, 'oodako', NULL, NULL, NULL, 94, 116, 45, 53, 51, 53, 60, 54, 56, 60, 2, 4, 1, 2, 3, NULL),
(242, 'おおたに', NULL, NULL, 'ootani', NULL, NULL, 8, 108, 142, 64, 62, 72, 63, 54, 47, 42, 27, 2, 2, 2, 2, 3, NULL),
(243, 'おおたみ', NULL, NULL, 'ootami', NULL, NULL, NULL, 124, 95, 40, 40, 54, 42, 63, 56, 54, 62, 2, 2, 1, 2, 3, NULL),
(244, 'おおつき', NULL, NULL, 'ootsuki', NULL, NULL, NULL, 121, 97, 44, 52, 54, 51, 62, 60, 51, 42, 2, 3, 1, 2, 3, NULL),
(245, 'おおにわ', NULL, NULL, 'ooniwa', NULL, NULL, NULL, 91, 118, 51, 57, 46, 59, 56, 62, 51, 28, 2, 1, 1, 2, 3, NULL),
(246, 'おおね', NULL, NULL, 'oone', NULL, NULL, NULL, 117, 100, 60, 62, 53, 65, 51, 56, 53, 34, 4, 3, 1, 2, 3, NULL),
(247, 'おおば', NULL, NULL, 'ooba', NULL, NULL, NULL, 122, 101, 44, 53, 57, 57, 57, 56, 53, 61, 4, 3, 1, 2, 3, NULL),
(248, 'おおばやし', NULL, NULL, 'oobayashi', NULL, NULL, NULL, 120, 92, 62, 56, 51, 54, 51, 57, 57, 38, 4, 2, 1, 2, 3, NULL),
(249, 'おおひさ', NULL, NULL, 'oohisa', NULL, NULL, NULL, 126, 93, 54, 57, 48, 60, 51, 56, 52, 62, 1, 4, 1, 2, 3, NULL),
(250, 'オープン', NULL, NULL, 'oopun', NULL, NULL, NULL, 98, 133, 51, 49, 49, 48, 42, 39, 51, 73, 4, 3, 1, 2, 7, NULL),
(251, 'おおまさ', NULL, NULL, 'oomasa', NULL, NULL, NULL, 127, 93, 46, 57, 56, 53, 60, 62, 51, 40, 2, 2, 1, 2, 3, NULL),
(252, 'おおみち', NULL, NULL, 'oomichi', NULL, NULL, NULL, 120, 92, 56, 51, 50, 46, 45, 57, 54, 67, 2, 4, 1, 2, 3, NULL),
(253, 'おおや', NULL, NULL, 'ooya', NULL, NULL, NULL, 123, 97, 52, 61, 46, 59, 54, 58, 56, 25, 3, 1, 1, 2, 3, NULL),
(254, 'オール', NULL, NULL, 'ooru', NULL, NULL, NULL, 108, 118, 55, 55, 56, 63, 53, 51, 51, 49, 1, 4, 1, 2, 3, NULL),
(255, 'おおわき', NULL, NULL, 'oowaki', NULL, NULL, 8, 120, 105, 62, 58, 62, 57, 59, 56, 57, 38, 2, 3, 1, 2, 3, NULL),
(256, 'おおわだ', NULL, NULL, 'oowada', NULL, NULL, 8, 90, 128, 51, 53, 56, 56, 59, 55, 51, 28, 3, 3, 1, 2, 3, NULL),
(257, 'おがさわら', NULL, NULL, 'ogasawara', NULL, NULL, NULL, 122, 92, 51, 45, 45, 56, 62, 56, 52, 64, 4, 3, 1, 2, 3, NULL),
(258, 'おかだ', NULL, NULL, 'okada', NULL, NULL, NULL, 120, 86, 51, 53, 46, 44, 47, 54, 57, 62, 3, 2, 1, 2, 3, NULL),
(259, 'おかの', NULL, NULL, 'okano', NULL, NULL, NULL, 103, 118, 55, 52, 56, 56, 53, 56, 56, 50, 4, 1, 1, 2, 3, NULL),
(260, 'おがみ', NULL, NULL, 'ogami', NULL, NULL, 8, 120, 109, 41, 38, 36, 41, 42, 39, 39, 144, 1, 4, 1, 2, 3, NULL),
(261, 'おかむろ', NULL, NULL, 'okamuro', NULL, NULL, 5, 116, 100, 53, 51, 50, 58, 60, 56, 60, 34, 1, 1, 1, 2, 7, NULL),
(262, 'おかやま', NULL, NULL, 'okayama', NULL, NULL, 8, 137, 95, 62, 57, 55, 57, 46, 58, 51, 39, 2, 3, 1, 2, 3, NULL),
(263, 'おがわ', NULL, NULL, 'ogawa', NULL, NULL, 5, 94, 116, 59, 51, 52, 51, 53, 62, 53, 28, 1, 1, 1, 2, 7, NULL),
(264, 'おぎ', NULL, NULL, 'ogi', NULL, NULL, 8, 119, 96, 50, 53, 56, 45, 53, 53, 57, 64, 4, 3, 1, 2, 3, NULL),
(265, 'おきた', NULL, NULL, 'okita', NULL, NULL, NULL, 120, 97, 56, 57, 53, 53, 55, 51, 57, 41, 4, 2, 1, 2, 3, NULL),
(266, 'おきちゃん', NULL, NULL, 'okichan', NULL, NULL, NULL, 84, 129, 46, 44, 52, 48, 60, 51, 51, 58, 1, 2, 2, 2, 3, NULL),
(267, 'おきなわ', NULL, NULL, 'okinawa', NULL, NULL, NULL, 120, 92, 47, 39, 39, 52, 58, 57, 56, 77, 1, 3, 1, 2, 7, NULL),
(268, 'おぎの', NULL, NULL, 'ogino', NULL, NULL, NULL, 124, 105, 60, 62, 65, 59, 46, 63, 59, 34, 1, 3, 1, 2, 3, NULL),
(269, 'おくいずみ', NULL, NULL, 'okuizumi', NULL, NULL, NULL, 124, 95, 51, 56, 51, 54, 56, 51, 55, 62, 2, 3, 1, 2, 3, NULL),
(270, 'おくみや', NULL, NULL, 'okumiya', NULL, NULL, NULL, 116, 110, 58, 65, 56, 63, 59, 57, 60, 35, 3, 3, 1, 2, 7, NULL),
(271, 'おくむら', NULL, NULL, 'okumura', NULL, NULL, NULL, 94, 126, 51, 62, 51, 60, 57, 51, 56, 23, 4, 1, 1, 2, 3, NULL),
(272, 'おぐら', NULL, NULL, 'ogura', NULL, NULL, NULL, 120, 110, 53, 62, 56, 61, 57, 57, 54, 24, 4, 1, 1, 2, 3, NULL),
(273, 'おけたに', NULL, NULL, 'oketani', NULL, NULL, NULL, 105, 122, 56, 65, 56, 60, 60, 58, 57, 35, 3, 3, 1, 2, 3, NULL),
(274, 'おさかべ', NULL, NULL, 'osakabe', NULL, NULL, NULL, 120, 101, 56, 56, 57, 57, 51, 56, 52, 51, 3, 1, 1, 2, 3, NULL),
(275, 'おしい', NULL, NULL, 'oshii', NULL, NULL, NULL, 133, 106, 55, 60, 53, 59, 54, 53, 57, 33, 4, 1, 1, 2, 3, NULL),
(276, 'おしお', NULL, NULL, 'oshio', NULL, NULL, NULL, 111, 90, 54, 53, 47, 51, 51, 56, 54, 63, 3, 1, 1, 2, 3, NULL),
(277, 'おそれやま', NULL, NULL, 'osoreyama', NULL, NULL, NULL, 93, 124, 48, 38, 36, 53, 57, 53, 56, 84, 1, 3, 1, 2, 3, NULL),
(278, 'おだ', NULL, NULL, 'oda', NULL, NULL, NULL, 130, 96, 59, 52, 51, 52, 56, 54, 54, 61, 3, 2, 1, 2, 3, NULL),
(279, 'おでいし', NULL, NULL, 'odeishi', NULL, NULL, NULL, 124, 117, 53, 56, 56, 62, 51, 57, 53, 23, 4, 1, 1, 2, 7, NULL),
(280, 'おとした', NULL, NULL, 'otoshita', NULL, NULL, 8, 110, 92, 56, 51, 53, 54, 56, 52, 57, 56, 4, 1, 1, 2, 3, NULL),
(281, 'おとながい', NULL, NULL, 'otonagai', NULL, NULL, NULL, 125, 100, 47, 64, 65, 69, 60, 57, 65, 3, 3, 2, 1, 2, 3, NULL),
(282, 'おとなし', NULL, NULL, 'otonashi', NULL, NULL, NULL, 128, 128, 48, 54, 69, 60, 69, 51, 58, 21, 1, 2, 2, 2, 16, NULL),
(283, 'おぬき', NULL, NULL, 'onuki', NULL, NULL, NULL, 130, 92, 50, 53, 50, 51, 51, 65, 53, 61, 1, 2, 1, 2, 3, NULL),
(284, 'おのだ', NULL, NULL, 'onoda', NULL, NULL, NULL, 130, 100, 57, 67, 56, 52, 56, 66, 55, 15, 1, 1, 1, 2, 3, NULL),
(285, 'おばた', NULL, NULL, 'obata', NULL, NULL, NULL, 120, 86, 51, 57, 44, 46, 48, 51, 53, 59, 1, 4, 1, 2, 3, NULL),
(286, 'おぺら', NULL, NULL, 'opera', NULL, NULL, NULL, 75, 137, 39, 41, 40, 41, 41, 39, 39, 136, 4, 1, 2, 2, 4, NULL),
(287, 'おりた', NULL, NULL, 'orita', NULL, NULL, NULL, 126, 102, 44, 51, 55, 55, 62, 58, 57, 62, 1, 1, 1, 2, 3, NULL),
(288, 'おりの', NULL, NULL, 'orino', NULL, NULL, NULL, 120, 92, 55, 56, 51, 56, 53, 51, 56, 45, 2, 3, 1, 2, 7, NULL),
(289, 'おんだ', NULL, NULL, 'onda', NULL, NULL, NULL, 110, 95, 56, 58, 50, 61, 54, 57, 57, 25, 2, 3, 1, 2, 3, NULL),
(290, 'カード', NULL, NULL, 'kaado', NULL, NULL, NULL, 133, 99, 54, 68, 49, 79, 62, 62, 60, 6, 3, 3, 1, 2, 3, NULL),
(291, 'かいおう', NULL, NULL, 'kaiou', NULL, NULL, NULL, 125, 110, 58, 62, 58, 58, 57, 56, 56, 26, 2, 2, 1, 2, 3, NULL),
(292, 'かいかわ', NULL, NULL, 'kaikawa', NULL, NULL, NULL, 119, 93, 56, 56, 53, 60, 53, 57, 53, 50, 4, 3, 1, 2, 3, NULL),
(293, 'かいず', NULL, NULL, 'kaizu', NULL, NULL, NULL, 121, 95, 65, 53, 53, 64, 57, 51, 50, 48, 1, 1, 1, 2, 3, NULL),
(294, 'かいづか', NULL, NULL, 'kaizuka', NULL, NULL, NULL, 119, 91, 54, 56, 52, 53, 57, 55, 52, 50, 2, 3, 1, 2, 3, NULL),
(295, 'カイト', NULL, NULL, 'kaito', NULL, NULL, NULL, 125, 101, 56, 62, 56, 60, 67, 57, 60, 33, 2, 2, 1, 2, 7, NULL),
(296, 'かいとう', NULL, NULL, 'kaitou', NULL, NULL, NULL, 99, 126, 60, 61, 62, 58, 58, 58, 56, 34, 3, 4, 1, 2, 3, NULL),
(297, 'かいどう', NULL, NULL, 'kaidou', NULL, NULL, 8, 102, 128, 57, 54, 69, 56, 50, 58, 53, 26, 1, 2, 1, 2, 3, NULL),
(298, 'かいほう', NULL, NULL, 'kaihou', NULL, NULL, NULL, 115, 114, 56, 57, 51, 53, 51, 56, 54, 54, 2, 1, 1, 2, 3, NULL),
(299, 'かいよう', NULL, NULL, 'kaiyou', NULL, NULL, NULL, 90, 127, 57, 51, 48, 50, 44, 57, 53, 64, 1, 2, 1, 2, 3, NULL),
(300, 'かいり', NULL, NULL, 'kairi', NULL, NULL, NULL, 91, 134, 47, 48, 44, 55, 59, 55, 52, 51, 2, 1, 2, 2, 3, NULL),
(301, 'かいりき', NULL, NULL, 'kairiki', NULL, NULL, NULL, 128, 105, 70, 66, 70, 65, 61, 48, 48, 20, 1, 2, 1, 2, 4, NULL),
(302, 'カウカ', NULL, NULL, 'kauka', NULL, NULL, NULL, 127, 99, 42, 41, 53, 56, 53, 63, 54, 53, 1, 3, 1, 2, 4, NULL),
(303, 'かおてつ', NULL, NULL, 'kaotetsu', NULL, NULL, NULL, 120, 112, 62, 65, 60, 63, 58, 57, 57, 33, 4, 3, 1, 2, 3, NULL),
(304, 'カオル', NULL, NULL, 'kaoru', NULL, NULL, NULL, 100, 138, 58, 62, 66, 62, 61, 41, 51, 60, 2, 1, 1, 2, 4, NULL),
(305, 'かが', NULL, NULL, 'kaga', NULL, NULL, NULL, 133, 92, 60, 56, 57, 61, 48, 58, 51, 25, 1, 3, 1, 2, 3, NULL),
(306, 'かがわ', NULL, NULL, 'kagawa', NULL, NULL, NULL, 118, 96, 47, 53, 60, 50, 56, 51, 37, 71, 3, 1, 1, 2, 3, NULL),
(307, 'かぎがわ', NULL, NULL, 'kagigawa', NULL, NULL, NULL, 120, 99, 58, 59, 56, 62, 60, 58, 56, 15, 2, 3, 1, 2, 3, NULL),
(308, 'かぎなわ', NULL, NULL, 'kaginawa', NULL, NULL, NULL, 107, 95, 28, 50, 84, 54, 89, 53, 57, 15, 1, 2, 1, 2, 4, NULL),
(309, 'かくとう', NULL, NULL, 'kakutou', NULL, NULL, NULL, 118, 95, 67, 45, 44, 44, 56, 56, 62, 57, 2, 1, 1, 2, 5, NULL),
(310, 'かくまる', NULL, NULL, 'kakumaru', NULL, NULL, NULL, 105, 123, 62, 62, 61, 65, 51, 66, 62, 2, 3, 4, 1, 2, 7, NULL),
(311, 'かげろう', NULL, NULL, 'kagerou', NULL, NULL, NULL, 126, 91, 62, 51, 51, 56, 56, 61, 56, 31, 2, 4, 1, 2, 3, NULL),
(312, 'かさい', NULL, NULL, 'kasai', NULL, NULL, NULL, 129, 93, 56, 48, 50, 48, 51, 64, 51, 67, 4, 2, 1, 2, 3, NULL),
(313, 'かざきり', NULL, NULL, 'kazakiri', NULL, NULL, NULL, 102, 116, 48, 48, 47, 56, 60, 51, 52, 66, 1, 3, 1, 2, 3, NULL),
(314, 'かさはら', NULL, NULL, 'kasahara', NULL, NULL, 8, 116, 101, 53, 54, 51, 56, 51, 57, 51, 56, 3, 3, 1, 2, 3, NULL),
(315, 'かざま', NULL, NULL, 'kazama', NULL, NULL, NULL, 134, 97, 55, 55, 44, 46, 45, 55, 53, 65, 3, 4, 1, 2, 4, NULL),
(316, 'かざまつり', NULL, NULL, 'kazamatsuri', NULL, NULL, NULL, 92, 132, 56, 54, 60, 65, 80, 40, 57, 26, 1, 3, 1, 2, 16, NULL),
(317, 'かざむかい', NULL, NULL, 'kazamukai', NULL, NULL, 8, 120, 103, 63, 62, 56, 58, 58, 56, 57, 33, 1, 4, 1, 2, 3, NULL),
(318, 'かさやま', NULL, NULL, 'kasayama', NULL, NULL, NULL, 121, 99, 52, 56, 57, 52, 56, 60, 57, 32, 3, 3, 1, 2, 3, NULL),
(319, 'かじ', NULL, NULL, 'kaji', NULL, NULL, NULL, 133, 98, 44, 44, 48, 46, 48, 44, 44, 107, 2, 3, 1, 2, 3, NULL),
(320, 'かしま', NULL, NULL, 'kashima', NULL, NULL, NULL, 120, 101, 53, 58, 51, 56, 51, 51, 57, 61, 4, 1, 1, 2, 7, NULL),
(321, 'かじま', NULL, NULL, 'kajima', NULL, NULL, NULL, 83, 134, 53, 56, 50, 44, 49, 52, 57, 55, 2, 3, 2, 2, 3, NULL),
(322, 'かじわら', NULL, NULL, 'kajiwara', NULL, NULL, 5, 91, 122, 46, 40, 36, 56, 58, 53, 53, 83, 3, 1, 1, 2, 7, NULL),
(323, 'かしん', NULL, NULL, 'kashin', NULL, NULL, NULL, 124, 91, 56, 56, 56, 56, 57, 57, 53, 23, 4, 2, 1, 2, 3, NULL),
(324, 'かずお', NULL, NULL, 'kazuo', NULL, NULL, NULL, 118, 113, 56, 66, 62, 60, 60, 60, 60, 24, 4, 1, 1, 2, 3, NULL),
(325, 'かずと', NULL, NULL, 'kazuto', NULL, NULL, NULL, 104, 142, 57, 64, 72, 36, 52, 37, 39, 68, 2, 1, 1, 2, 16, NULL),
(326, 'かずみち', NULL, NULL, 'kazumichi', NULL, NULL, NULL, 122, 96, 46, 56, 56, 53, 56, 62, 51, 44, 2, 2, 1, 2, 3, NULL),
(327, 'かぜまる', NULL, NULL, 'kazemaru', NULL, NULL, NULL, 124, 122, 64, 58, 68, 57, 76, 58, 40, 23, 1, 3, 1, 2, 1, NULL),
(328, 'かた', NULL, NULL, 'kata', NULL, NULL, NULL, 127, 101, 57, 56, 56, 57, 41, 59, 51, 59, 4, 1, 1, 2, 3, NULL),
(329, 'かたたがえ', NULL, NULL, 'katatagae', NULL, NULL, NULL, 93, 116, 48, 51, 53, 49, 65, 50, 48, 55, 4, 1, 1, 2, 4, NULL),
(330, 'かたはた', NULL, NULL, 'katahata', NULL, NULL, NULL, 118, 97, 52, 57, 55, 56, 54, 54, 51, 51, 1, 3, 1, 2, 3, NULL),
(331, 'かたやま', NULL, NULL, 'katayama', NULL, NULL, NULL, 122, 101, 45, 56, 51, 56, 67, 66, 53, 45, 1, 4, 1, 2, 3, NULL),
(332, 'かつ', NULL, NULL, 'katsu', NULL, NULL, NULL, 91, 126, 59, 53, 51, 54, 53, 62, 55, 38, 3, 4, 1, 2, 3, NULL),
(333, 'かつお', NULL, NULL, 'katsuo', NULL, NULL, NULL, 112, 108, 65, 57, 56, 57, 60, 61, 60, 35, 3, 4, 1, 2, 3, NULL),
(334, 'かつたけ', NULL, NULL, 'katsutake', NULL, NULL, NULL, 120, 108, 48, 53, 65, 48, 56, 53, 53, 63, 3, 2, 1, 2, 3, NULL),
(335, 'かっちゃん', NULL, NULL, 'kacchan', NULL, NULL, NULL, 110, 160, 48, 54, 52, 64, 50, 40, 60, 92, 4, 4, 1, 2, 3, NULL),
(336, 'カツノブ', NULL, NULL, 'katsunobu', NULL, NULL, NULL, 118, 86, 44, 48, 48, 45, 45, 48, 48, 99, 2, 3, 1, 2, 3, NULL),
(337, 'カッパ', NULL, NULL, 'kappa', NULL, NULL, NULL, 121, 122, 74, 49, 48, 64, 71, 70, 57, 17, 1, 4, 1, 2, 16, NULL),
(338, 'かつまた', NULL, NULL, 'katsumata', NULL, NULL, NULL, 116, 107, 60, 65, 57, 61, 57, 62, 58, 33, 2, 4, 1, 2, 3, NULL),
(339, 'かつら', NULL, NULL, 'katsura', NULL, NULL, 18, 120, 102, 55, 56, 51, 53, 57, 56, 53, 54, 2, 3, 1, 2, 3, NULL),
(340, 'かつらもと', NULL, NULL, 'katsuramoto', NULL, NULL, NULL, 120, 93, 56, 59, 47, 58, 52, 62, 54, 23, 4, 4, 1, 2, 3, NULL),
(341, 'かどおか', NULL, NULL, 'kadooka', NULL, NULL, NULL, 127, 100, 65, 60, 56, 62, 46, 66, 59, 34, 3, 4, 1, 2, 7, NULL),
(342, 'かどがみ', NULL, NULL, 'kadogami', NULL, NULL, 18, 120, 94, 49, 67, 44, 62, 44, 49, 44, 73, 4, 1, 1, 2, 3, NULL),
(343, 'かない', NULL, NULL, 'kanai', NULL, NULL, NULL, 136, 99, 45, 53, 54, 52, 61, 60, 57, 35, 3, 1, 1, 2, 3, NULL),
(344, 'かなえ', NULL, NULL, 'kanae', NULL, NULL, NULL, 75, 134, 57, 60, 48, 60, 53, 56, 52, 32, 1, 3, 2, 2, 3, NULL),
(345, 'かながわ', NULL, NULL, 'kanagawa', NULL, NULL, 5, 99, 128, 54, 54, 50, 47, 46, 56, 56, 65, 1, 1, 1, 2, 7, NULL),
(346, 'かなつ', NULL, NULL, 'kanatsu', NULL, NULL, 5, 75, 138, 47, 52, 57, 53, 61, 61, 57, 33, 2, 3, 2, 2, 7, NULL),
(347, 'かなや', NULL, NULL, 'kanaya', NULL, NULL, NULL, 118, 94, 51, 53, 54, 51, 56, 56, 51, 54, 4, 3, 1, 2, 3, NULL),
(348, 'カナル', NULL, NULL, 'kanaru', NULL, NULL, NULL, 100, 130, 55, 53, 57, 63, 55, 53, 65, 11, 3, 4, 1, 2, 3, NULL),
(349, 'カヌー', NULL, NULL, 'kanuu', NULL, NULL, NULL, 119, 98, 53, 56, 56, 56, 53, 53, 56, 53, 1, 1, 1, 2, 5, NULL),
(350, 'かねこ', NULL, NULL, 'kaneko', NULL, NULL, NULL, 102, 112, 46, 53, 62, 44, 51, 51, 53, 66, 4, 2, 1, 2, 3, NULL),
(351, 'かねざわ', NULL, NULL, 'kanezawa', NULL, NULL, NULL, 121, 89, 49, 49, 46, 50, 47, 44, 46, 102, 2, 3, 1, 2, 3, NULL),
(352, 'カノン', NULL, NULL, 'kanon', NULL, NULL, NULL, 132, 115, 60, 59, 64, 69, 60, 62, 67, 14, 1, 1, 1, 2, 2, NULL),
(353, 'かはく', NULL, NULL, 'kahaku', NULL, NULL, NULL, 115, 101, 44, 47, 44, 45, 51, 54, 53, 87, 1, 4, 1, 2, 3, NULL),
(354, 'かひら', NULL, NULL, 'kahira', NULL, NULL, NULL, 120, 99, 52, 56, 51, 52, 56, 57, 51, 43, 4, 4, 1, 2, 3, NULL),
(355, 'かぶと', NULL, NULL, 'kabuto', NULL, NULL, NULL, 118, 97, 63, 54, 56, 51, 61, 57, 51, 32, 4, 2, 1, 2, 3, NULL),
(356, 'カフラー', NULL, NULL, 'kafuraa', NULL, NULL, NULL, 148, 32, 79, 90, 43, 78, 65, 41, 51, 5, 3, 1, 1, 2, 3, NULL),
(357, 'かぶらぎ', NULL, NULL, 'kaburagi', NULL, NULL, NULL, 118, 98, 50, 52, 56, 55, 57, 56, 51, 33, 2, 1, 1, 2, 3, NULL),
(358, 'カプリコ', NULL, NULL, 'kapuriko', NULL, NULL, NULL, 102, 126, 48, 46, 48, 51, 57, 55, 57, 66, 4, 3, 1, 2, 3, NULL),
(359, 'カプリコン', NULL, NULL, 'kapurikon', NULL, NULL, NULL, 123, 97, 55, 57, 56, 57, 63, 57, 65, 11, 2, 2, 1, 2, 4, NULL),
(360, 'かべ', NULL, NULL, 'kabe', NULL, NULL, NULL, 135, 101, 57, 56, 56, 60, 53, 53, 53, 37, 1, 1, 1, 2, 3, NULL),
(361, 'かべやま', NULL, NULL, 'kabeyama', NULL, NULL, NULL, 113, 116, 40, 53, 62, 66, 49, 65, 54, 35, 4, 3, 1, 2, 1, NULL),
(362, 'かぼちゃ', NULL, NULL, 'kabocha', NULL, NULL, NULL, 93, 126, 56, 47, 47, 60, 40, 52, 49, 74, 3, 4, 1, 2, 7, NULL),
(363, 'かまい', NULL, NULL, 'kamai', NULL, NULL, NULL, 133, 96, 44, 37, 41, 55, 66, 53, 51, 78, 1, 3, 1, 2, 3, NULL),
(364, 'かまきり', NULL, NULL, 'kamakiri', NULL, NULL, NULL, 129, 101, 60, 54, 54, 61, 41, 60, 57, 37, 3, 1, 1, 2, 3, NULL),
(365, 'かまど', NULL, NULL, 'kamado', NULL, NULL, NULL, 111, 96, 44, 54, 58, 47, 54, 53, 56, 56, 2, 3, 1, 2, 3, NULL),
(366, 'かみきり', NULL, NULL, 'kamikiri', NULL, NULL, NULL, 122, 92, 45, 65, 53, 56, 60, 60, 53, 34, 1, 2, 1, 2, 3, NULL),
(367, 'かみずる', NULL, NULL, 'kamizuru', NULL, NULL, NULL, 89, 128, 45, 44, 50, 44, 45, 44, 50, 88, 1, 3, 2, 2, 3, NULL),
(368, 'かみまる', NULL, NULL, 'kamimaru', NULL, NULL, NULL, 127, 103, 57, 53, 60, 60, 69, 64, 71, 6, 1, 2, 1, 2, 3, NULL),
(369, 'ガム', NULL, NULL, 'gamu', NULL, NULL, NULL, 120, 101, 56, 60, 56, 62, 55, 53, 54, 23, 4, 3, 1, 2, 7, NULL),
(370, 'かむい', NULL, NULL, 'kamui', NULL, NULL, NULL, 81, 126, 60, 52, 51, 51, 52, 58, 51, 36, 3, 3, 2, 2, 3, NULL),
(371, 'かめい', NULL, NULL, 'kamei', NULL, NULL, NULL, 99, 128, 44, 36, 42, 51, 60, 56, 56, 80, 2, 3, 1, 2, 3, NULL),
(372, 'かめいし', NULL, NULL, 'kameishi', NULL, NULL, NULL, 94, 145, 56, 61, 57, 67, 58, 63, 58, 31, 1, 3, 1, 2, 5, NULL),
(373, 'かめん', NULL, NULL, 'kamen', NULL, NULL, NULL, 123, 104, 42, 66, 59, 60, 60, 60, 58, 11, 3, 4, 1, 2, 5, NULL),
(374, 'かも', NULL, NULL, 'kamo', NULL, NULL, NULL, 122, 100, 67, 51, 53, 56, 58, 56, 51, 34, 4, 1, 1, 2, 3, NULL),
(375, 'カモノハシ', NULL, NULL, 'kamonohashi', NULL, NULL, 8, 119, 90, 50, 49, 52, 53, 60, 47, 51, 58, 4, 3, 1, 2, 3, NULL),
(376, 'カヤート', NULL, NULL, 'kayaato', NULL, NULL, NULL, 107, 118, 60, 60, 53, 52, 57, 61, 58, 32, 3, 1, 1, 2, 7, NULL),
(377, 'からさき', NULL, NULL, 'karasaki', NULL, NULL, NULL, 109, 114, 53, 57, 54, 53, 56, 50, 56, 56, 2, 3, 1, 2, 3, NULL),
(378, 'からす', NULL, NULL, 'karasu', NULL, NULL, NULL, 122, 97, 62, 53, 51, 59, 42, 60, 56, 42, 4, 3, 1, 2, 3, NULL),
(379, 'からまつ', NULL, NULL, 'karamatsu', NULL, NULL, NULL, 119, 93, 48, 56, 56, 53, 63, 56, 51, 42, 4, 2, 1, 2, 3, NULL),
(380, 'がり', NULL, NULL, 'gari', NULL, NULL, NULL, 99, 119, 60, 40, 46, 37, 63, 57, 53, 70, 3, 4, 1, 2, 3, NULL),
(381, 'かりゅう', NULL, NULL, 'karyuu', NULL, NULL, NULL, 110, 118, 63, 57, 56, 78, 57, 39, 65, 30, 3, 4, 1, 2, 16, NULL),
(382, 'かるいざわ', NULL, NULL, 'karuizawa', NULL, NULL, NULL, 120, 100, 55, 51, 51, 56, 57, 55, 54, 43, 4, 2, 1, 2, 7, NULL),
(383, 'カレン', NULL, NULL, 'karen', NULL, NULL, NULL, 114, 129, 81, 62, 42, 39, 65, 65, 46, 47, 3, 1, 2, 2, 4, NULL),
(384, 'かわかみ', NULL, NULL, 'kawakami', NULL, NULL, NULL, 125, 95, 53, 51, 53, 51, 54, 57, 67, 51, 4, 4, 1, 2, 3, NULL),
(385, 'かわぐち', NULL, NULL, 'kawaguchi', NULL, NULL, 5, 117, 111, 60, 60, 60, 67, 62, 62, 57, 15, 3, 1, 1, 2, 7, NULL),
(386, 'かわさき', NULL, NULL, 'kawasaki', NULL, NULL, NULL, 120, 92, 44, 41, 41, 56, 62, 53, 54, 63, 2, 4, 1, 2, 3, NULL),
(387, 'かわしま', NULL, NULL, 'kawashima', NULL, NULL, NULL, 119, 92, 55, 57, 56, 51, 56, 54, 54, 50, 1, 4, 1, 2, 3, NULL),
(388, 'かわせ', NULL, NULL, 'kawase', NULL, NULL, 8, 120, 92, 61, 48, 51, 54, 58, 48, 51, 50, 4, 1, 1, 2, 3, NULL),
(389, 'カワセミ', NULL, NULL, 'kawasemi', NULL, NULL, NULL, 121, 100, 51, 57, 53, 61, 57, 53, 53, 39, 3, 1, 1, 2, 3, NULL),
(390, 'かわた', NULL, NULL, 'kawata', NULL, NULL, NULL, 122, 93, 58, 53, 57, 51, 53, 56, 56, 26, 4, 4, 1, 2, 7, NULL),
(391, 'かわたか', NULL, NULL, 'kawataka', NULL, NULL, NULL, 114, 105, 51, 57, 56, 51, 54, 51, 51, 54, 3, 1, 1, 2, 3, NULL),
(392, 'かわわ', NULL, NULL, 'kawawa', NULL, NULL, NULL, 126, 98, 51, 50, 49, 48, 63, 41, 50, 90, 4, 2, 1, 2, 4, NULL),
(393, 'かんう', NULL, NULL, 'kanu', NULL, NULL, 8, 118, 100, 45, 53, 51, 57, 62, 63, 52, 40, 2, 1, 1, 2, 3, NULL),
(394, 'ガンガール', NULL, NULL, 'gangaaru', NULL, NULL, NULL, 124, 111, 54, 57, 45, 46, 49, 63, 49, 42, 3, 1, 2, 2, 4, NULL),
(395, 'カンガルー', NULL, NULL, 'kangaruu', NULL, NULL, 5, 81, 122, 51, 50, 50, 53, 59, 45, 50, 58, 4, 3, 2, 2, 7, NULL),
(396, 'かんじや', NULL, NULL, 'kanjiya', NULL, NULL, NULL, 121, 97, 54, 60, 45, 62, 53, 56, 56, 39, 3, 4, 1, 2, 3, NULL),
(397, 'かんしん', NULL, NULL, 'kanshin', NULL, NULL, NULL, 99, 118, 52, 55, 45, 46, 48, 51, 66, 64, 1, 1, 1, 2, 7, NULL),
(398, 'かんだ', NULL, NULL, 'kanda', NULL, NULL, NULL, 94, 119, 60, 52, 51, 61, 41, 60, 55, 36, 1, 3, 1, 2, 3, NULL),
(399, 'かんの', NULL, NULL, 'kanno', NULL, NULL, NULL, 134, 102, 44, 53, 57, 56, 57, 58, 53, 47, 1, 4, 1, 2, 3, NULL),
(400, 'かんべ', NULL, NULL, 'kanbe', NULL, NULL, NULL, 120, 101, 63, 60, 58, 63, 48, 60, 60, 34, 4, 4, 1, 2, 3, NULL),
(401, 'かんよう', NULL, NULL, 'kanyou', NULL, NULL, 5, 115, 99, 51, 56, 57, 51, 53, 57, 54, 53, 2, 1, 1, 2, 7, NULL),
(402, 'キキ', NULL, NULL, 'kiki', NULL, NULL, NULL, 95, 132, 55, 56, 57, 55, 57, 51, 54, 17, 1, 3, 2, 2, 3, NULL),
(403, 'きざむ', NULL, NULL, 'kizamu', NULL, NULL, NULL, 92, 135, 56, 55, 47, 47, 47, 52, 56, 66, 4, 3, 1, 2, 3, NULL),
(404, 'きし', NULL, NULL, 'kishi', NULL, NULL, 5, 133, 91, 62, 56, 53, 56, 53, 56, 51, 37, 3, 1, 1, 2, 7, NULL),
(405, 'きしかわ', NULL, NULL, 'kishikawa', NULL, NULL, NULL, 89, 138, 66, 62, 60, 62, 51, 61, 62, 9, 4, 1, 2, 2, 3, NULL),
(406, 'きしき', NULL, NULL, 'kishiki', NULL, NULL, NULL, 122, 92, 53, 48, 50, 53, 65, 43, 57, 41, 3, 1, 1, 2, 3, NULL),
(407, 'きじはた', NULL, NULL, 'kijihata', NULL, NULL, NULL, 138, 102, 56, 51, 51, 52, 51, 56, 53, 63, 1, 4, 1, 2, 7, NULL),
(408, 'きじま', NULL, NULL, 'kijima', NULL, NULL, NULL, 91, 116, 39, 47, 50, 46, 51, 50, 46, 103, 3, 2, 1, 2, 3, NULL),
(409, 'きたがた', NULL, NULL, 'kitagata', NULL, NULL, NULL, 89, 122, 54, 53, 49, 47, 46, 56, 56, 49, 1, 2, 2, 2, 3, NULL),
(410, 'きたはら', NULL, NULL, 'kitahara', NULL, NULL, NULL, 126, 95, 51, 59, 48, 56, 56, 59, 53, 60, 1, 2, 1, 2, 3, NULL),
(411, 'きっか', NULL, NULL, 'kikka', NULL, NULL, NULL, 121, 101, 48, 51, 54, 55, 64, 59, 54, 34, 1, 4, 1, 2, 7, NULL),
(412, 'きつつき', NULL, NULL, 'kitsutsuki', NULL, NULL, NULL, 121, 93, 50, 51, 57, 51, 66, 43, 57, 35, 1, 2, 1, 2, 3, NULL),
(413, 'きとう', NULL, NULL, 'kitou', NULL, NULL, NULL, 131, 97, 47, 40, 41, 55, 61, 53, 56, 72, 4, 3, 1, 2, 3, NULL),
(414, 'きどう', NULL, NULL, 'kidou', NULL, NULL, NULL, 123, 126, 63, 59, 79, 52, 68, 56, 68, 17, 1, 2, 1, 2, 1, NULL),
(415, 'きどう', NULL, NULL, 'kidou', NULL, NULL, 5, 123, 126, 63, 59, 79, 52, 68, 56, 68, 17, 1, 2, 1, 2, 2, 414),
(416, 'きの', NULL, NULL, 'kino', NULL, NULL, NULL, 104, 145, 44, 58, 52, 74, 51, 64, 68, 14, 4, 4, 2, 2, 16, NULL),
(417, 'キバ', NULL, NULL, 'kiba', NULL, NULL, NULL, 126, 102, 57, 56, 62, 59, 56, 56, 56, 21, 3, 2, 1, 2, 5, NULL),
(418, 'きびつ', NULL, NULL, 'kibitsu', NULL, NULL, NULL, 114, 109, 43, 62, 82, 58, 62, 61, 39, 27, 1, 3, 1, 2, 16, NULL),
(419, 'ぎふ', NULL, NULL, 'gifu', NULL, NULL, NULL, 133, 92, 48, 53, 55, 51, 57, 58, 53, 36, 2, 4, 1, 2, 3, NULL),
(420, 'きみしま', NULL, NULL, 'kimishima', NULL, NULL, NULL, 120, 95, 47, 53, 53, 56, 61, 57, 57, 41, 2, 2, 1, 2, 7, NULL),
(421, 'きみなみ', NULL, NULL, 'kiminami', NULL, NULL, NULL, 120, 99, 53, 62, 56, 60, 63, 63, 56, 44, 2, 2, 1, 2, 3, NULL),
(422, 'キャプ', NULL, NULL, 'kyapu', NULL, NULL, NULL, 129, 108, 53, 50, 54, 76, 52, 52, 54, 21, 4, 4, 2, 2, 3, NULL),
(423, 'キャプテン', NULL, NULL, 'kyaputen', NULL, NULL, NULL, 130, 95, 65, 63, 67, 58, 53, 51, 67, 31, 1, 2, 1, 2, 7, NULL),
(424, 'ギャラク', NULL, NULL, 'gyaraku', NULL, NULL, NULL, 120, 100, 62, 61, 61, 66, 48, 63, 57, 31, 4, 4, 1, 2, 7, NULL),
(425, 'ギャル', NULL, NULL, 'gyaru', NULL, NULL, NULL, 93, 111, 62, 53, 65, 49, 51, 50, 63, 11, 4, 1, 2, 2, 5, NULL),
(426, 'キャンサー', NULL, NULL, 'kyansaa', NULL, NULL, 28, 118, 101, 57, 65, 53, 64, 53, 57, 56, 21, 1, 3, 1, 2, 4, NULL),
(427, 'きゅうじ', NULL, NULL, 'kyuuji', NULL, NULL, NULL, 138, 95, 44, 51, 54, 51, 60, 62, 56, 33, 4, 3, 1, 2, 3, NULL),
(428, 'きゅうせい', NULL, NULL, 'kyuusei', NULL, NULL, 5, 112, 115, 61, 62, 63, 57, 49, 61, 56, 33, 4, 3, 1, 2, 7, NULL),
(429, 'きょういち', NULL, NULL, 'kyouichi', NULL, NULL, 5, 91, 133, 57, 53, 53, 56, 57, 58, 54, 36, 3, 3, 1, 2, 7, NULL),
(430, 'きょうと', NULL, NULL, 'kyouto', NULL, NULL, 8, 127, 95, 62, 53, 57, 53, 57, 64, 56, 22, 2, 1, 1, 2, 3, NULL),
(431, 'キラレア', NULL, NULL, 'kirarea', NULL, NULL, 14, 126, 120, 41, 64, 46, 69, 66, 44, 43, 52, 1, 2, 1, 2, 3, NULL),
(432, 'きりあや', NULL, NULL, 'kiriaya', NULL, NULL, NULL, 119, 91, 50, 53, 57, 48, 55, 53, 56, 60, 4, 3, 1, 2, 3, NULL),
(433, 'きわみち', NULL, NULL, 'kiwamichi', NULL, NULL, NULL, 101, 116, 45, 53, 57, 53, 60, 56, 56, 60, 3, 3, 1, 2, 3, NULL);
INSERT INTO `player` (`player_id`, `player_name_ja`, `player_name_hiragana`, `player_name_kanji`, `player_name_romanji`, `player_name_en`, `player_name_en_full`, `player_initial_lv`, `player_gp_99`, `player_tp_99`, `player_kick_99`, `player_body_99`, `player_control_99`, `player_guard_99`, `player_speed_99`, `player_stamina_99`, `player_guts_99`, `player_freedom_99`, `attri_id`, `positi_id`, `gender_id`, `body_type_id`, `player_obtention_method_id`, `original_version`) VALUES
(434, 'キング', NULL, NULL, 'kingu', NULL, NULL, NULL, 107, 123, 67, 65, 64, 66, 46, 48, 51, 13, 2, 1, 1, 2, 7, NULL),
(435, 'きんこ', NULL, NULL, 'kinko', NULL, NULL, 5, 104, 118, 53, 57, 57, 56, 57, 53, 51, 41, 3, 1, 1, 2, 7, NULL),
(436, 'きんたろう', NULL, NULL, 'kintarou', NULL, NULL, NULL, 115, 98, 54, 54, 56, 52, 53, 56, 51, 54, 4, 2, 1, 2, 7, NULL),
(437, 'ぎんはい', NULL, NULL, 'ginhai', NULL, NULL, NULL, 84, 140, 61, 61, 58, 59, 41, 61, 58, 13, 4, 4, 1, 2, 3, NULL),
(438, 'クイーン', NULL, NULL, 'kuiin', NULL, NULL, NULL, 90, 129, 65, 66, 67, 60, 65, 46, 48, 16, 2, 2, 2, 2, 4, NULL),
(439, 'クール', NULL, NULL, 'kuuru', NULL, NULL, NULL, 117, 108, 57, 48, 46, 56, 63, 62, 59, 32, 3, 3, 1, 2, 3, NULL),
(440, 'くぎや', NULL, NULL, 'kugiya', NULL, NULL, NULL, 106, 124, 53, 51, 55, 62, 51, 57, 55, 49, 1, 2, 1, 2, 3, NULL),
(441, 'くげ', NULL, NULL, 'kuge', NULL, NULL, NULL, 123, 92, 44, 51, 56, 57, 66, 53, 56, 58, 2, 1, 1, 2, 3, NULL),
(442, 'くさか', NULL, NULL, 'kusaka', NULL, NULL, NULL, 107, 116, 52, 51, 53, 56, 53, 56, 57, 46, 2, 3, 1, 2, 3, NULL),
(443, 'くさと', NULL, NULL, 'kusato', NULL, NULL, NULL, 104, 119, 53, 53, 56, 54, 48, 48, 51, 57, 2, 3, 1, 2, 3, NULL),
(444, 'くさなぎ', NULL, NULL, 'kusanagi', NULL, NULL, 8, 121, 95, 48, 51, 54, 57, 59, 56, 51, 60, 2, 1, 1, 2, 3, NULL),
(445, 'くさべ', NULL, NULL, 'kusabe', NULL, NULL, NULL, 122, 92, 62, 51, 53, 57, 36, 57, 53, 60, 2, 4, 1, 2, 3, NULL),
(446, 'クジ', NULL, NULL, 'kuji', NULL, NULL, 5, 118, 92, 56, 51, 53, 53, 57, 54, 51, 53, 2, 1, 1, 2, 7, NULL),
(447, 'くじた', NULL, NULL, 'kujita', NULL, NULL, NULL, 122, 91, 50, 48, 44, 57, 60, 54, 51, 65, 2, 2, 1, 2, 7, NULL),
(448, 'くじら', NULL, NULL, 'kujira', NULL, NULL, 5, 124, 109, 49, 51, 56, 50, 57, 57, 53, 60, 2, 1, 1, 2, 7, NULL),
(449, 'くすのき', NULL, NULL, 'kusunoki', NULL, NULL, 5, 122, 102, 56, 57, 51, 57, 40, 58, 51, 60, 2, 1, 1, 2, 7, NULL),
(450, 'くどう', NULL, NULL, 'kudou', NULL, NULL, NULL, 120, 104, 54, 56, 53, 54, 54, 56, 59, 31, 2, 3, 1, 2, 3, NULL),
(451, 'くない', NULL, NULL, 'kunai', NULL, NULL, NULL, 106, 104, 43, 37, 83, 53, 90, 57, 56, 6, 2, 3, 1, 2, 3, NULL),
(452, 'くにか', NULL, NULL, 'kunika', NULL, NULL, NULL, 140, 144, 41, 65, 39, 62, 32, 39, 66, 36, 2, 2, 2, 2, 16, NULL),
(453, 'くにがみ', NULL, NULL, 'kunigami', NULL, NULL, NULL, 133, 112, 47, 43, 40, 64, 66, 53, 55, 61, 1, 3, 1, 2, 7, NULL),
(454, 'くにさだ', NULL, NULL, 'kunisada', NULL, NULL, 8, 91, 122, 58, 54, 57, 60, 42, 66, 57, 23, 3, 4, 1, 2, 3, NULL),
(455, 'くにたち', NULL, NULL, 'kunitachi', NULL, NULL, NULL, 130, 99, 53, 57, 46, 62, 54, 60, 52, 27, 1, 2, 1, 2, 3, NULL),
(456, 'くのうざん', NULL, NULL, 'kunouzan', NULL, NULL, NULL, 81, 108, 66, 56, 57, 57, 57, 87, 53, 24, 3, 2, 1, 2, 16, NULL),
(457, 'クフ', NULL, NULL, 'kufu', NULL, NULL, 5, 150, 31, 100, 72, 80, 39, 64, 43, 48, 4, 2, 1, 1, 2, 7, NULL),
(458, 'くぼた', NULL, NULL, 'kubota', NULL, NULL, NULL, 92, 124, 56, 59, 46, 62, 57, 56, 56, 24, 4, 3, 1, 2, 3, NULL),
(459, 'くまがい', NULL, NULL, 'kumagai', NULL, NULL, NULL, 94, 116, 56, 65, 54, 62, 62, 66, 59, 27, 2, 1, 1, 2, 7, NULL),
(460, 'くまた', NULL, NULL, 'kumata', NULL, NULL, NULL, 117, 97, 53, 54, 56, 58, 56, 54, 57, 48, 3, 4, 1, 2, 3, NULL),
(461, 'くまもと', NULL, NULL, 'kumamoto', NULL, NULL, NULL, 120, 101, 62, 54, 54, 59, 50, 62, 55, 22, 3, 3, 1, 2, 3, NULL),
(462, 'くみむら', NULL, NULL, 'kumimura', NULL, NULL, 18, 115, 92, 57, 56, 56, 56, 51, 56, 56, 53, 1, 3, 1, 2, 3, NULL),
(463, 'くめ', NULL, NULL, 'kume', NULL, NULL, NULL, 114, 106, 50, 57, 58, 45, 54, 57, 57, 61, 1, 4, 1, 2, 3, NULL),
(464, 'クラウン', NULL, NULL, 'kuraun', NULL, NULL, NULL, 119, 91, 53, 62, 46, 58, 53, 56, 51, 60, 4, 3, 1, 2, 3, NULL),
(465, 'くらはし', NULL, NULL, 'kurahashi', NULL, NULL, NULL, 125, 94, 56, 53, 56, 56, 54, 60, 56, 33, 3, 2, 1, 2, 3, NULL),
(466, 'くらもち', NULL, NULL, 'kuramochi', NULL, NULL, 14, 107, 126, 51, 51, 56, 53, 53, 54, 53, 55, 3, 3, 2, 2, 3, NULL),
(467, 'グリーン', NULL, NULL, 'guriin', NULL, NULL, NULL, 125, 100, 52, 51, 53, 67, 56, 56, 67, 47, 2, 3, 1, 2, 7, NULL),
(468, 'グリーンD', NULL, NULL, 'guriinD', NULL, NULL, NULL, 108, 124, 56, 56, 54, 66, 53, 51, 45, 56, 2, 3, 1, 2, 3, NULL),
(469, 'グリーンS', NULL, NULL, 'guriinS', NULL, NULL, NULL, 112, 96, 57, 56, 53, 67, 56, 51, 50, 51, 2, 3, 1, 2, 3, NULL),
(470, 'くりばやし', NULL, NULL, 'kuribayashi', NULL, NULL, NULL, 120, 87, 62, 63, 50, 48, 50, 45, 50, 67, 4, 3, 1, 2, 3, NULL),
(471, 'くりまつ', NULL, NULL, 'kurimatsu', NULL, NULL, NULL, 118, 114, 54, 55, 53, 56, 59, 56, 65, 19, 3, 3, 1, 2, 1, NULL),
(472, 'くりやま', NULL, NULL, 'kuriyama', NULL, NULL, NULL, 118, 98, 53, 57, 47, 60, 53, 56, 54, 61, 4, 1, 1, 2, 3, NULL),
(473, 'くるしま', NULL, NULL, 'kurushima', NULL, NULL, NULL, 120, 102, 52, 58, 48, 52, 53, 50, 53, 58, 4, 2, 1, 2, 16, NULL),
(474, 'くるるん', NULL, NULL, 'kururun', NULL, NULL, NULL, 120, 99, 65, 67, 56, 63, 38, 67, 63, 14, 2, 3, 1, 2, 3, NULL),
(475, 'ぐれい', NULL, NULL, 'gurei', NULL, NULL, NULL, 122, 118, 53, 54, 45, 46, 48, 56, 53, 74, 3, 3, 1, 2, 3, NULL),
(476, 'くれない', NULL, NULL, 'kurenai', NULL, NULL, NULL, 124, 99, 48, 56, 60, 47, 54, 55, 51, 61, 2, 4, 1, 2, 3, NULL),
(477, 'くれの', NULL, NULL, 'kureno', NULL, NULL, NULL, 92, 124, 60, 41, 44, 39, 44, 56, 54, 85, 1, 3, 2, 2, 3, NULL),
(478, 'くれん', NULL, NULL, 'kuren', NULL, NULL, NULL, 103, 126, 56, 58, 56, 60, 53, 51, 56, 22, 1, 2, 1, 2, 3, NULL),
(479, 'クローバー', NULL, NULL, 'kuroobaa', NULL, NULL, NULL, 101, 97, 48, 45, 54, 84, 56, 56, 57, 47, 2, 3, 1, 2, 5, NULL),
(480, 'くろかわ', NULL, NULL, 'kurokawa', NULL, NULL, NULL, 133, 100, 56, 56, 57, 56, 51, 54, 51, 27, 3, 4, 1, 2, 3, NULL),
(481, 'クロブタ', NULL, NULL, 'kurobuta', NULL, NULL, 8, 92, 117, 46, 46, 44, 46, 45, 47, 52, 95, 2, 1, 1, 2, 3, NULL),
(482, 'くろまじょ', NULL, NULL, 'kuromajo', NULL, NULL, NULL, 92, 122, 50, 51, 52, 51, 48, 51, 63, 56, 3, 2, 1, 2, 3, NULL),
(483, 'くろまめ', NULL, NULL, 'kuromame', NULL, NULL, NULL, 94, 124, 60, 58, 59, 62, 60, 43, 48, 49, 1, 3, 1, 2, 3, NULL),
(484, 'くわがた', NULL, NULL, 'kuwagata', NULL, NULL, 5, 121, 105, 56, 59, 54, 60, 53, 53, 57, 25, 1, 3, 1, 2, 7, NULL),
(485, 'くわはら', NULL, NULL, 'kuwahara', NULL, NULL, NULL, 128, 101, 39, 62, 38, 66, 41, 67, 38, 74, 2, 3, 1, 2, 3, NULL),
(486, 'ぐんま', NULL, NULL, 'gunma', NULL, NULL, NULL, 120, 102, 44, 55, 51, 56, 57, 56, 52, 71, 3, 4, 1, 2, 3, NULL),
(487, 'けいせい', NULL, NULL, 'keisei', NULL, NULL, NULL, 138, 85, 65, 47, 45, 45, 44, 65, 66, 48, 3, 3, 1, 2, 4, NULL),
(488, 'けいた', NULL, NULL, 'keita', NULL, NULL, NULL, 125, 111, 55, 72, 71, 58, 63, 59, 59, 11, 2, 2, 1, 2, 3, NULL),
(489, 'ケイト', NULL, NULL, 'keito', NULL, NULL, 28, 96, 90, 51, 63, 50, 51, 48, 57, 53, 27, 2, 1, 2, 2, 4, NULL),
(490, 'けいら', NULL, NULL, 'keira', NULL, NULL, NULL, 118, 101, 45, 52, 53, 55, 62, 51, 51, 61, 4, 4, 1, 2, 3, NULL),
(491, 'ケート', NULL, NULL, 'keeto', NULL, NULL, NULL, 126, 116, 41, 65, 41, 63, 40, 39, 40, 96, 1, 2, 1, 2, 3, NULL),
(492, 'けご', NULL, NULL, 'kego', NULL, NULL, NULL, 101, 123, 63, 54, 41, 57, 48, 53, 44, 56, 4, 1, 1, 2, 3, NULL),
(493, 'けた', NULL, NULL, 'keta', NULL, NULL, 4, 93, 126, 57, 56, 51, 54, 60, 53, 51, 50, 3, 1, 1, 2, 5, NULL),
(494, 'ケムシ', NULL, NULL, 'kemushi', NULL, NULL, NULL, 107, 128, 56, 49, 65, 42, 57, 49, 56, 54, 2, 1, 1, 2, 4, NULL),
(495, 'げんじ', NULL, NULL, 'genji', NULL, NULL, NULL, 75, 132, 61, 51, 56, 51, 56, 56, 53, 38, 2, 2, 2, 2, 3, NULL),
(496, 'ケンタ', NULL, NULL, 'kenta', NULL, NULL, NULL, 120, 100, 62, 59, 58, 65, 50, 67, 56, 34, 3, 4, 1, 2, 3, NULL),
(497, 'ケント', NULL, NULL, 'kento', NULL, NULL, 5, 133, 92, 53, 51, 53, 53, 57, 56, 52, 63, 2, 1, 1, 2, 7, NULL),
(498, 'げんぶ', NULL, NULL, 'genbu', NULL, NULL, 20, 125, 122, 56, 63, 65, 60, 47, 62, 63, 52, 2, 1, 1, 2, 3, NULL),
(499, 'こいま', NULL, NULL, 'koima', NULL, NULL, NULL, 124, 104, 57, 51, 49, 56, 45, 57, 54, 62, 4, 4, 1, 2, 3, NULL),
(500, 'ごう', NULL, NULL, 'gou', NULL, NULL, NULL, 122, 92, 53, 51, 51, 62, 54, 54, 55, 45, 3, 4, 1, 2, 3, NULL),
(501, 'ごうえんじ', NULL, NULL, 'gouenji', NULL, NULL, NULL, 133, 123, 78, 66, 62, 58, 63, 60, 60, 13, 3, 1, 1, 2, 1, NULL),
(502, 'こうかい', NULL, NULL, 'koukai', NULL, NULL, NULL, 82, 132, 53, 53, 57, 56, 48, 51, 49, 41, 2, 1, 2, 2, 7, NULL),
(503, 'こうこ', NULL, NULL, 'kouko', NULL, NULL, NULL, 115, 92, 48, 53, 57, 50, 51, 57, 53, 60, 3, 3, 1, 2, 3, NULL),
(504, 'こうせい', NULL, NULL, 'kousei', NULL, NULL, NULL, 90, 130, 44, 38, 40, 52, 57, 57, 52, 85, 4, 1, 1, 2, 3, NULL),
(505, 'こうち', NULL, NULL, 'kouchi', NULL, NULL, NULL, 124, 98, 40, 62, 43, 66, 42, 39, 39, 87, 4, 3, 1, 2, 3, NULL),
(506, 'こうてつ', NULL, NULL, 'koutetsu', NULL, NULL, NULL, 99, 119, 51, 52, 57, 51, 55, 53, 57, 54, 3, 2, 1, 2, 3, NULL),
(507, 'こうどう', NULL, NULL, 'koudou', NULL, NULL, NULL, 122, 96, 46, 56, 55, 54, 59, 57, 51, 47, 3, 4, 1, 2, 3, NULL),
(508, 'こうのみや', NULL, NULL, 'kounomiya', NULL, NULL, NULL, 108, 119, 56, 53, 51, 54, 48, 51, 51, 71, 1, 3, 1, 2, 3, NULL),
(509, 'こうめい', NULL, NULL, 'koumei', NULL, NULL, NULL, 92, 124, 58, 51, 53, 51, 60, 49, 51, 54, 2, 2, 1, 2, 3, NULL),
(510, 'こうもと', NULL, NULL, 'koumoto', NULL, NULL, NULL, 122, 94, 44, 54, 51, 54, 56, 42, 56, 74, 1, 2, 1, 2, 3, NULL),
(511, 'ごうゆう', NULL, NULL, 'gouyuu', NULL, NULL, NULL, 120, 95, 47, 56, 55, 56, 58, 61, 56, 35, 3, 2, 1, 2, 3, NULL),
(512, 'こうりき', NULL, NULL, 'kouriki', NULL, NULL, NULL, 122, 100, 62, 59, 56, 53, 54, 53, 55, 19, 2, 1, 1, 2, 3, NULL),
(513, 'こえの', NULL, NULL, 'koeno', NULL, NULL, NULL, 122, 101, 47, 51, 47, 54, 44, 45, 44, 96, 1, 1, 1, 2, 3, NULL),
(514, 'ゴーグル', NULL, NULL, 'googuru', NULL, NULL, NULL, 121, 101, 59, 57, 56, 58, 60, 60, 60, 25, 1, 1, 1, 2, 3, NULL),
(515, 'コーヒー', NULL, NULL, 'koohii', NULL, NULL, NULL, 122, 94, 56, 64, 54, 63, 56, 51, 56, 11, 4, 2, 1, 2, 3, NULL),
(516, 'コーヘー', NULL, NULL, 'koohee', NULL, NULL, NULL, 114, 108, 52, 51, 51, 53, 53, 51, 51, 65, 3, 3, 1, 2, 3, NULL),
(517, 'こおりやま', NULL, NULL, 'kooriyama', NULL, NULL, 18, 117, 92, 48, 51, 59, 48, 53, 54, 52, 73, 3, 1, 1, 2, 3, NULL),
(518, 'ゴールド', NULL, NULL, 'goorudo', NULL, NULL, NULL, 130, 108, 67, 60, 66, 67, 45, 67, 47, 14, 2, 1, 1, 2, 4, NULL),
(519, 'こが', NULL, NULL, 'koga', NULL, NULL, NULL, 126, 91, 64, 56, 57, 51, 51, 53, 54, 25, 1, 2, 1, 2, 3, NULL),
(520, 'こがね', NULL, NULL, 'kogane', NULL, NULL, NULL, 91, 126, 49, 55, 53, 51, 62, 55, 55, 28, 4, 3, 1, 2, 7, NULL),
(521, 'ごくう', NULL, NULL, 'gokuu', NULL, NULL, 8, 120, 93, 51, 54, 51, 56, 51, 51, 57, 42, 3, 1, 1, 2, 3, NULL),
(522, 'ごくき', NULL, NULL, 'gokuki', NULL, NULL, NULL, 143, 74, 83, 74, 44, 42, 56, 52, 57, 19, 1, 3, 1, 2, 3, NULL),
(523, 'こぐるま', NULL, NULL, 'koguruma', NULL, NULL, NULL, 120, 111, 53, 53, 57, 57, 51, 56, 57, 49, 1, 1, 1, 2, 3, NULL),
(524, 'こぐれ', NULL, NULL, 'kogure', NULL, NULL, NULL, 126, 114, 44, 58, 57, 63, 65, 72, 50, 31, 2, 3, 1, 2, 1, NULL),
(525, 'ココナ', NULL, NULL, 'kokona', NULL, NULL, 5, 92, 134, 62, 60, 59, 63, 60, 56, 60, 12, 1, 3, 2, 2, 7, NULL),
(526, 'ココペリ', NULL, NULL, 'kokoperi', NULL, NULL, NULL, 118, 99, 59, 61, 48, 60, 48, 49, 51, 62, 4, 1, 1, 2, 16, NULL),
(527, 'こさか', NULL, NULL, 'kosaka', NULL, NULL, NULL, 118, 97, 52, 54, 53, 53, 54, 54, 56, 53, 1, 3, 1, 2, 3, NULL),
(528, 'こしが', NULL, NULL, 'koshiga', NULL, NULL, NULL, 94, 120, 62, 62, 43, 39, 42, 39, 42, 96, 3, 2, 1, 2, 4, NULL),
(529, 'こじか', NULL, NULL, 'kojika', NULL, NULL, NULL, 120, 93, 50, 54, 55, 54, 65, 53, 56, 23, 4, 1, 1, 2, 3, NULL),
(530, 'こしき', NULL, NULL, 'koshiki', NULL, NULL, NULL, 99, 127, 37, 39, 59, 42, 56, 54, 58, 80, 4, 4, 1, 2, 3, NULL),
(531, 'ごしょ', NULL, NULL, 'gosho', NULL, NULL, NULL, 106, 116, 53, 51, 51, 65, 51, 51, 51, 55, 3, 4, 1, 2, 4, NULL),
(532, 'ゴショウ', NULL, NULL, 'goshou', NULL, NULL, NULL, 124, 103, 62, 56, 57, 59, 62, 57, 56, 23, 3, 2, 1, 2, 3, NULL),
(533, 'ごず', NULL, NULL, 'gozu', NULL, NULL, NULL, 122, 97, 56, 56, 52, 53, 55, 60, 53, 39, 4, 3, 1, 2, 7, NULL),
(534, 'こぜき', NULL, NULL, 'kozeki', NULL, NULL, NULL, 137, 97, 59, 51, 51, 59, 50, 59, 55, 38, 2, 1, 1, 2, 7, NULL),
(535, 'こだま', NULL, NULL, 'kodama', NULL, NULL, 8, 93, 129, 47, 54, 51, 53, 60, 59, 57, 34, 4, 1, 1, 2, 3, NULL),
(536, 'こてがわ', NULL, NULL, 'kotegawa', NULL, NULL, 14, 94, 112, 60, 57, 56, 65, 42, 60, 51, 24, 2, 2, 1, 2, 3, NULL),
(537, 'こでら', NULL, NULL, 'kodera', NULL, NULL, NULL, 126, 100, 53, 58, 65, 51, 57, 57, 60, 32, 2, 3, 1, 2, 3, NULL),
(538, 'コトちゃん', NULL, NULL, 'kotochan', NULL, NULL, NULL, 94, 129, 58, 52, 48, 50, 50, 52, 54, 48, 3, 1, 2, 2, 3, NULL),
(539, 'ことは', NULL, NULL, 'kotoha', NULL, NULL, NULL, 99, 132, 46, 56, 56, 50, 56, 57, 54, 65, 1, 2, 2, 2, 3, NULL),
(540, 'ことぶき', NULL, NULL, 'kotobuki', NULL, NULL, NULL, 120, 102, 60, 58, 58, 56, 57, 59, 56, 20, 2, 1, 1, 2, 3, NULL),
(541, 'こながわ', NULL, NULL, 'konagawa', NULL, NULL, NULL, 122, 97, 44, 57, 51, 56, 65, 63, 56, 35, 3, 2, 1, 2, 3, NULL),
(542, 'こにし', NULL, NULL, 'konishi', NULL, NULL, NULL, 94, 120, 45, 51, 57, 54, 58, 62, 56, 35, 2, 1, 1, 2, 3, NULL),
(543, 'こばな', NULL, NULL, 'kobana', NULL, NULL, NULL, 120, 93, 52, 53, 50, 56, 58, 45, 50, 57, 1, 1, 1, 2, 7, NULL),
(544, 'こばやし', NULL, NULL, 'kobayashi', NULL, NULL, NULL, 120, 99, 54, 51, 53, 48, 52, 52, 54, 64, 1, 4, 1, 2, 3, NULL),
(545, 'こひら', NULL, NULL, 'kohira', NULL, NULL, 8, 120, 113, 51, 57, 54, 62, 57, 57, 51, 36, 1, 3, 1, 2, 3, NULL),
(546, 'ごぼう', NULL, NULL, 'gobou', NULL, NULL, NULL, 117, 109, 46, 51, 56, 44, 51, 57, 51, 82, 3, 4, 1, 2, 3, NULL),
(547, 'こまがた', NULL, NULL, 'komagata', NULL, NULL, NULL, 122, 115, 53, 51, 44, 61, 50, 45, 50, 80, 1, 4, 1, 2, 3, NULL),
(548, 'こまつ', NULL, NULL, 'komatsu', NULL, NULL, NULL, 120, 98, 56, 57, 62, 57, 57, 56, 59, 36, 3, 1, 1, 2, 3, NULL),
(549, 'こままめ', NULL, NULL, 'komamame', NULL, NULL, NULL, 122, 108, 51, 57, 58, 60, 60, 63, 56, 41, 3, 1, 1, 2, 7, NULL),
(550, 'ごみ', NULL, NULL, 'gomi', NULL, NULL, NULL, 122, 118, 45, 65, 47, 65, 45, 42, 44, 75, 1, 4, 1, 2, 3, NULL),
(551, 'こやま', NULL, NULL, 'koyama', NULL, NULL, NULL, 98, 122, 46, 55, 59, 51, 51, 51, 54, 52, 2, 1, 2, 2, 3, NULL),
(552, 'こより', NULL, NULL, 'koyori', NULL, NULL, NULL, 89, 132, 53, 59, 46, 62, 51, 59, 53, 25, 1, 2, 2, 2, 3, NULL),
(553, 'コロ', NULL, NULL, 'koro', NULL, NULL, NULL, 107, 120, 56, 57, 51, 53, 55, 57, 57, 35, 1, 1, 1, 2, 3, NULL),
(554, 'こんごう', NULL, NULL, 'kongou', NULL, NULL, NULL, 119, 103, 65, 58, 58, 66, 44, 65, 59, 35, 2, 4, 1, 2, 3, NULL),
(555, 'こんじき', NULL, NULL, 'konjiki', NULL, NULL, 14, 99, 130, 57, 55, 56, 59, 48, 58, 57, 34, 1, 4, 1, 2, 3, NULL),
(556, 'こんどう', NULL, NULL, 'kondou', NULL, NULL, NULL, 125, 92, 57, 56, 36, 57, 54, 58, 53, 62, 4, 1, 1, 2, 3, NULL),
(557, 'こんぺいと', NULL, NULL, 'konpeito', NULL, NULL, 5, 120, 109, 53, 47, 48, 56, 65, 56, 60, 32, 1, 3, 1, 2, 7, NULL),
(558, 'サーカス', NULL, NULL, 'saakasu', NULL, NULL, NULL, 121, 93, 51, 66, 49, 66, 52, 53, 66, 21, 1, 4, 1, 2, 3, NULL),
(559, 'さあや', NULL, NULL, 'saaya', NULL, NULL, NULL, 92, 129, 53, 55, 53, 57, 55, 48, 51, 43, 2, 3, 2, 2, 7, NULL),
(560, 'さいうん', NULL, NULL, 'saiun', NULL, NULL, NULL, 120, 92, 58, 57, 53, 57, 47, 57, 51, 62, 4, 4, 1, 2, 3, NULL),
(561, 'さいごう', NULL, NULL, 'saigou', NULL, NULL, NULL, 117, 96, 47, 51, 62, 45, 53, 54, 56, 63, 4, 4, 1, 2, 3, NULL),
(562, 'さいた', NULL, NULL, 'saita', NULL, NULL, NULL, 94, 136, 50, 51, 54, 57, 67, 56, 57, 30, 1, 2, 1, 2, 7, NULL),
(563, 'さいたま', NULL, NULL, 'saitama', NULL, NULL, NULL, 120, 91, 57, 57, 52, 56, 53, 66, 57, 21, 1, 2, 1, 2, 7, NULL),
(564, 'さいとう', NULL, NULL, 'saitou', NULL, NULL, NULL, 120, 85, 51, 56, 47, 49, 48, 51, 53, 67, 4, 1, 1, 2, 3, NULL),
(565, 'さいばら', NULL, NULL, 'saibara', NULL, NULL, NULL, 133, 102, 48, 48, 52, 44, 51, 48, 47, 89, 2, 4, 1, 2, 3, NULL),
(566, 'サイバン', NULL, NULL, 'saiban', NULL, NULL, NULL, 84, 126, 49, 51, 51, 51, 51, 44, 48, 63, 2, 3, 2, 2, 3, NULL),
(567, 'サイヒーロ', NULL, NULL, 'saihiiro', NULL, NULL, NULL, 122, 92, 58, 56, 51, 56, 51, 57, 53, 28, 2, 2, 1, 2, 3, NULL),
(568, 'ざいほう', NULL, NULL, 'zaihou', NULL, NULL, NULL, 126, 108, 56, 59, 56, 59, 62, 60, 61, 23, 3, 3, 1, 2, 3, NULL),
(569, 'サエ', NULL, NULL, 'sae', NULL, NULL, NULL, 95, 133, 48, 57, 62, 46, 53, 56, 56, 23, 2, 1, 2, 2, 7, NULL),
(570, 'さえか', NULL, NULL, 'saeka', NULL, NULL, NULL, 103, 127, 58, 61, 59, 60, 59, 56, 56, 24, 2, 2, 2, 2, 3, NULL),
(571, 'サエッキー', NULL, NULL, 'saekkii', NULL, NULL, NULL, 119, 92, 52, 56, 53, 56, 57, 57, 57, 33, 3, 3, 1, 2, 3, NULL),
(572, 'さえり', NULL, NULL, 'saeri', NULL, NULL, NULL, 100, 133, 60, 60, 60, 66, 60, 60, 56, 0, 2, 2, 2, 2, 3, NULL),
(573, 'さおり', NULL, NULL, 'saori', NULL, NULL, NULL, 113, 124, 56, 59, 60, 58, 57, 57, 59, 21, 1, 4, 2, 2, 3, NULL),
(574, 'さが', NULL, NULL, 'saga', NULL, NULL, 8, 122, 101, 46, 57, 55, 53, 57, 62, 57, 34, 3, 4, 1, 2, 3, NULL),
(575, 'さかい', NULL, NULL, 'sakai', NULL, NULL, NULL, 119, 115, 47, 53, 62, 46, 57, 53, 52, 63, 1, 3, 1, 2, 7, NULL),
(576, 'さかきばら', NULL, NULL, 'sakakibara', NULL, NULL, NULL, 118, 94, 53, 57, 62, 48, 56, 57, 56, 23, 4, 3, 1, 2, 3, NULL),
(577, 'さかした', NULL, NULL, 'sakashita', NULL, NULL, NULL, 121, 90, 48, 50, 46, 46, 50, 48, 44, 96, 1, 2, 1, 2, 3, NULL),
(578, 'さかた', NULL, NULL, 'sakata', NULL, NULL, NULL, 118, 110, 44, 54, 53, 51, 64, 62, 51, 45, 2, 3, 1, 2, 7, NULL),
(579, 'サガミネタ', NULL, NULL, 'sagamineta', NULL, NULL, NULL, 136, 114, 77, 71, 51, 50, 52, 61, 67, 19, 2, 1, 1, 2, 16, NULL),
(580, 'さかもと', NULL, NULL, 'sakamoto', NULL, NULL, NULL, 124, 102, 54, 54, 56, 54, 58, 59, 51, 43, 1, 2, 1, 2, 7, NULL),
(581, 'さがら', NULL, NULL, 'sagara', NULL, NULL, NULL, 122, 97, 53, 56, 57, 56, 57, 42, 53, 53, 3, 2, 1, 2, 3, NULL),
(582, 'サキ', NULL, NULL, 'saki', NULL, NULL, NULL, 100, 118, 56, 45, 44, 56, 64, 58, 60, 32, 1, 1, 2, 2, 3, NULL),
(583, 'さきとり', NULL, NULL, 'sakitori', NULL, NULL, NULL, 99, 124, 45, 46, 51, 62, 50, 44, 62, 65, 2, 4, 1, 2, 16, NULL),
(584, 'さく', NULL, NULL, 'saku', NULL, NULL, NULL, 133, 100, 57, 56, 57, 60, 51, 56, 53, 24, 1, 1, 1, 2, 3, NULL),
(585, 'さくま', NULL, NULL, 'sakuma', NULL, NULL, 12, 124, 126, 70, 60, 61, 53, 58, 70, 67, 13, 2, 1, 1, 2, 1, NULL),
(586, 'さくらい', NULL, NULL, 'sakurai', NULL, NULL, NULL, 103, 116, 48, 57, 56, 45, 52, 57, 54, 64, 3, 2, 1, 2, 3, NULL),
(587, 'さごじょう', NULL, NULL, 'sagojou', NULL, NULL, NULL, 118, 101, 55, 53, 53, 62, 54, 43, 53, 46, 1, 3, 1, 2, 3, NULL),
(588, 'さこた', NULL, NULL, 'sakota', NULL, NULL, NULL, 93, 127, 52, 51, 51, 48, 46, 51, 51, 68, 2, 3, 2, 2, 3, NULL),
(589, 'ささ', NULL, NULL, 'sasa', NULL, NULL, NULL, 123, 92, 50, 59, 52, 60, 53, 39, 51, 59, 2, 3, 1, 2, 3, NULL),
(590, 'ささき', NULL, NULL, 'sasaki', NULL, NULL, NULL, 120, 96, 55, 53, 61, 52, 54, 53, 66, 42, 4, 3, 1, 2, 3, NULL),
(591, 'ささぶえ', NULL, NULL, 'sasabue', NULL, NULL, NULL, 124, 96, 47, 46, 54, 57, 55, 44, 56, 75, 2, 2, 1, 2, 3, NULL),
(592, 'ささもと', NULL, NULL, 'sasamoto', NULL, NULL, 8, 105, 125, 60, 60, 54, 53, 54, 61, 58, 33, 1, 1, 1, 2, 3, NULL),
(593, 'ささやま', NULL, NULL, 'sasayama', NULL, NULL, NULL, 112, 105, 67, 59, 58, 67, 50, 62, 56, 33, 2, 4, 1, 2, 7, NULL),
(594, 'サザレ', NULL, NULL, 'sazare', NULL, NULL, 8, 99, 127, 48, 60, 51, 59, 51, 50, 47, 49, 3, 2, 1, 2, 3, NULL),
(595, 'ざしき', NULL, NULL, 'zashiki', NULL, NULL, 8, 134, 116, 53, 58, 56, 59, 53, 51, 51, 27, 3, 4, 1, 2, 3, NULL),
(596, 'サジタリ', NULL, NULL, 'sajitari', NULL, NULL, NULL, 107, 119, 66, 57, 56, 53, 54, 57, 57, 18, 4, 1, 1, 2, 3, NULL),
(597, 'させ', NULL, NULL, 'sase', NULL, NULL, NULL, 91, 116, 60, 61, 63, 62, 63, 39, 66, 36, 2, 2, 1, 2, 3, NULL),
(598, 'さた', NULL, NULL, 'sata', NULL, NULL, NULL, 93, 124, 48, 49, 51, 54, 67, 50, 51, 54, 2, 3, 1, 2, 3, NULL),
(599, 'さだ', NULL, NULL, 'sada', NULL, NULL, NULL, 113, 95, 44, 57, 63, 47, 53, 53, 51, 63, 3, 1, 1, 2, 3, NULL),
(600, 'さだお', NULL, NULL, 'sadao', NULL, NULL, NULL, 101, 124, 57, 56, 57, 62, 57, 56, 52, 25, 1, 3, 1, 2, 3, NULL),
(601, 'さだおか', NULL, NULL, 'sadaoka', NULL, NULL, NULL, 114, 101, 61, 56, 53, 54, 57, 53, 51, 40, 2, 3, 1, 2, 3, NULL),
(602, 'さたけ', NULL, NULL, 'satake', NULL, NULL, NULL, 120, 92, 50, 48, 49, 44, 49, 46, 47, 94, 2, 3, 1, 2, 3, NULL),
(603, 'サタン', NULL, NULL, 'satan', NULL, NULL, NULL, 122, 105, 60, 61, 58, 63, 51, 66, 60, 34, 3, 4, 1, 2, 5, NULL),
(604, 'さつき', NULL, NULL, 'satsuki', NULL, NULL, NULL, 130, 97, 56, 59, 49, 56, 52, 67, 56, 29, 4, 2, 1, 2, 3, NULL),
(605, 'ザック', NULL, NULL, 'zakku', NULL, NULL, NULL, 124, 102, 56, 60, 51, 65, 51, 58, 62, 33, 1, 4, 1, 2, 7, NULL),
(606, 'サッシー', NULL, NULL, 'sasshii', NULL, NULL, NULL, 133, 93, 48, 49, 51, 50, 59, 44, 57, 67, 3, 1, 1, 2, 3, NULL),
(607, 'さっぽろ', NULL, NULL, 'sapporo', NULL, NULL, NULL, 130, 97, 57, 56, 46, 58, 53, 60, 53, 25, 4, 2, 1, 2, 7, NULL),
(608, 'サトウキビ', NULL, NULL, 'satoukibi', NULL, NULL, NULL, 122, 103, 63, 63, 56, 67, 55, 42, 42, 48, 1, 1, 1, 2, 5, NULL),
(609, 'さなだ', NULL, NULL, 'sanada', NULL, NULL, NULL, 121, 93, 37, 41, 50, 66, 44, 47, 45, 84, 2, 3, 1, 2, 7, NULL),
(610, 'さの', NULL, NULL, 'sano', NULL, NULL, 5, 121, 94, 48, 53, 60, 51, 59, 63, 50, 48, 4, 3, 1, 2, 7, NULL),
(611, 'サハラ', NULL, NULL, 'sahara', NULL, NULL, NULL, 109, 122, 55, 56, 57, 54, 53, 41, 54, 48, 3, 4, 2, 2, 7, NULL),
(612, 'さほ', NULL, NULL, 'saho', NULL, NULL, NULL, 108, 124, 53, 60, 58, 58, 64, 61, 59, 34, 1, 1, 1, 2, 3, NULL),
(613, 'さむかわ', NULL, NULL, 'samukawa', NULL, NULL, NULL, 103, 120, 63, 53, 54, 57, 57, 49, 54, 48, 4, 1, 1, 2, 3, NULL),
(614, 'さめじま', NULL, NULL, 'samejima', NULL, NULL, NULL, 118, 115, 62, 66, 61, 62, 66, 36, 62, 34, 3, 4, 1, 2, 3, NULL),
(615, 'さやま', NULL, NULL, 'sayama', NULL, NULL, NULL, 121, 109, 51, 48, 51, 52, 49, 63, 60, 54, 3, 1, 1, 2, 3, NULL),
(616, 'さらさ', NULL, NULL, 'sarasa', NULL, NULL, NULL, 75, 138, 47, 55, 53, 57, 60, 54, 56, 55, 1, 2, 2, 2, 3, NULL),
(617, 'さらやま', NULL, NULL, 'sarayama', NULL, NULL, NULL, 120, 97, 60, 50, 58, 42, 46, 44, 46, 77, 3, 1, 1, 2, 3, NULL),
(618, 'さるくん', NULL, NULL, 'sarukun', NULL, NULL, 10, 122, 97, 60, 57, 54, 57, 54, 39, 57, 41, 3, 1, 1, 2, 7, NULL),
(619, 'さるわたり', NULL, NULL, 'saruwatari', NULL, NULL, NULL, 125, 102, 54, 60, 62, 51, 62, 59, 58, 32, 2, 3, 1, 2, 3, NULL),
(620, 'さわだ', NULL, NULL, 'sawada', NULL, NULL, NULL, 85, 126, 52, 60, 46, 60, 53, 60, 53, 24, 4, 1, 2, 2, 3, NULL),
(621, 'さわむら', NULL, NULL, 'sawamura', NULL, NULL, 5, 119, 101, 47, 54, 54, 51, 58, 53, 51, 61, 3, 1, 1, 2, 7, NULL),
(622, 'さんしょう', NULL, NULL, 'sanshou', NULL, NULL, 5, 118, 97, 51, 56, 52, 51, 57, 55, 51, 55, 3, 3, 1, 2, 7, NULL),
(623, 'さんぞう', NULL, NULL, 'sanzou', NULL, NULL, NULL, 75, 142, 53, 57, 54, 60, 53, 42, 53, 49, 2, 4, 2, 2, 4, NULL),
(624, 'サンバ', NULL, NULL, 'sanba', NULL, NULL, NULL, 108, 115, 57, 54, 56, 53, 66, 57, 57, 11, 3, 4, 2, 2, 5, NULL),
(625, 'しあん', NULL, NULL, 'shian', NULL, NULL, NULL, 119, 118, 48, 49, 53, 48, 53, 62, 51, 39, 4, 4, 2, 2, 3, NULL),
(626, 'しーちゃん', NULL, NULL, 'shiichan', NULL, NULL, NULL, 79, 132, 49, 55, 54, 57, 66, 53, 54, 23, 3, 3, 2, 2, 3, NULL),
(627, 'シーフ', NULL, NULL, 'shiifu', NULL, NULL, NULL, 98, 99, 57, 38, 86, 50, 66, 50, 65, 13, 4, 3, 1, 2, 4, NULL),
(628, 'ジェット', NULL, NULL, 'jetto', NULL, NULL, 8, 91, 124, 57, 60, 48, 59, 56, 57, 53, 22, 2, 2, 1, 2, 3, NULL),
(629, 'ジェミニ', NULL, NULL, 'jemini', NULL, NULL, NULL, 109, 117, 54, 53, 54, 54, 56, 56, 56, 27, 2, 2, 2, 2, 4, NULL),
(630, 'しえり', NULL, NULL, 'shieri', NULL, NULL, NULL, 109, 117, 56, 62, 56, 62, 62, 62, 60, 11, 1, 3, 2, 2, 3, NULL),
(631, 'ジェンダー', NULL, NULL, 'jendaa', NULL, NULL, NULL, 109, 123, 40, 39, 56, 39, 54, 56, 55, 72, 1, 1, 2, 2, 4, NULL),
(632, 'しおがま', NULL, NULL, 'shiogama', NULL, NULL, NULL, 89, 130, 58, 60, 58, 62, 58, 60, 60, 11, 4, 1, 1, 2, 16, NULL),
(633, 'しおざき', NULL, NULL, 'shiozaki', NULL, NULL, NULL, 122, 92, 45, 51, 56, 56, 56, 53, 51, 61, 1, 4, 1, 2, 3, NULL),
(634, 'しおた', NULL, NULL, 'shiota', NULL, NULL, NULL, 116, 109, 44, 53, 59, 47, 51, 53, 51, 68, 1, 2, 1, 2, 7, NULL),
(635, 'しおり', NULL, NULL, 'shiori', NULL, NULL, NULL, 87, 133, 52, 50, 57, 50, 56, 46, 53, 53, 2, 2, 2, 2, 5, NULL),
(636, 'シカ', NULL, NULL, 'shika', NULL, NULL, NULL, 99, 126, 56, 57, 54, 56, 51, 56, 54, 41, 4, 3, 1, 2, 3, NULL),
(637, 'しが', NULL, NULL, 'shiga', NULL, NULL, NULL, 110, 98, 54, 56, 52, 53, 51, 56, 55, 52, 1, 3, 1, 2, 3, NULL),
(638, 'しき', NULL, NULL, 'shiki', NULL, NULL, NULL, 119, 102, 64, 58, 56, 56, 57, 41, 53, 48, 2, 1, 1, 2, 4, NULL),
(639, 'しきな', NULL, NULL, 'shikina', NULL, NULL, NULL, 122, 97, 56, 54, 44, 54, 45, 44, 45, 90, 3, 1, 1, 2, 3, NULL),
(640, 'しぎょう', NULL, NULL, 'shigyou', NULL, NULL, NULL, 88, 132, 58, 54, 53, 53, 56, 60, 56, 24, 3, 2, 2, 2, 3, NULL),
(641, 'しげた', NULL, NULL, 'shigeta', NULL, NULL, NULL, 125, 109, 45, 42, 42, 39, 63, 62, 57, 64, 3, 1, 1, 2, 3, NULL),
(642, 'しげの', NULL, NULL, 'shigeno', NULL, NULL, NULL, 120, 105, 67, 58, 56, 66, 50, 61, 62, 33, 4, 4, 1, 2, 3, NULL),
(643, 'ししど', NULL, NULL, 'shishido', NULL, NULL, NULL, 125, 123, 65, 57, 56, 56, 58, 56, 76, 11, 3, 2, 1, 2, 3, NULL),
(644, 'しじん', NULL, NULL, 'shijin', NULL, NULL, 5, 134, 109, 63, 46, 44, 46, 44, 48, 48, 78, 3, 1, 1, 2, 7, NULL),
(645, 'しずおか', NULL, NULL, 'shizuoka', NULL, NULL, NULL, 132, 96, 44, 54, 51, 53, 62, 52, 57, 60, 2, 1, 1, 2, 3, NULL),
(646, 'しずちゃん', NULL, NULL, 'shizuchan', NULL, NULL, NULL, 91, 135, 57, 60, 62, 56, 62, 56, 57, 12, 1, 2, 2, 2, 7, NULL),
(647, 'しずや', NULL, NULL, 'shizuya', NULL, NULL, NULL, 119, 100, 45, 53, 55, 53, 56, 57, 65, 38, 2, 2, 1, 2, 7, NULL),
(648, 'しせん', NULL, NULL, 'shisen', NULL, NULL, NULL, 120, 98, 62, 51, 51, 57, 51, 60, 51, 43, 4, 4, 1, 2, 7, NULL),
(649, 'じぞう', NULL, NULL, 'jizou', NULL, NULL, NULL, 124, 89, 66, 66, 66, 66, 60, 45, 65, 15, 4, 1, 1, 2, 3, NULL),
(650, 'しだ', NULL, NULL, 'shida', NULL, NULL, NULL, 104, 137, 58, 56, 51, 68, 53, 61, 56, 25, 3, 4, 2, 2, 3, NULL),
(651, 'しちや', NULL, NULL, 'shichiya', NULL, NULL, NULL, 127, 102, 44, 57, 53, 51, 51, 62, 57, 50, 4, 4, 1, 2, 3, NULL),
(652, 'しっぷう', NULL, NULL, 'shippuu', NULL, NULL, 8, 127, 120, 40, 44, 81, 43, 97, 41, 56, 23, 1, 3, 1, 2, 3, NULL),
(653, 'シデン', NULL, NULL, 'shiden', NULL, NULL, NULL, 126, 102, 60, 60, 56, 56, 57, 60, 59, 23, 1, 4, 1, 2, 3, NULL),
(654, 'しとう', NULL, NULL, 'shitou', NULL, NULL, NULL, 120, 97, 57, 58, 59, 62, 59, 53, 60, 16, 1, 3, 1, 2, 3, NULL),
(655, 'しながわ', NULL, NULL, 'shinagawa', NULL, NULL, 8, 117, 101, 52, 54, 52, 57, 54, 57, 56, 44, 2, 2, 1, 2, 3, NULL),
(656, 'しなの', NULL, NULL, 'shinano', NULL, NULL, NULL, 122, 100, 46, 53, 53, 51, 57, 53, 57, 61, 4, 4, 1, 2, 3, NULL),
(657, 'しばふ', NULL, NULL, 'shibafu', NULL, NULL, NULL, 94, 112, 56, 53, 49, 47, 44, 61, 51, 63, 4, 3, 1, 2, 3, NULL),
(658, 'シバレル', NULL, NULL, 'shibareru', NULL, NULL, NULL, 120, 93, 53, 57, 53, 51, 53, 56, 57, 41, 2, 3, 1, 2, 3, NULL),
(659, 'しほ', NULL, NULL, 'shiho', NULL, NULL, NULL, 128, 132, 48, 51, 48, 51, 56, 39, 48, 58, 1, 1, 2, 2, 7, NULL),
(660, 'しまね', NULL, NULL, 'shimane', NULL, NULL, NULL, 133, 90, 46, 44, 50, 45, 46, 50, 47, 98, 1, 3, 1, 2, 3, NULL),
(661, 'しまぶくろ', NULL, NULL, 'shimabukuro', NULL, NULL, 18, 124, 94, 56, 62, 53, 61, 56, 54, 51, 18, 3, 4, 1, 2, 3, NULL),
(662, 'しみず', NULL, NULL, 'shimizu', NULL, NULL, NULL, 94, 100, 44, 56, 51, 54, 62, 57, 53, 73, 3, 3, 1, 2, 3, NULL),
(663, 'じみち', NULL, NULL, 'jimichi', NULL, NULL, NULL, 93, 123, 56, 57, 55, 57, 48, 62, 54, 26, 3, 2, 1, 2, 3, NULL),
(664, 'じむ', NULL, NULL, 'jimu', NULL, NULL, NULL, 106, 112, 56, 51, 53, 52, 51, 53, 56, 55, 2, 1, 1, 2, 7, NULL),
(665, 'しもがわら', NULL, NULL, 'shimogawara', NULL, NULL, NULL, 94, 129, 62, 58, 56, 58, 59, 62, 57, 36, 2, 4, 1, 2, 3, NULL),
(666, 'しもつき', NULL, NULL, 'shimotsuki', NULL, NULL, NULL, 125, 105, 59, 62, 58, 59, 60, 56, 60, 13, 1, 3, 1, 2, 3, NULL),
(667, 'しもま', NULL, NULL, 'shimoma', NULL, NULL, NULL, 91, 117, 49, 52, 51, 53, 66, 42, 52, 59, 2, 2, 1, 2, 3, NULL),
(668, 'しもや', NULL, NULL, 'shimoya', NULL, NULL, 18, 94, 130, 56, 51, 47, 47, 44, 53, 52, 63, 4, 3, 2, 2, 3, NULL),
(669, 'シャケ', NULL, NULL, 'shake', NULL, NULL, NULL, 120, 97, 53, 51, 55, 56, 57, 56, 54, 44, 4, 4, 1, 2, 3, NULL),
(670, 'シャコー', NULL, NULL, 'shakoo', NULL, NULL, NULL, 90, 138, 44, 45, 45, 63, 48, 44, 44, 80, 1, 4, 1, 2, 5, NULL),
(671, 'ジャック', NULL, NULL, 'jakku', NULL, NULL, NULL, 124, 97, 62, 59, 48, 56, 57, 62, 51, 22, 2, 3, 1, 2, 4, NULL),
(672, 'じゃっく', NULL, NULL, 'jakku', NULL, NULL, NULL, 93, 116, 48, 48, 49, 51, 49, 48, 51, 88, 3, 1, 1, 2, 7, NULL),
(673, 'シャドウ', NULL, NULL, 'shadou', NULL, NULL, NULL, 104, 118, 60, 74, 68, 68, 63, 52, 56, 23, 2, 1, 1, 2, 16, NULL),
(674, 'しゃらく', NULL, NULL, 'sharaku', NULL, NULL, NULL, 114, 106, 56, 55, 54, 56, 51, 51, 52, 50, 4, 2, 1, 2, 3, NULL),
(675, 'じゆう', NULL, NULL, 'jiyuu', NULL, NULL, NULL, 99, 128, 58, 62, 43, 61, 48, 51, 50, 58, 4, 3, 1, 2, 3, NULL),
(676, 'じゅうじ', NULL, NULL, 'juuji', NULL, NULL, NULL, 128, 91, 56, 56, 53, 51, 56, 66, 53, 25, 3, 3, 1, 2, 3, NULL),
(677, 'シューズ', NULL, NULL, 'shuuzu', NULL, NULL, NULL, 120, 120, 45, 62, 45, 48, 48, 46, 62, 82, 1, 2, 1, 2, 5, NULL),
(678, 'しゅうすい', NULL, NULL, 'shuusui', NULL, NULL, 5, 124, 93, 49, 54, 62, 47, 51, 57, 57, 62, 1, 1, 1, 2, 7, NULL),
(679, 'じゅうべえ', NULL, NULL, 'juubee', NULL, NULL, NULL, 101, 116, 48, 53, 54, 56, 57, 51, 51, 62, 4, 1, 1, 2, 3, NULL),
(680, 'しゅうほう', NULL, NULL, 'shuuhou', NULL, NULL, NULL, 122, 100, 65, 59, 57, 56, 62, 56, 62, 34, 1, 1, 1, 2, 3, NULL),
(681, 'ジュネ', NULL, NULL, 'june', NULL, NULL, NULL, 84, 138, 53, 53, 56, 55, 56, 59, 56, 33, 3, 3, 2, 2, 3, NULL),
(682, 'ジュリ', NULL, NULL, 'juri', NULL, NULL, NULL, 106, 126, 60, 57, 56, 56, 51, 60, 61, 36, 1, 3, 2, 2, 5, NULL),
(683, 'シュリケン', NULL, NULL, 'shuriken', NULL, NULL, NULL, 108, 107, 38, 44, 86, 57, 89, 57, 53, 6, 2, 1, 1, 2, 3, NULL),
(684, 'じゅろう', NULL, NULL, 'jurou', NULL, NULL, NULL, 120, 91, 47, 47, 45, 51, 52, 47, 48, 91, 2, 3, 1, 2, 3, NULL),
(685, 'しゅん', NULL, NULL, 'shun', NULL, NULL, NULL, 92, 126, 46, 38, 41, 52, 58, 53, 56, 81, 3, 3, 1, 2, 3, NULL),
(686, 'しゅんじ', NULL, NULL, 'shunji', NULL, NULL, NULL, 133, 99, 59, 57, 57, 53, 57, 60, 57, 22, 4, 4, 1, 2, 7, NULL),
(687, 'しょう', NULL, NULL, 'shou', NULL, NULL, NULL, 99, 131, 44, 40, 39, 55, 60, 56, 54, 76, 2, 3, 1, 2, 3, NULL),
(688, 'しょうかん', NULL, NULL, 'shoukan', NULL, NULL, NULL, 81, 144, 65, 52, 54, 51, 43, 54, 67, 28, 3, 1, 1, 2, 4, NULL),
(689, 'じょうき', NULL, NULL, 'jouki', NULL, NULL, NULL, 144, 73, 80, 77, 42, 38, 58, 50, 57, 20, 3, 1, 1, 2, 3, NULL),
(690, 'じょうぎ', NULL, NULL, 'jougi', NULL, NULL, NULL, 121, 99, 47, 41, 39, 51, 58, 53, 53, 83, 3, 1, 1, 2, 3, NULL),
(691, 'しょうこう', NULL, NULL, 'shoukou', NULL, NULL, NULL, 126, 91, 63, 63, 56, 54, 53, 43, 54, 47, 4, 1, 1, 2, 7, NULL),
(692, 'しょうじ', NULL, NULL, 'shouji', NULL, NULL, NULL, 133, 118, 57, 57, 44, 44, 44, 51, 51, 81, 1, 4, 1, 2, 3, NULL),
(693, 'しょうづ', NULL, NULL, 'shouzu', NULL, NULL, NULL, 120, 103, 65, 62, 54, 53, 56, 57, 56, 33, 3, 4, 1, 2, 3, NULL),
(694, 'しょうとく', NULL, NULL, 'shoutoku', NULL, NULL, NULL, 94, 114, 45, 51, 51, 56, 60, 60, 55, 35, 2, 4, 1, 2, 3, NULL),
(695, 'しょうぶ', NULL, NULL, 'shoubu', NULL, NULL, NULL, 120, 108, 52, 58, 53, 61, 54, 52, 56, 40, 3, 1, 1, 2, 7, NULL),
(696, 'じょうほう', NULL, NULL, 'jouhou', NULL, NULL, NULL, 116, 98, 57, 56, 56, 53, 56, 45, 56, 50, 2, 1, 1, 2, 3, NULL),
(697, 'しょうめい', NULL, NULL, 'shoumei', NULL, NULL, 8, 120, 109, 55, 60, 52, 59, 51, 57, 53, 24, 3, 1, 1, 2, 3, NULL),
(698, 'しょうりん', NULL, NULL, 'shourin', NULL, NULL, 14, 132, 115, 63, 76, 61, 60, 55, 48, 58, 14, 2, 2, 1, 2, 3, NULL),
(699, 'しらいし', NULL, NULL, 'shiraishi', NULL, NULL, NULL, 124, 88, 63, 49, 50, 48, 50, 44, 62, 72, 3, 2, 1, 2, 3, NULL),
(700, 'しらぎく', NULL, NULL, 'shiragiku', NULL, NULL, NULL, 120, 99, 57, 53, 44, 50, 44, 54, 51, 89, 1, 1, 1, 2, 3, NULL),
(701, 'しらさぎ', NULL, NULL, 'shirasagi', NULL, NULL, 8, 125, 105, 61, 62, 58, 62, 59, 58, 60, 14, 1, 4, 1, 2, 3, NULL),
(702, 'しらな', NULL, NULL, 'shirana', NULL, NULL, 8, 91, 117, 55, 62, 48, 61, 57, 57, 54, 30, 2, 1, 1, 2, 3, NULL),
(703, 'しらべ', NULL, NULL, 'shirabe', NULL, NULL, NULL, 126, 104, 62, 58, 56, 61, 60, 60, 59, 16, 1, 1, 1, 2, 3, NULL),
(704, 'しらみね', NULL, NULL, 'shiramine', NULL, NULL, NULL, 114, 105, 54, 56, 53, 54, 53, 57, 56, 41, 3, 2, 1, 2, 3, NULL),
(705, 'しらゆう', NULL, NULL, 'shirayuu', NULL, NULL, NULL, 118, 91, 52, 52, 49, 50, 65, 53, 50, 61, 1, 1, 1, 2, 5, NULL),
(706, 'しれい', NULL, NULL, 'shirei', NULL, NULL, NULL, 147, 107, 45, 81, 42, 66, 53, 71, 62, 0, 3, 3, 1, 2, 3, NULL),
(707, 'しろべ', NULL, NULL, 'shirobe', NULL, NULL, 5, 80, 130, 50, 51, 48, 44, 46, 51, 48, 75, 1, 1, 2, 2, 7, NULL),
(708, 'しろま', NULL, NULL, 'shiroma', NULL, NULL, NULL, 133, 118, 56, 54, 48, 47, 48, 51, 67, 61, 1, 1, 1, 2, 3, NULL),
(709, 'しろわし', NULL, NULL, 'shirowashi', NULL, NULL, NULL, 120, 112, 64, 51, 48, 51, 64, 46, 56, 37, 1, 1, 1, 2, 3, NULL),
(710, 'しわ', NULL, NULL, 'shiwa', NULL, NULL, 5, 118, 99, 54, 53, 55, 57, 57, 56, 57, 23, 3, 2, 1, 2, 7, NULL),
(711, 'しわす', NULL, NULL, 'shiwasu', NULL, NULL, NULL, 118, 97, 59, 54, 51, 51, 53, 57, 55, 61, 2, 3, 1, 2, 3, NULL),
(712, 'じん', NULL, NULL, 'jin', NULL, NULL, 14, 113, 127, 58, 53, 75, 63, 53, 62, 60, 17, 2, 3, 1, 2, 3, NULL),
(713, 'しんご', NULL, NULL, 'shingo', NULL, NULL, NULL, 122, 90, 54, 56, 48, 45, 44, 54, 53, 63, 2, 4, 1, 2, 3, NULL),
(714, 'シンシン', NULL, NULL, 'shinshin', NULL, NULL, 18, 100, 95, 54, 60, 46, 61, 51, 56, 53, 60, 4, 1, 1, 2, 3, NULL),
(715, 'シンタ', NULL, NULL, 'shinta', NULL, NULL, 8, 116, 98, 54, 54, 53, 56, 57, 56, 53, 37, 1, 4, 1, 2, 3, NULL),
(716, 'しんたく', NULL, NULL, 'shintaku', NULL, NULL, NULL, 91, 92, 50, 47, 55, 55, 55, 57, 52, 27, 4, 2, 2, 2, 3, NULL),
(717, 'じんの', NULL, NULL, 'jinno', NULL, NULL, NULL, 122, 87, 54, 52, 44, 62, 49, 57, 51, 63, 2, 4, 1, 2, 3, NULL),
(718, 'しんま', NULL, NULL, 'shinma', NULL, NULL, 5, 122, 93, 54, 62, 48, 58, 53, 57, 51, 40, 2, 2, 1, 2, 7, NULL),
(719, 'シンヤ', NULL, NULL, 'shinya', NULL, NULL, NULL, 120, 100, 63, 62, 60, 61, 60, 58, 60, 24, 4, 4, 1, 2, 5, NULL),
(720, 'しんら', NULL, NULL, 'shinra', NULL, NULL, NULL, 122, 99, 55, 65, 56, 60, 53, 51, 65, 33, 2, 2, 1, 2, 7, NULL),
(721, 'すいせい', NULL, NULL, 'suisei', NULL, NULL, NULL, 93, 134, 46, 43, 37, 52, 67, 38, 53, 84, 1, 2, 1, 2, 3, NULL),
(722, 'すいせん', NULL, NULL, 'suisen', NULL, NULL, 14, 121, 99, 60, 57, 53, 51, 52, 57, 52, 59, 2, 1, 1, 2, 3, NULL),
(723, 'スーパー', NULL, NULL, 'suupaa', NULL, NULL, NULL, 124, 75, 52, 46, 46, 45, 86, 80, 46, 8, 2, 1, 1, 2, 3, NULL),
(724, 'すえたけ', NULL, NULL, 'suetake', NULL, NULL, 8, 110, 102, 44, 53, 57, 45, 54, 57, 54, 65, 3, 2, 1, 2, 3, NULL),
(725, 'すえの', NULL, NULL, 'sueno', NULL, NULL, NULL, 118, 93, 48, 39, 42, 53, 60, 53, 54, 76, 3, 3, 1, 2, 3, NULL),
(726, 'すえひさ', NULL, NULL, 'suehisa', NULL, NULL, NULL, 122, 98, 58, 56, 54, 62, 41, 59, 57, 38, 2, 3, 1, 2, 3, NULL),
(727, 'スカル', NULL, NULL, 'sukaru', NULL, NULL, NULL, 126, 94, 62, 62, 61, 63, 65, 41, 63, 13, 4, 3, 1, 2, 3, NULL),
(728, 'すがわら', NULL, NULL, 'sugawara', NULL, NULL, NULL, 126, 99, 44, 55, 54, 51, 57, 60, 52, 38, 3, 3, 1, 2, 3, NULL),
(729, 'すぎ', NULL, NULL, 'sugi', NULL, NULL, 5, 118, 117, 48, 57, 51, 51, 58, 54, 54, 59, 1, 1, 1, 2, 7, NULL),
(730, 'すけまつ', NULL, NULL, 'sukematsu', NULL, NULL, NULL, 123, 110, 58, 60, 40, 41, 41, 40, 40, 104, 3, 2, 1, 2, 3, NULL),
(731, 'スコピウス', NULL, NULL, 'sukopiusu', NULL, NULL, NULL, 106, 128, 56, 56, 56, 63, 53, 54, 54, 15, 3, 4, 2, 2, 3, NULL),
(732, 'すざく', NULL, NULL, 'suzaku', NULL, NULL, NULL, 129, 108, 46, 60, 65, 67, 66, 60, 63, 38, 4, 3, 1, 2, 3, NULL),
(733, 'すじはら', NULL, NULL, 'sujihara', NULL, NULL, NULL, 121, 102, 57, 60, 56, 56, 56, 51, 52, 23, 1, 4, 1, 2, 3, NULL),
(734, 'すずか', NULL, NULL, 'suzuka', NULL, NULL, NULL, 117, 93, 45, 57, 62, 50, 51, 54, 55, 48, 1, 3, 1, 2, 7, NULL),
(735, 'すずな', NULL, NULL, 'suzuna', NULL, NULL, NULL, 98, 119, 66, 51, 50, 52, 51, 48, 50, 51, 3, 1, 2, 2, 3, NULL),
(736, 'すずむし', NULL, NULL, 'suzumushi', NULL, NULL, NULL, 120, 101, 56, 62, 48, 57, 57, 60, 53, 24, 3, 2, 1, 2, 7, NULL),
(737, 'すずめ', NULL, NULL, 'suzume', NULL, NULL, NULL, 117, 93, 46, 57, 58, 47, 66, 51, 53, 60, 1, 2, 1, 2, 3, NULL),
(738, 'すだ', NULL, NULL, 'suda', NULL, NULL, NULL, 117, 91, 60, 59, 53, 56, 53, 60, 62, 33, 2, 3, 1, 2, 3, NULL),
(739, 'スター', NULL, NULL, 'sutaa', NULL, NULL, 5, 126, 100, 60, 60, 59, 60, 59, 60, 56, 22, 2, 2, 1, 2, 7, NULL),
(740, 'すてふだ', NULL, NULL, 'sutefuda', NULL, NULL, 14, 126, 115, 82, 54, 66, 48, 56, 41, 76, 19, 3, 1, 1, 2, 3, NULL),
(741, 'スナイパー', NULL, NULL, 'sunaipaa', NULL, NULL, NULL, 144, 118, 42, 81, 49, 54, 65, 71, 62, 9, 4, 4, 1, 2, 3, NULL),
(742, 'すなお', NULL, NULL, 'sunao', NULL, NULL, 8, 93, 124, 54, 51, 57, 67, 57, 53, 49, 34, 1, 4, 1, 2, 3, NULL),
(743, 'すなかわ', NULL, NULL, 'sunakawa', NULL, NULL, 8, 120, 108, 52, 53, 50, 48, 45, 55, 52, 69, 2, 1, 1, 2, 3, NULL),
(744, 'すなご', NULL, NULL, 'sunago', NULL, NULL, NULL, 114, 112, 56, 55, 51, 56, 54, 56, 53, 41, 3, 2, 1, 2, 16, NULL),
(745, 'すばる', NULL, NULL, 'subaru', NULL, NULL, NULL, 127, 96, 49, 56, 53, 57, 62, 62, 51, 35, 4, 4, 1, 2, 3, NULL),
(746, 'すま', NULL, NULL, 'suma', NULL, NULL, NULL, 133, 101, 51, 57, 51, 56, 48, 51, 49, 70, 3, 1, 1, 2, 7, NULL),
(747, 'すみ', NULL, NULL, 'sumi', NULL, NULL, 8, 121, 104, 50, 50, 46, 50, 48, 46, 47, 86, 3, 3, 1, 2, 3, NULL),
(748, 'すみか', NULL, NULL, 'sumika', NULL, NULL, 5, 85, 124, 63, 62, 58, 60, 51, 64, 62, 0, 3, 4, 2, 2, 7, NULL),
(749, 'すみみち', NULL, NULL, 'sumimichi', NULL, NULL, NULL, 121, 104, 57, 60, 51, 60, 57, 54, 56, 29, 2, 1, 1, 2, 3, NULL),
(750, 'すわ', NULL, NULL, 'suwa', NULL, NULL, NULL, 120, 89, 53, 56, 49, 57, 46, 57, 46, 61, 1, 3, 1, 2, 3, NULL),
(751, 'せいぎ', NULL, NULL, 'seigi', NULL, NULL, 18, 94, 132, 62, 66, 60, 59, 41, 43, 61, 49, 3, 2, 1, 2, 3, NULL),
(752, 'せいた', NULL, NULL, 'seita', NULL, NULL, 14, 116, 132, 72, 59, 48, 45, 52, 33, 88, 45, 3, 1, 1, 2, 3, NULL),
(753, 'せいぶ', NULL, NULL, 'seibu', NULL, NULL, NULL, 122, 101, 60, 60, 60, 60, 58, 60, 56, 35, 1, 3, 1, 2, 3, NULL),
(754, 'せいら', NULL, NULL, 'seira', NULL, NULL, NULL, 100, 130, 53, 54, 56, 56, 53, 51, 57, 32, 3, 2, 2, 2, 3, NULL),
(755, 'せいりゅう', NULL, NULL, 'seiryuu', NULL, NULL, NULL, 122, 114, 62, 46, 66, 63, 67, 63, 66, 36, 3, 2, 1, 2, 3, NULL),
(756, 'せいりょう', NULL, NULL, 'seiryou', NULL, NULL, NULL, 120, 100, 53, 57, 56, 59, 53, 52, 51, 60, 3, 1, 1, 2, 3, NULL),
(757, 'せきえい', NULL, NULL, 'sekiei', NULL, NULL, NULL, 122, 101, 56, 51, 54, 60, 38, 57, 54, 61, 4, 1, 1, 2, 3, NULL),
(758, 'せきぐち', NULL, NULL, 'sekiguchi', NULL, NULL, NULL, 124, 121, 56, 57, 53, 47, 48, 57, 57, 63, 1, 1, 1, 2, 3, NULL),
(759, 'せきどう', NULL, NULL, 'sekidou', NULL, NULL, NULL, 92, 118, 45, 54, 55, 52, 58, 60, 57, 65, 1, 1, 1, 2, 7, NULL),
(760, 'セキヤン', NULL, NULL, 'sekiyan', NULL, NULL, NULL, 128, 120, 69, 62, 50, 59, 63, 63, 56, 6, 2, 3, 1, 2, 16, NULL),
(761, 'せつか', NULL, NULL, 'setsuka', NULL, NULL, NULL, 90, 132, 62, 56, 56, 51, 57, 62, 51, 25, 3, 1, 2, 2, 3, NULL),
(762, 'せっしゅう', NULL, NULL, 'sesshuu', NULL, NULL, NULL, 113, 98, 45, 56, 56, 47, 51, 56, 51, 65, 3, 4, 1, 2, 7, NULL),
(763, 'ぜにがた', NULL, NULL, 'zenigata', NULL, NULL, NULL, 133, 108, 53, 56, 51, 56, 56, 51, 53, 60, 3, 3, 1, 2, 3, NULL),
(764, 'セブン', NULL, NULL, 'sebun', NULL, NULL, NULL, 118, 97, 53, 57, 53, 51, 54, 57, 57, 44, 3, 2, 1, 2, 4, NULL),
(765, 'セマイ', NULL, NULL, 'semai', NULL, NULL, NULL, 91, 117, 65, 65, 43, 63, 39, 39, 41, 54, 4, 3, 1, 2, 3, NULL),
(766, 'せみまる', NULL, NULL, 'semimaru', NULL, NULL, NULL, 124, 105, 48, 57, 58, 44, 56, 57, 51, 62, 4, 1, 1, 2, 7, NULL),
(767, 'せみもと', NULL, NULL, 'semimoto', NULL, NULL, 5, 122, 97, 59, 52, 54, 56, 41, 57, 53, 61, 4, 2, 1, 2, 7, NULL),
(768, 'せんじゅ', NULL, NULL, 'senju', NULL, NULL, NULL, 117, 109, 53, 63, 67, 67, 47, 56, 61, 32, 1, 4, 1, 2, 7, NULL),
(769, 'ぜんすい', NULL, NULL, 'zensui', NULL, NULL, NULL, 115, 107, 42, 40, 56, 39, 56, 54, 53, 82, 3, 3, 1, 2, 3, NULL),
(770, 'せんの', NULL, NULL, 'senno', NULL, NULL, NULL, 118, 100, 51, 54, 59, 46, 52, 56, 57, 61, 4, 4, 1, 2, 7, NULL),
(771, 'そうくん', NULL, NULL, 'soukun', NULL, NULL, NULL, 99, 127, 62, 58, 60, 60, 47, 48, 59, 59, 1, 1, 1, 2, 3, NULL),
(772, 'そうさ', NULL, NULL, 'sousa', NULL, NULL, 5, 124, 94, 53, 49, 50, 50, 52, 49, 59, 47, 3, 3, 1, 2, 7, NULL),
(773, 'そうざい', NULL, NULL, 'souzai', NULL, NULL, NULL, 91, 128, 61, 57, 56, 57, 53, 56, 53, 24, 1, 4, 1, 2, 3, NULL),
(774, 'そうじ', NULL, NULL, 'souji', NULL, NULL, NULL, 120, 106, 57, 58, 57, 61, 56, 56, 60, 32, 1, 1, 1, 2, 3, NULL),
(775, 'ぞうせん', NULL, NULL, 'zousen', NULL, NULL, NULL, 116, 98, 53, 56, 56, 57, 48, 53, 55, 53, 3, 3, 1, 2, 4, NULL),
(776, 'そうそう', NULL, NULL, 'sousou', NULL, NULL, NULL, 109, 110, 65, 54, 58, 44, 54, 57, 53, 26, 2, 3, 1, 2, 7, NULL),
(777, 'そうだ', NULL, NULL, 'souda', NULL, NULL, NULL, 83, 133, 62, 62, 60, 59, 44, 46, 60, 11, 2, 3, 2, 2, 3, NULL),
(778, 'そうだん', NULL, NULL, 'soudan', NULL, NULL, NULL, 122, 97, 45, 54, 57, 57, 56, 60, 53, 34, 4, 2, 1, 2, 3, NULL),
(779, 'そうの', NULL, NULL, 'souno', NULL, NULL, NULL, 124, 96, 54, 57, 48, 47, 47, 53, 54, 66, 3, 4, 1, 2, 3, NULL),
(780, 'そうめい', NULL, NULL, 'soumei', NULL, NULL, NULL, 118, 116, 57, 56, 57, 56, 51, 52, 56, 43, 2, 3, 1, 2, 7, NULL),
(781, 'そうりょ', NULL, NULL, 'souryo', NULL, NULL, NULL, 73, 128, 50, 51, 55, 83, 56, 40, 28, 55, 2, 4, 2, 2, 4, NULL),
(782, 'ソード', NULL, NULL, 'soodo', NULL, NULL, NULL, 104, 111, 88, 62, 36, 57, 47, 57, 53, 48, 1, 1, 1, 2, 5, NULL),
(783, 'そごう', NULL, NULL, 'sogou', NULL, NULL, NULL, 107, 128, 48, 50, 51, 50, 59, 51, 61, 43, 4, 1, 1, 2, 5, NULL),
(784, 'そしき', NULL, NULL, 'soshiki', NULL, NULL, 8, 123, 106, 50, 67, 64, 65, 65, 64, 57, 15, 4, 2, 1, 2, 3, NULL),
(785, 'そだ', NULL, NULL, 'soda', NULL, NULL, NULL, 122, 107, 56, 63, 54, 65, 61, 62, 57, 35, 3, 1, 1, 2, 3, NULL),
(786, 'そとやま', NULL, NULL, 'sotoyama', NULL, NULL, NULL, 121, 101, 58, 56, 53, 56, 39, 63, 56, 28, 4, 2, 1, 2, 3, NULL),
(787, 'そのか', NULL, NULL, 'sonoka', NULL, NULL, NULL, 83, 132, 50, 53, 57, 57, 62, 62, 54, 35, 2, 2, 2, 2, 7, NULL),
(788, 'そま', NULL, NULL, 'soma', NULL, NULL, 16, 121, 88, 53, 48, 51, 62, 58, 65, 51, 47, 4, 3, 1, 2, 3, NULL),
(789, 'そめおか', NULL, NULL, 'someoka', NULL, NULL, 12, 122, 124, 79, 60, 49, 53, 51, 64, 70, 20, 2, 1, 1, 2, 1, NULL),
(790, 'そめみや', NULL, NULL, 'somemiya', NULL, NULL, NULL, 90, 124, 36, 48, 51, 42, 44, 44, 48, 112, 4, 1, 2, 2, 3, NULL),
(791, 'そらい', NULL, NULL, 'sorai', NULL, NULL, NULL, 120, 93, 50, 39, 36, 53, 60, 51, 53, 83, 3, 2, 1, 2, 3, NULL),
(792, 'そらはら', NULL, NULL, 'sorahara', NULL, NULL, 8, 122, 93, 56, 56, 49, 62, 53, 65, 55, 23, 1, 4, 1, 2, 3, NULL),
(793, 'そんくん', NULL, NULL, 'sonkun', NULL, NULL, NULL, 94, 118, 65, 53, 57, 63, 54, 39, 53, 56, 3, 4, 1, 2, 7, NULL),
(794, 'ターコイズ', NULL, NULL, 'taakoizu', NULL, NULL, NULL, 91, 135, 54, 57, 57, 53, 56, 48, 57, 41, 1, 1, 2, 2, 4, NULL),
(795, 'タートス', NULL, NULL, 'taatosu', NULL, NULL, NULL, 120, 107, 45, 65, 63, 62, 67, 60, 66, 14, 2, 4, 1, 2, 4, NULL),
(796, 'ターバン', NULL, NULL, 'taaban', NULL, NULL, NULL, 123, 93, 51, 56, 53, 54, 51, 67, 52, 48, 1, 3, 1, 2, 3, NULL),
(797, 'ダイア', NULL, NULL, 'daia', NULL, NULL, NULL, 106, 112, 51, 82, 53, 51, 53, 56, 54, 45, 4, 2, 1, 2, 5, NULL),
(798, 'たいが', NULL, NULL, 'taiga', NULL, NULL, NULL, 92, 127, 52, 53, 54, 66, 36, 67, 60, 32, 3, 2, 1, 2, 3, NULL),
(799, 'タイガー', NULL, NULL, 'taigaa', NULL, NULL, NULL, 130, 110, 67, 65, 46, 67, 62, 44, 60, 13, 4, 1, 1, 2, 4, NULL),
(800, 'だいかく', NULL, NULL, 'daikaku', NULL, NULL, NULL, 120, 102, 65, 55, 56, 54, 57, 54, 53, 15, 1, 1, 1, 2, 3, NULL),
(801, 'だいがみ', NULL, NULL, 'daigami', NULL, NULL, NULL, 120, 98, 47, 58, 50, 48, 46, 50, 45, 79, 4, 3, 1, 2, 16, NULL),
(802, 'だいきち', NULL, NULL, 'daikichi', NULL, NULL, NULL, 121, 94, 57, 56, 44, 60, 51, 61, 51, 62, 1, 1, 1, 2, 3, NULL),
(803, 'たいきゅう', NULL, NULL, 'taikyuu', NULL, NULL, NULL, 121, 74, 49, 48, 43, 49, 85, 78, 50, 10, 1, 2, 1, 2, 5, NULL),
(804, 'だいこく', NULL, NULL, 'daikoku', NULL, NULL, NULL, 116, 100, 53, 56, 56, 56, 55, 54, 56, 56, 4, 1, 1, 2, 3, NULL),
(805, 'タイセイ', NULL, NULL, 'taisei', NULL, NULL, NULL, 130, 98, 80, 81, 43, 53, 56, 66, 66, 25, 4, 2, 1, 2, 16, NULL),
(806, 'だいだ', NULL, NULL, 'daida', NULL, NULL, NULL, 120, 95, 47, 36, 36, 51, 59, 53, 51, 82, 4, 2, 1, 2, 3, NULL),
(807, 'だいてつ', NULL, NULL, 'daitetsu', NULL, NULL, NULL, 129, 95, 53, 56, 45, 56, 56, 66, 53, 38, 3, 2, 1, 2, 7, NULL),
(808, 'だいふく', NULL, NULL, 'daifuku', NULL, NULL, NULL, 126, 93, 54, 59, 48, 60, 51, 61, 52, 24, 2, 1, 1, 2, 3, NULL),
(809, 'だいまる', NULL, NULL, 'daimaru', NULL, NULL, NULL, 124, 101, 54, 51, 57, 63, 52, 57, 56, 52, 4, 1, 1, 2, 3, NULL),
(810, 'だいもんじ', NULL, NULL, 'daimonji', NULL, NULL, 5, 118, 88, 44, 50, 52, 47, 56, 46, 47, 81, 2, 4, 1, 2, 7, NULL),
(811, 'たいら', NULL, NULL, 'taira', NULL, NULL, NULL, 118, 103, 51, 47, 50, 56, 65, 59, 58, 38, 2, 1, 1, 2, 3, NULL),
(812, 'タウルス', NULL, NULL, 'taurusu', NULL, NULL, NULL, 124, 96, 66, 65, 57, 57, 53, 65, 56, 11, 3, 1, 1, 2, 3, NULL),
(813, 'タエミー', NULL, NULL, 'taemii', NULL, NULL, NULL, 90, 127, 58, 53, 56, 56, 46, 57, 51, 26, 2, 4, 2, 2, 3, NULL),
(814, 'たお', NULL, NULL, 'tao', NULL, NULL, NULL, 127, 114, 60, 53, 51, 58, 38, 60, 36, 70, 3, 3, 1, 2, 3, NULL),
(815, 'タカ', NULL, NULL, 'taka', NULL, NULL, NULL, 93, 123, 47, 50, 46, 61, 48, 45, 49, 77, 1, 4, 1, 2, 3, NULL),
(816, 'たかお', NULL, NULL, 'takao', NULL, NULL, NULL, 118, 97, 45, 53, 55, 57, 59, 58, 51, 34, 4, 1, 1, 2, 3, NULL),
(817, 'たかおか', NULL, NULL, 'takaoka', NULL, NULL, 8, 118, 102, 45, 55, 51, 57, 59, 58, 56, 34, 3, 1, 1, 2, 3, NULL),
(818, 'たかがも', NULL, NULL, 'takagamo', NULL, NULL, NULL, 120, 98, 53, 65, 50, 48, 56, 50, 54, 35, 2, 2, 1, 2, 16, NULL),
(819, 'たかぎ', NULL, NULL, 'takagi', NULL, NULL, NULL, 121, 93, 48, 54, 54, 54, 61, 56, 54, 44, 2, 3, 1, 2, 7, NULL),
(820, 'たかさき', NULL, NULL, 'takasaki', NULL, NULL, NULL, 119, 98, 60, 47, 60, 44, 57, 60, 48, 62, 1, 2, 1, 2, 3, NULL),
(821, 'たかさわ', NULL, NULL, 'takasawa', NULL, NULL, NULL, 101, 126, 57, 60, 51, 62, 57, 56, 55, 24, 2, 2, 1, 2, 3, NULL),
(822, 'たがしら', NULL, NULL, 'tagashira', NULL, NULL, 8, 94, 114, 50, 52, 48, 51, 45, 50, 45, 91, 4, 2, 1, 2, 3, NULL),
(823, 'たかすぎ', NULL, NULL, 'takasugi', NULL, NULL, 8, 120, 93, 55, 58, 65, 58, 46, 51, 53, 44, 2, 3, 1, 2, 3, NULL),
(824, 'たかつ', NULL, NULL, 'takatsu', NULL, NULL, NULL, 120, 101, 53, 62, 56, 56, 53, 53, 56, 26, 4, 4, 1, 2, 3, NULL),
(825, 'たかの', NULL, NULL, 'takano', NULL, NULL, NULL, 93, 123, 37, 48, 45, 48, 56, 48, 45, 102, 2, 1, 1, 2, 7, NULL),
(826, 'たかはら', NULL, NULL, 'takahara', NULL, NULL, NULL, 93, 116, 54, 59, 55, 62, 51, 57, 52, 23, 3, 4, 1, 2, 3, NULL),
(827, 'たかみ', NULL, NULL, 'takami', NULL, NULL, NULL, 106, 96, 73, 53, 53, 42, 56, 54, 63, 44, 1, 1, 2, 2, 16, NULL),
(828, 'たかやなぎ', NULL, NULL, 'takayanagi', NULL, NULL, NULL, 120, 103, 56, 53, 49, 46, 48, 53, 49, 71, 4, 3, 1, 2, 3, NULL),
(829, 'タキオー', NULL, NULL, 'takioo', NULL, NULL, NULL, 118, 123, 51, 58, 67, 53, 56, 59, 59, 32, 1, 2, 2, 2, 3, NULL),
(830, 'たきざわ', NULL, NULL, 'takizawa', NULL, NULL, 8, 131, 97, 49, 57, 56, 53, 58, 51, 55, 60, 4, 2, 1, 2, 3, NULL),
(831, 'たぐち', NULL, NULL, 'taguchi', NULL, NULL, NULL, 82, 138, 53, 57, 55, 53, 59, 62, 54, 36, 2, 2, 2, 2, 3, NULL),
(832, 'たくま', NULL, NULL, 'takuma', NULL, NULL, NULL, 134, 121, 51, 51, 50, 51, 51, 47, 51, 73, 4, 3, 1, 2, 3, NULL),
(833, 'タクマ', NULL, NULL, 'takuma', NULL, NULL, NULL, 99, 123, 51, 53, 45, 63, 45, 54, 56, 63, 1, 2, 1, 2, 3, NULL),
(834, 'たけがみ', NULL, NULL, 'takegami', NULL, NULL, NULL, 133, 86, 46, 47, 48, 49, 46, 48, 53, 88, 4, 3, 1, 2, 3, NULL),
(835, 'たけだ', NULL, NULL, 'takeda', NULL, NULL, NULL, 120, 110, 45, 57, 59, 46, 51, 54, 54, 60, 4, 1, 1, 2, 3, NULL),
(836, 'たけたに', NULL, NULL, 'taketani', NULL, NULL, NULL, 124, 118, 59, 58, 67, 54, 53, 56, 58, 33, 1, 1, 1, 2, 3, NULL),
(837, 'たけなか', NULL, NULL, 'takenaka', NULL, NULL, NULL, 127, 95, 57, 56, 41, 56, 41, 67, 54, 69, 3, 2, 1, 2, 3, NULL),
(838, 'たけば', NULL, NULL, 'takeba', NULL, NULL, NULL, 112, 109, 59, 63, 60, 66, 57, 59, 58, 29, 4, 1, 1, 2, 3, NULL),
(839, 'たけみず', NULL, NULL, 'takemizu', NULL, NULL, NULL, 124, 97, 66, 57, 57, 56, 53, 51, 54, 24, 2, 1, 1, 2, 7, NULL),
(840, 'たこた', NULL, NULL, 'takota', NULL, NULL, NULL, 124, 99, 51, 62, 53, 56, 57, 56, 51, 39, 3, 3, 1, 2, 7, NULL),
(841, 'たじ', NULL, NULL, 'taji', NULL, NULL, NULL, 94, 126, 53, 54, 54, 57, 53, 39, 55, 60, 4, 4, 1, 2, 3, NULL),
(842, 'タジン', NULL, NULL, 'tajin', NULL, NULL, NULL, 75, 136, 42, 39, 41, 42, 39, 42, 39, 135, 4, 2, 2, 2, 3, NULL),
(843, 'たすけ', NULL, NULL, 'tasuke', NULL, NULL, NULL, 118, 102, 47, 52, 54, 55, 56, 52, 53, 64, 2, 1, 1, 2, 3, NULL),
(844, 'ただ', NULL, NULL, 'tada', NULL, NULL, NULL, 117, 93, 53, 57, 57, 51, 63, 51, 57, 50, 2, 3, 1, 2, 3, NULL),
(845, 'たたみだ', NULL, NULL, 'tatamida', NULL, NULL, NULL, 123, 101, 65, 62, 57, 62, 46, 66, 69, 28, 3, 4, 1, 2, 7, NULL),
(846, 'たぢから', NULL, NULL, 'tajikara', NULL, NULL, NULL, 120, 101, 56, 57, 57, 61, 55, 53, 57, 22, 3, 3, 1, 2, 3, NULL),
(847, 'たちきり', NULL, NULL, 'tachikiri', NULL, NULL, NULL, 82, 128, 44, 47, 56, 57, 56, 47, 46, 54, 2, 4, 2, 2, 3, NULL),
(848, 'たちばな', NULL, NULL, 'tachibana', NULL, NULL, NULL, 122, 99, 44, 51, 57, 53, 58, 52, 52, 62, 2, 1, 1, 2, 3, NULL),
(849, 'たちむかい', NULL, NULL, 'tachimukai', NULL, NULL, NULL, 113, 142, 59, 54, 66, 72, 56, 60, 64, 25, 2, 4, 1, 2, 1, NULL),
(850, 'たっきゅう', NULL, NULL, 'takkyuu', NULL, NULL, NULL, 108, 130, 48, 54, 57, 45, 54, 52, 54, 65, 1, 1, 1, 2, 7, NULL),
(851, 'たつまき', NULL, NULL, 'tatsumaki', NULL, NULL, NULL, 117, 96, 55, 51, 56, 51, 51, 51, 56, 53, 1, 1, 1, 2, 7, NULL),
(852, 'たつみ', NULL, NULL, 'tatsumi', NULL, NULL, NULL, 133, 95, 46, 56, 56, 56, 60, 59, 57, 33, 3, 4, 1, 2, 3, NULL),
(853, 'たて', NULL, NULL, 'tate', NULL, NULL, NULL, 127, 100, 59, 56, 58, 56, 56, 57, 58, 23, 4, 3, 1, 2, 3, NULL),
(854, 'だて', NULL, NULL, 'date', NULL, NULL, NULL, 111, 108, 45, 51, 59, 50, 53, 56, 57, 60, 3, 2, 1, 2, 3, NULL),
(855, 'たてもり', NULL, NULL, 'tatemori', NULL, NULL, 5, 113, 93, 52, 54, 51, 53, 52, 51, 55, 58, 4, 4, 1, 2, 7, NULL),
(856, 'たど', NULL, NULL, 'tado', NULL, NULL, NULL, 113, 112, 44, 47, 54, 45, 54, 57, 63, 61, 2, 3, 1, 2, 3, NULL),
(857, 'たどころ', NULL, NULL, 'tadokoro', NULL, NULL, NULL, 120, 93, 56, 54, 53, 57, 56, 52, 53, 43, 1, 1, 1, 2, 3, NULL),
(858, 'たなか', NULL, NULL, 'tanaka', NULL, NULL, NULL, 124, 101, 54, 53, 52, 51, 53, 57, 53, 54, 1, 2, 1, 2, 3, NULL),
(859, 'たにき', NULL, NULL, 'taniki', NULL, NULL, NULL, 93, 132, 51, 60, 50, 57, 51, 58, 57, 26, 1, 4, 1, 2, 3, NULL),
(860, 'たにむら', NULL, NULL, 'tanimura', NULL, NULL, NULL, 94, 112, 57, 56, 53, 58, 41, 61, 56, 28, 3, 4, 1, 2, 3, NULL),
(861, 'たねだ', NULL, NULL, 'taneda', NULL, NULL, 16, 84, 124, 60, 51, 55, 52, 57, 62, 52, 21, 2, 2, 2, 2, 3, NULL),
(862, 'たのくら', NULL, NULL, 'tanokura', NULL, NULL, NULL, 125, 93, 60, 51, 57, 51, 51, 56, 56, 41, 3, 1, 1, 2, 3, NULL),
(863, 'たびもと', NULL, NULL, 'tabimoto', NULL, NULL, NULL, 103, 118, 44, 56, 65, 45, 53, 56, 57, 60, 1, 4, 1, 2, 3, NULL);
INSERT INTO `player` (`player_id`, `player_name_ja`, `player_name_hiragana`, `player_name_kanji`, `player_name_romanji`, `player_name_en`, `player_name_en_full`, `player_initial_lv`, `player_gp_99`, `player_tp_99`, `player_kick_99`, `player_body_99`, `player_control_99`, `player_guard_99`, `player_speed_99`, `player_stamina_99`, `player_guts_99`, `player_freedom_99`, `attri_id`, `positi_id`, `gender_id`, `body_type_id`, `player_obtention_method_id`, `original_version`) VALUES
(864, 'たま', NULL, NULL, 'tama', NULL, NULL, NULL, 134, 97, 54, 61, 48, 62, 56, 57, 56, 24, 2, 3, 1, 2, 7, NULL),
(865, 'たまがわ', NULL, NULL, 'tamagawa', NULL, NULL, NULL, 94, 137, 48, 53, 56, 51, 62, 57, 53, 30, 1, 3, 1, 2, 3, NULL),
(866, 'たまごろう', NULL, NULL, 'tamagorou', NULL, NULL, NULL, 126, 130, 45, 52, 62, 70, 64, 73, 74, 5, 1, 3, 1, 2, 16, NULL),
(867, 'たまだ', NULL, NULL, 'tamada', NULL, NULL, NULL, 122, 98, 56, 62, 50, 60, 53, 62, 53, 25, 2, 2, 1, 2, 3, NULL),
(868, 'たまつき', NULL, NULL, 'tamatsuki', NULL, NULL, NULL, 124, 92, 56, 53, 48, 47, 46, 54, 56, 67, 2, 4, 1, 2, 3, NULL),
(869, 'たまみ', NULL, NULL, 'tamami', NULL, NULL, NULL, 96, 128, 44, 53, 59, 50, 51, 54, 53, 47, 4, 4, 2, 2, 3, NULL),
(870, 'たむら', NULL, NULL, 'tamura', NULL, NULL, NULL, 80, 139, 56, 54, 57, 52, 56, 57, 53, 24, 2, 2, 2, 2, 3, NULL),
(871, 'たもと', NULL, NULL, 'tamoto', NULL, NULL, NULL, 130, 96, 48, 39, 42, 51, 67, 42, 52, 84, 4, 3, 1, 2, 3, NULL),
(872, 'たらみ', NULL, NULL, 'tarami', NULL, NULL, NULL, 117, 98, 66, 53, 52, 53, 52, 54, 56, 32, 2, 1, 1, 2, 3, NULL),
(873, 'だるま', NULL, NULL, 'daruma', NULL, NULL, NULL, 121, 129, 52, 52, 50, 52, 68, 79, 79, 6, 4, 2, 1, 2, 3, NULL),
(874, 'だん', NULL, NULL, 'dan', NULL, NULL, 8, 114, 109, 56, 45, 46, 57, 60, 59, 60, 41, 1, 3, 1, 2, 3, NULL),
(875, 'だんだ', NULL, NULL, 'danda', NULL, NULL, NULL, 100, 134, 56, 54, 46, 46, 60, 54, 51, 64, 4, 4, 1, 2, 3, NULL),
(876, 'たんてい', NULL, NULL, 'tantei', NULL, NULL, NULL, 107, 127, 56, 58, 53, 61, 51, 56, 57, 33, 3, 1, 1, 2, 3, NULL),
(877, 'たんの', NULL, NULL, 'tanno', NULL, NULL, NULL, 119, 93, 44, 51, 56, 51, 58, 60, 56, 47, 4, 3, 1, 2, 7, NULL),
(878, 'だんの', NULL, NULL, 'danno', NULL, NULL, NULL, 120, 97, 48, 61, 65, 66, 39, 56, 52, 26, 2, 4, 1, 2, 3, NULL),
(879, 'ちあさ', NULL, NULL, 'chiasa', NULL, NULL, NULL, 85, 130, 47, 54, 44, 45, 54, 44, 45, 76, 4, 2, 2, 2, 3, NULL),
(880, 'ちーちゃん', NULL, NULL, 'chiichan', NULL, NULL, NULL, 110, 125, 41, 43, 46, 75, 46, 46, 77, 39, 2, 3, 2, 2, 3, NULL),
(881, 'ちうち', NULL, NULL, 'chiuchi', NULL, NULL, 5, 120, 94, 50, 56, 57, 47, 51, 56, 54, 43, 4, 2, 1, 2, 7, NULL),
(882, 'チェアマン', NULL, NULL, 'cheaman', NULL, NULL, NULL, 126, 115, 40, 42, 63, 78, 52, 55, 48, 48, 4, 4, 1, 2, 3, NULL),
(883, 'ちかい', NULL, NULL, 'chikai', NULL, NULL, NULL, 121, 94, 50, 39, 38, 56, 66, 54, 55, 68, 3, 1, 1, 2, 3, NULL),
(884, 'チキータ', NULL, NULL, 'chikiita', NULL, NULL, NULL, 99, 125, 59, 59, 55, 57, 56, 56, 60, 49, 3, 1, 1, 2, 3, NULL),
(885, 'ちくま', NULL, NULL, 'chikuma', NULL, NULL, NULL, 108, 128, 51, 48, 49, 58, 62, 62, 58, 33, 1, 2, 2, 2, 3, NULL),
(886, 'ちさか', NULL, NULL, 'chisaka', NULL, NULL, 20, 83, 135, 62, 55, 51, 62, 47, 56, 51, 26, 3, 2, 2, 2, 3, NULL),
(887, 'ちどり', NULL, NULL, 'chidori', NULL, NULL, NULL, 87, 129, 51, 48, 49, 49, 51, 51, 48, 64, 4, 4, 2, 2, 3, NULL),
(888, 'ちのう', NULL, NULL, 'chinou', NULL, NULL, NULL, 121, 101, 47, 44, 44, 44, 48, 48, 47, 94, 4, 3, 1, 2, 3, NULL),
(889, 'ちば', NULL, NULL, 'chiba', NULL, NULL, NULL, 119, 101, 47, 56, 57, 48, 53, 51, 55, 62, 4, 2, 1, 2, 3, NULL),
(890, 'ちはら', NULL, NULL, 'chihara', NULL, NULL, NULL, 85, 131, 64, 63, 65, 45, 48, 49, 47, 31, 4, 4, 2, 2, 3, NULL),
(891, 'ちひろ', NULL, NULL, 'chihiro', NULL, NULL, NULL, 103, 132, 50, 56, 62, 45, 56, 57, 54, 25, 3, 3, 2, 2, 3, NULL),
(892, 'ちべ', NULL, NULL, 'chibe', NULL, NULL, NULL, 118, 101, 47, 56, 65, 44, 52, 53, 53, 61, 1, 2, 1, 2, 3, NULL),
(893, 'ちゃやま', NULL, NULL, 'chayama', NULL, NULL, NULL, 106, 123, 48, 45, 44, 56, 60, 54, 53, 66, 2, 3, 1, 2, 3, NULL),
(894, 'チュール', NULL, NULL, 'chuuru', NULL, NULL, NULL, 99, 118, 51, 60, 66, 51, 51, 48, 66, 13, 2, 2, 2, 2, 3, NULL),
(895, 'ちょうくん', NULL, NULL, 'choukun', NULL, NULL, NULL, 120, 86, 60, 63, 44, 63, 44, 44, 46, 78, 3, 1, 1, 2, 3, NULL),
(896, 'ちょうせん', NULL, NULL, 'chousen', NULL, NULL, NULL, 102, 125, 58, 45, 53, 59, 47, 44, 44, 66, 4, 3, 2, 2, 3, NULL),
(897, 'ちょうの', NULL, NULL, 'chouno', NULL, NULL, NULL, 120, 92, 45, 41, 38, 53, 56, 56, 56, 80, 1, 3, 1, 2, 3, NULL),
(898, 'ちょうひ', NULL, NULL, 'chouhi', NULL, NULL, NULL, 124, 95, 55, 53, 51, 55, 56, 53, 53, 52, 3, 4, 1, 2, 3, NULL),
(899, 'チョッパー', NULL, NULL, 'choppaa', NULL, NULL, NULL, 98, 120, 53, 56, 70, 53, 73, 49, 51, 17, 1, 3, 1, 2, 4, NULL),
(900, 'ついざき', NULL, NULL, 'tsuizaki', NULL, NULL, NULL, 122, 99, 51, 56, 45, 57, 56, 61, 57, 34, 4, 2, 1, 2, 3, NULL),
(901, 'ツーリング', NULL, NULL, 'tsuuringu', NULL, NULL, NULL, 109, 118, 55, 48, 69, 50, 72, 47, 57, 29, 4, 1, 2, 2, 4, NULL),
(902, 'つかざき', NULL, NULL, 'tsukazaki', NULL, NULL, NULL, 121, 90, 51, 52, 49, 49, 44, 53, 51, 91, 3, 3, 1, 2, 3, NULL),
(903, 'つかもと', NULL, NULL, 'tsukamoto', NULL, NULL, NULL, 96, 129, 53, 59, 55, 62, 51, 51, 53, 24, 3, 2, 2, 2, 3, NULL),
(904, 'つがる', NULL, NULL, 'tsugaru', NULL, NULL, NULL, 81, 130, 58, 60, 44, 47, 56, 44, 45, 67, 1, 1, 2, 2, 7, NULL),
(905, 'つぐみ', NULL, NULL, 'tsugumi', NULL, NULL, NULL, 89, 130, 47, 50, 48, 53, 47, 51, 52, 69, 1, 3, 2, 2, 3, NULL),
(906, 'つげ', NULL, NULL, 'tsuge', NULL, NULL, NULL, 91, 134, 62, 62, 60, 63, 44, 65, 59, 34, 1, 4, 1, 2, 3, NULL),
(907, 'つちの', NULL, NULL, 'tsuchino', NULL, NULL, NULL, 120, 100, 63, 56, 58, 65, 46, 67, 56, 35, 4, 4, 1, 2, 7, NULL),
(908, 'つなみ', NULL, NULL, 'tsunami', NULL, NULL, NULL, 132, 117, 75, 70, 51, 61, 51, 71, 65, 9, 1, 3, 1, 2, 1, NULL),
(909, 'つなもり', NULL, NULL, 'tsunamori', NULL, NULL, NULL, 99, 124, 49, 40, 40, 51, 67, 51, 51, 76, 4, 4, 1, 2, 3, NULL),
(910, 'つねや', NULL, NULL, 'tsuneya', NULL, NULL, NULL, 119, 105, 57, 57, 56, 60, 65, 56, 56, 33, 1, 2, 1, 2, 3, NULL),
(911, 'つばさ', NULL, NULL, 'tsubasa', NULL, NULL, NULL, 120, 101, 60, 51, 56, 56, 51, 55, 51, 50, 1, 1, 1, 2, 4, NULL),
(912, 'ツバサ', NULL, NULL, 'tsubasa', NULL, NULL, NULL, 140, 95, 56, 62, 69, 66, 52, 65, 60, 5, 1, 2, 1, 2, 3, NULL),
(913, 'つむぎ', NULL, NULL, 'tsumugi', NULL, NULL, 5, 106, 125, 62, 56, 53, 53, 53, 58, 60, 35, 1, 1, 2, 2, 7, NULL),
(914, 'つや', NULL, NULL, 'tsuya', NULL, NULL, NULL, 93, 128, 44, 46, 50, 49, 46, 47, 47, 90, 1, 1, 2, 2, 3, NULL),
(915, 'ティア', NULL, NULL, 'tia', NULL, NULL, NULL, 90, 129, 58, 63, 57, 60, 56, 63, 57, 24, 3, 3, 2, 2, 3, NULL),
(916, 'ティナ', NULL, NULL, 'tina', NULL, NULL, NULL, 97, 130, 60, 62, 53, 55, 53, 62, 58, 34, 2, 1, 2, 2, 7, NULL),
(917, 'ディノ', NULL, NULL, 'dino', NULL, NULL, NULL, 132, 108, 75, 76, 49, 55, 68, 40, 69, 7, 1, 1, 1, 2, 6, NULL),
(918, 'てざき', NULL, NULL, 'tezaki', NULL, NULL, NULL, 124, 95, 50, 54, 63, 44, 56, 53, 51, 62, 2, 3, 1, 2, 3, NULL),
(919, 'てしま', NULL, NULL, 'teshima', NULL, NULL, NULL, 88, 133, 57, 53, 56, 52, 56, 60, 56, 22, 2, 2, 2, 2, 3, NULL),
(920, 'てつきた', NULL, NULL, 'tetsukita', NULL, NULL, NULL, 107, 128, 45, 51, 57, 45, 56, 56, 57, 43, 1, 4, 2, 2, 3, NULL),
(921, 'てづくり', NULL, NULL, 'tezukuri', NULL, NULL, 8, 126, 95, 59, 51, 52, 51, 55, 63, 54, 38, 4, 1, 1, 2, 3, NULL),
(922, 'てっぺい', NULL, NULL, 'teppei', NULL, NULL, NULL, 121, 105, 56, 62, 53, 59, 53, 52, 53, 24, 3, 3, 1, 2, 3, NULL),
(923, 'てつやま', NULL, NULL, 'tetsuyama', NULL, NULL, 8, 119, 107, 44, 53, 57, 45, 57, 53, 54, 66, 1, 3, 1, 2, 3, NULL),
(924, 'デビル', NULL, NULL, 'debiru', NULL, NULL, 5, 124, 100, 57, 60, 53, 63, 60, 65, 59, 31, 2, 1, 1, 2, 7, NULL),
(925, 'てふだ', NULL, NULL, 'tefuda', NULL, NULL, NULL, 122, 109, 44, 54, 60, 46, 54, 54, 51, 65, 1, 1, 1, 2, 7, NULL),
(926, 'てみず', NULL, NULL, 'temizu', NULL, NULL, NULL, 105, 122, 48, 56, 57, 45, 57, 57, 54, 53, 4, 2, 1, 2, 3, NULL),
(927, 'てらい', NULL, NULL, 'terai', NULL, NULL, 8, 110, 100, 47, 54, 60, 48, 53, 55, 51, 61, 3, 1, 1, 2, 3, NULL),
(928, 'てらの', NULL, NULL, 'terano', NULL, NULL, NULL, 113, 105, 46, 51, 59, 48, 56, 51, 56, 64, 1, 4, 1, 2, 3, NULL),
(929, 'てるかわ', NULL, NULL, 'terukawa', NULL, NULL, 20, 119, 113, 48, 56, 66, 46, 53, 51, 56, 64, 2, 3, 1, 2, 3, NULL),
(930, 'てるよし', NULL, NULL, 'teruyoshi', NULL, NULL, 8, 126, 100, 52, 61, 48, 60, 51, 58, 56, 39, 2, 3, 1, 2, 3, NULL),
(931, 'てんき', NULL, NULL, 'tenki', NULL, NULL, NULL, 144, 72, 83, 77, 44, 34, 58, 59, 56, 9, 3, 1, 1, 2, 3, NULL),
(932, 'でんこう', NULL, NULL, 'denkou', NULL, NULL, NULL, 122, 97, 45, 51, 53, 51, 60, 56, 53, 61, 2, 2, 1, 2, 3, NULL),
(933, 'てんざん', NULL, NULL, 'tenzan', NULL, NULL, NULL, 111, 95, 50, 53, 60, 45, 51, 55, 52, 63, 4, 3, 1, 2, 3, NULL),
(934, 'でんさんき', NULL, NULL, 'densanki', NULL, NULL, 5, 88, 127, 50, 48, 50, 48, 46, 46, 56, 74, 2, 4, 2, 2, 7, NULL),
(935, 'てんしょう', NULL, NULL, 'tenshou', NULL, NULL, NULL, 120, 102, 46, 41, 38, 53, 62, 57, 54, 74, 3, 3, 1, 2, 3, NULL),
(936, 'テント', NULL, NULL, 'tento', NULL, NULL, 5, 106, 113, 47, 55, 60, 47, 53, 52, 56, 62, 4, 3, 1, 2, 7, NULL),
(937, 'てんとう', NULL, NULL, 'tentou', NULL, NULL, NULL, 120, 91, 56, 53, 44, 45, 44, 53, 56, 65, 1, 3, 1, 2, 3, NULL),
(938, 'てんねん', NULL, NULL, 'tennen', NULL, NULL, NULL, 87, 136, 60, 55, 56, 51, 57, 59, 54, 24, 3, 1, 2, 2, 3, NULL),
(939, 'でんぽう', NULL, NULL, 'denpou', NULL, NULL, NULL, 124, 88, 38, 46, 48, 60, 56, 48, 45, 84, 1, 1, 1, 2, 7, NULL),
(940, 'といかわ', NULL, NULL, 'toikawa', NULL, NULL, NULL, 120, 90, 51, 52, 44, 49, 47, 57, 56, 82, 2, 1, 1, 2, 3, NULL),
(941, 'とう', NULL, NULL, 'tou', NULL, NULL, 5, 92, 122, 49, 39, 43, 53, 59, 65, 53, 67, 4, 4, 1, 2, 7, NULL),
(942, 'ドウ', NULL, NULL, 'dou', NULL, NULL, NULL, 104, 120, 55, 56, 56, 60, 53, 56, 54, 34, 4, 1, 1, 2, 3, NULL),
(943, 'とうか', NULL, NULL, 'touka', NULL, NULL, 8, 89, 128, 55, 52, 51, 55, 47, 51, 50, 60, 3, 3, 2, 2, 3, NULL),
(944, 'どうがみ', NULL, NULL, 'dougami', NULL, NULL, NULL, 110, 93, 56, 57, 54, 57, 54, 54, 67, 31, 3, 1, 1, 2, 3, NULL),
(945, 'どうき', NULL, NULL, 'douki', NULL, NULL, NULL, 140, 75, 86, 70, 31, 44, 56, 57, 56, 22, 3, 3, 1, 2, 3, NULL),
(946, 'とうきょう', NULL, NULL, 'toukyou', NULL, NULL, NULL, 121, 89, 53, 55, 47, 44, 46, 53, 56, 55, 2, 1, 1, 2, 3, NULL),
(947, 'とうけい', NULL, NULL, 'toukei', NULL, NULL, NULL, 106, 119, 54, 52, 50, 52, 48, 45, 58, 67, 2, 1, 1, 2, 3, NULL),
(948, 'とうじょう', NULL, NULL, 'toujou', NULL, NULL, NULL, 99, 135, 56, 53, 56, 53, 57, 52, 54, 35, 1, 1, 1, 2, 3, NULL),
(949, 'とうそう', NULL, NULL, 'tousou', NULL, NULL, NULL, 149, 98, 46, 85, 43, 65, 58, 70, 60, 5, 1, 2, 1, 2, 3, NULL),
(950, 'どうりき', NULL, NULL, 'douriki', NULL, NULL, NULL, 120, 106, 57, 56, 48, 48, 44, 56, 55, 60, 3, 2, 1, 2, 3, NULL),
(951, 'トーテム', NULL, NULL, 'tootemu', NULL, NULL, NULL, 119, 85, 61, 59, 47, 59, 46, 44, 44, 52, 1, 4, 1, 2, 3, NULL),
(952, 'とおやま', NULL, NULL, 'tooyama', NULL, NULL, NULL, 126, 94, 62, 51, 53, 57, 60, 60, 56, 34, 3, 4, 1, 2, 3, NULL),
(953, 'とおるがわ', NULL, NULL, 'toorugawa', NULL, NULL, NULL, 121, 92, 56, 56, 48, 60, 53, 56, 54, 27, 4, 1, 1, 2, 3, NULL),
(954, 'とき', NULL, NULL, 'toki', NULL, NULL, NULL, 124, 120, 44, 44, 45, 44, 47, 46, 45, 96, 4, 2, 1, 2, 3, NULL),
(955, 'ときえだ', NULL, NULL, 'tokieda', NULL, NULL, NULL, 93, 132, 47, 46, 45, 48, 45, 45, 46, 105, 3, 4, 1, 2, 3, NULL),
(956, 'ときお', NULL, NULL, 'tokio', NULL, NULL, NULL, 121, 113, 66, 47, 46, 65, 43, 50, 48, 70, 4, 4, 1, 2, 3, NULL),
(957, 'ときか', NULL, NULL, 'tokika', NULL, NULL, NULL, 75, 136, 59, 54, 52, 56, 48, 59, 57, 35, 2, 3, 2, 2, 3, NULL),
(958, 'ときさ', NULL, NULL, 'tokisa', NULL, NULL, 5, 82, 133, 51, 60, 56, 56, 65, 63, 59, 5, 1, 2, 2, 2, 7, NULL),
(959, 'ときとう', NULL, NULL, 'tokitou', NULL, NULL, NULL, 116, 97, 48, 56, 52, 56, 59, 56, 57, 27, 1, 1, 1, 2, 7, NULL),
(960, 'とくい', NULL, NULL, 'tokui', NULL, NULL, NULL, 121, 99, 44, 41, 39, 53, 64, 53, 57, 63, 4, 4, 1, 2, 3, NULL),
(961, 'とくがわ', NULL, NULL, 'tokugawa', NULL, NULL, NULL, 119, 95, 56, 53, 55, 54, 55, 60, 55, 38, 4, 2, 1, 2, 3, NULL),
(962, 'とくしま', NULL, NULL, 'tokushima', NULL, NULL, NULL, 118, 97, 62, 56, 56, 52, 52, 56, 51, 40, 4, 2, 1, 2, 3, NULL),
(963, 'とくしゅ', NULL, NULL, 'tokushu', NULL, NULL, 8, 136, 104, 43, 58, 79, 57, 71, 51, 60, 3, 2, 3, 1, 2, 3, NULL),
(964, 'とくなが', NULL, NULL, 'tokunaga', NULL, NULL, NULL, 120, 105, 53, 62, 53, 57, 53, 56, 56, 34, 4, 4, 1, 2, 3, NULL),
(965, 'としあき', NULL, NULL, 'toshiaki', NULL, NULL, NULL, 90, 134, 44, 36, 38, 51, 62, 51, 56, 105, 1, 4, 1, 2, 3, NULL),
(966, 'としぞう', NULL, NULL, 'toshizou', NULL, NULL, NULL, 121, 116, 54, 53, 50, 44, 48, 54, 51, 72, 2, 1, 1, 2, 3, NULL),
(967, 'とちぎ', NULL, NULL, 'tochigi', NULL, NULL, NULL, 118, 96, 53, 56, 53, 53, 54, 51, 54, 55, 3, 2, 1, 2, 3, NULL),
(968, 'とっとり', NULL, NULL, 'tottori', NULL, NULL, NULL, 123, 92, 46, 44, 47, 51, 59, 62, 54, 65, 3, 2, 1, 2, 3, NULL),
(969, 'トップ', NULL, NULL, 'toppu', NULL, NULL, NULL, 90, 113, 51, 48, 65, 62, 49, 50, 66, 17, 3, 3, 2, 2, 4, NULL),
(970, 'とびたか', NULL, NULL, 'tobitaka', NULL, NULL, NULL, 125, 124, 78, 54, 52, 58, 52, 48, 74, 39, 1, 3, 1, 2, 1, NULL),
(971, 'とびひろ', NULL, NULL, 'tobihiro', NULL, NULL, NULL, 133, 89, 41, 56, 56, 55, 57, 39, 52, 68, 3, 2, 1, 2, 3, NULL),
(972, 'トマホーク', NULL, NULL, 'tomahooku', NULL, NULL, NULL, 114, 100, 54, 62, 55, 62, 57, 57, 59, 11, 2, 3, 1, 2, 3, NULL),
(973, 'とみやま', NULL, NULL, 'tomiyama', NULL, NULL, NULL, 93, 124, 46, 51, 57, 51, 62, 51, 53, 47, 1, 1, 2, 2, 3, NULL),
(974, 'ともか', NULL, NULL, 'tomoka', NULL, NULL, NULL, 106, 129, 56, 53, 53, 57, 53, 54, 54, 47, 4, 4, 2, 2, 4, NULL),
(975, 'ともちゃん', NULL, NULL, 'tomochan', NULL, NULL, NULL, 99, 91, 56, 56, 57, 58, 39, 58, 54, 23, 1, 3, 2, 2, 3, NULL),
(976, 'ともや', NULL, NULL, 'tomoya', NULL, NULL, NULL, 113, 93, 57, 52, 56, 51, 55, 51, 51, 55, 3, 2, 1, 2, 7, NULL),
(977, 'どもん', NULL, NULL, 'domon', NULL, NULL, NULL, 128, 109, 56, 61, 52, 76, 60, 72, 52, 6, 2, 3, 1, 2, 2, NULL),
(978, 'とよとみ', NULL, NULL, 'toyotomi', NULL, NULL, NULL, 120, 105, 53, 62, 55, 58, 54, 54, 53, 34, 4, 1, 1, 2, 3, NULL),
(979, 'トライアル', NULL, NULL, 'toraiaru', NULL, NULL, NULL, 123, 95, 46, 53, 40, 45, 93, 81, 46, 8, 2, 1, 1, 2, 4, NULL),
(980, 'ドラゴン', NULL, NULL, 'doragon', NULL, NULL, NULL, 130, 115, 62, 42, 67, 63, 64, 62, 62, 12, 1, 3, 1, 2, 4, NULL),
(981, 'とらまる', NULL, NULL, 'toramaru', NULL, NULL, NULL, 120, 130, 72, 56, 60, 55, 60, 56, 57, 42, 2, 1, 1, 2, 1, NULL),
(982, 'ドラム', NULL, NULL, 'doramu', NULL, NULL, NULL, 99, 119, 44, 40, 37, 53, 56, 54, 54, 87, 4, 4, 1, 2, 3, NULL),
(983, 'ドリーム', NULL, NULL, 'doriimu', NULL, NULL, 5, 126, 109, 39, 39, 60, 40, 59, 59, 61, 68, 1, 1, 1, 2, 7, NULL),
(984, 'トリック', NULL, NULL, 'torikku', NULL, NULL, NULL, 126, 101, 56, 56, 58, 59, 58, 57, 58, 25, 3, 1, 1, 2, 7, NULL),
(985, 'とりはら', NULL, NULL, 'torihara', NULL, NULL, NULL, 120, 102, 54, 65, 61, 62, 66, 53, 51, 27, 4, 2, 1, 2, 3, NULL),
(986, 'とりやま', NULL, NULL, 'toriyama', NULL, NULL, 18, 125, 101, 56, 57, 56, 62, 60, 61, 60, 14, 4, 4, 1, 2, 3, NULL),
(987, 'とわ', NULL, NULL, 'towa', NULL, NULL, NULL, 118, 94, 56, 56, 51, 57, 51, 57, 61, 34, 3, 1, 1, 2, 7, NULL),
(988, 'トンニーノ', NULL, NULL, 'tonniino', NULL, NULL, NULL, 112, 99, 59, 56, 57, 53, 53, 62, 57, 35, 1, 2, 1, 2, 3, NULL),
(989, 'ナイト', NULL, NULL, 'naito', NULL, NULL, NULL, 106, 106, 82, 65, 56, 36, 52, 53, 66, 28, 3, 1, 1, 2, 4, NULL),
(990, 'ないる', NULL, NULL, 'nairu', NULL, NULL, NULL, 98, 126, 56, 58, 58, 58, 62, 57, 61, 0, 3, 1, 2, 2, 7, NULL),
(991, 'なえみ', NULL, NULL, 'naemi', NULL, NULL, NULL, 103, 120, 53, 53, 56, 56, 55, 53, 53, 30, 1, 3, 2, 2, 16, NULL),
(992, 'なおみ', NULL, NULL, 'naomi', NULL, NULL, 5, 95, 133, 52, 57, 51, 55, 57, 51, 56, 42, 3, 1, 2, 2, 7, NULL),
(993, 'なか', NULL, NULL, 'naka', NULL, NULL, NULL, 120, 101, 48, 40, 36, 57, 63, 51, 51, 67, 1, 3, 1, 2, 7, NULL),
(994, 'ながい', NULL, NULL, 'nagai', NULL, NULL, 5, 137, 118, 47, 37, 43, 55, 60, 56, 56, 55, 1, 3, 1, 2, 7, NULL),
(995, 'なかいずみ', NULL, NULL, 'nakaizumi', NULL, NULL, NULL, 120, 92, 56, 56, 57, 53, 53, 54, 52, 44, 4, 1, 1, 2, 3, NULL),
(996, 'なかお', NULL, NULL, 'nakao', NULL, NULL, NULL, 133, 98, 50, 51, 52, 51, 57, 60, 52, 38, 1, 4, 1, 2, 3, NULL),
(997, 'ながおさ', NULL, NULL, 'nagaosa', NULL, NULL, NULL, 121, 97, 50, 65, 57, 51, 59, 57, 53, 33, 1, 4, 1, 2, 3, NULL),
(998, 'ながくら', NULL, NULL, 'nagakura', NULL, NULL, NULL, 118, 91, 53, 56, 56, 57, 51, 53, 54, 53, 1, 3, 1, 2, 3, NULL),
(999, 'ながさか', NULL, NULL, 'nagasaka', NULL, NULL, NULL, 104, 119, 50, 60, 64, 60, 56, 54, 51, 25, 3, 3, 1, 2, 3, NULL),
(1000, 'ながさき', NULL, NULL, 'nagasaki', NULL, NULL, NULL, 117, 95, 56, 55, 53, 51, 57, 53, 52, 53, 4, 4, 1, 2, 3, NULL),
(1001, 'なかさと', NULL, NULL, 'nakasato', NULL, NULL, NULL, 91, 122, 57, 63, 54, 62, 59, 65, 59, 34, 4, 3, 1, 2, 7, NULL),
(1002, 'なかしま', NULL, NULL, 'nakashima', NULL, NULL, NULL, 94, 122, 45, 55, 54, 56, 67, 53, 57, 36, 2, 3, 1, 2, 3, NULL),
(1003, 'なかぞの', NULL, NULL, 'nakazono', NULL, NULL, NULL, 120, 90, 38, 47, 56, 39, 46, 46, 48, 105, 1, 2, 1, 2, 3, NULL),
(1004, 'ながた', NULL, NULL, 'nagata', NULL, NULL, NULL, 120, 108, 60, 58, 58, 58, 60, 58, 58, 12, 1, 2, 1, 2, 3, NULL),
(1005, 'なかだて', NULL, NULL, 'nakadate', NULL, NULL, 5, 121, 98, 46, 49, 52, 51, 47, 52, 49, 79, 2, 1, 1, 2, 7, NULL),
(1006, 'なかたに', NULL, NULL, 'nakatani', NULL, NULL, 5, 102, 134, 53, 57, 53, 51, 56, 48, 51, 63, 2, 1, 1, 2, 4, NULL),
(1007, 'ながつき', NULL, NULL, 'nagatsuki', NULL, NULL, 8, 118, 91, 48, 49, 50, 48, 66, 49, 48, 73, 3, 4, 1, 2, 3, NULL),
(1008, 'なかつじ', NULL, NULL, 'nakatsuji', NULL, NULL, NULL, 91, 128, 61, 62, 56, 66, 60, 65, 56, 7, 2, 3, 1, 2, 7, NULL),
(1009, 'なかと', NULL, NULL, 'nakato', NULL, NULL, NULL, 106, 121, 46, 50, 50, 51, 57, 57, 52, 66, 1, 3, 1, 2, 3, NULL),
(1010, 'ながと', NULL, NULL, 'nagato', NULL, NULL, NULL, 130, 95, 60, 51, 54, 62, 42, 65, 57, 22, 2, 1, 1, 2, 3, NULL),
(1011, 'なかね', NULL, NULL, 'nakane', NULL, NULL, NULL, 94, 128, 59, 56, 56, 58, 47, 57, 53, 25, 3, 1, 2, 2, 3, NULL),
(1012, 'ながの', NULL, NULL, 'nagano', NULL, NULL, NULL, 127, 101, 59, 57, 53, 60, 36, 56, 53, 60, 4, 1, 1, 2, 3, NULL),
(1013, 'なかはら', NULL, NULL, 'nakahara', NULL, NULL, NULL, 93, 125, 52, 56, 47, 47, 51, 53, 53, 68, 3, 1, 1, 2, 3, NULL),
(1014, 'なかやま', NULL, NULL, 'nakayama', NULL, NULL, NULL, 106, 113, 47, 53, 67, 50, 53, 54, 51, 59, 2, 3, 1, 2, 3, NULL),
(1015, 'ながら', NULL, NULL, 'nagara', NULL, NULL, NULL, 121, 90, 51, 48, 51, 54, 49, 65, 48, 68, 3, 3, 1, 2, 3, NULL),
(1016, 'ながる', NULL, NULL, 'nagaru', NULL, NULL, NULL, 126, 92, 57, 60, 45, 56, 54, 56, 51, 61, 4, 2, 1, 2, 3, NULL),
(1017, 'ながれ', NULL, NULL, 'nagare', NULL, NULL, 8, 103, 118, 57, 57, 53, 53, 52, 52, 56, 45, 1, 3, 1, 2, 3, NULL),
(1018, 'なぎなた', NULL, NULL, 'naginata', NULL, NULL, NULL, 127, 101, 57, 57, 55, 56, 42, 57, 53, 63, 2, 4, 1, 2, 3, NULL),
(1019, 'なくら', NULL, NULL, 'nakura', NULL, NULL, NULL, 121, 107, 61, 56, 61, 60, 59, 61, 60, 34, 4, 4, 1, 2, 7, NULL),
(1020, 'なげわ', NULL, NULL, 'nagewa', NULL, NULL, NULL, 114, 106, 58, 61, 53, 54, 56, 54, 53, 27, 4, 2, 1, 2, 5, NULL),
(1021, 'なじま', NULL, NULL, 'najima', NULL, NULL, NULL, 118, 95, 54, 53, 53, 51, 55, 57, 56, 44, 4, 1, 1, 2, 7, NULL),
(1022, 'なたに', NULL, NULL, 'natani', NULL, NULL, NULL, 118, 102, 65, 66, 56, 54, 57, 56, 56, 11, 2, 4, 1, 2, 4, NULL),
(1023, 'なつか', NULL, NULL, 'natsuka', NULL, NULL, 8, 93, 124, 62, 53, 51, 53, 60, 53, 50, 32, 4, 1, 1, 2, 3, NULL),
(1024, 'ナッキー', NULL, NULL, 'nakkii', NULL, NULL, NULL, 94, 129, 57, 59, 57, 62, 51, 51, 54, 21, 2, 1, 2, 2, 3, NULL),
(1025, 'ナッシー', NULL, NULL, 'nasshii', NULL, NULL, NULL, 120, 97, 59, 53, 53, 60, 48, 62, 56, 25, 2, 2, 1, 2, 3, NULL),
(1026, 'なっちゃん', NULL, NULL, 'nacchan', NULL, NULL, NULL, 98, 128, 50, 54, 60, 53, 52, 53, 51, 40, 4, 2, 2, 2, 3, NULL),
(1027, 'なつみ', NULL, NULL, 'natsumi', NULL, NULL, NULL, 118, 131, 68, 64, 65, 52, 44, 49, 62, 21, 3, 1, 2, 2, 16, NULL),
(1028, 'なないろ', NULL, NULL, 'nanairo', NULL, NULL, 5, 120, 110, 56, 51, 47, 47, 44, 54, 52, 82, 4, 1, 1, 2, 7, NULL),
(1029, 'ななせ', NULL, NULL, 'nanase', NULL, NULL, NULL, 99, 133, 47, 48, 48, 50, 44, 45, 45, 98, 2, 2, 1, 2, 3, NULL),
(1030, 'ななほし', NULL, NULL, 'nanahoshi', NULL, NULL, NULL, 102, 119, 46, 54, 56, 56, 60, 53, 53, 63, 4, 4, 1, 2, 3, NULL),
(1031, 'ナノ', NULL, NULL, 'nano', NULL, NULL, 5, 125, 105, 57, 60, 57, 58, 60, 58, 56, 26, 3, 3, 1, 2, 7, NULL),
(1032, 'なべ', NULL, NULL, 'nabe', NULL, NULL, 8, 111, 97, 53, 51, 57, 53, 57, 56, 54, 50, 3, 4, 1, 2, 3, NULL),
(1033, 'ナベマン', NULL, NULL, 'nabeman', NULL, NULL, NULL, 92, 134, 57, 56, 45, 53, 44, 51, 50, 77, 1, 3, 1, 2, 3, NULL),
(1034, 'ナマズ', NULL, NULL, 'namazu', NULL, NULL, NULL, 126, 103, 60, 60, 60, 61, 67, 60, 60, 11, 2, 3, 1, 2, 5, NULL),
(1035, 'なみえ', NULL, NULL, 'namie', NULL, NULL, NULL, 102, 128, 51, 55, 52, 51, 56, 54, 52, 45, 4, 4, 2, 2, 3, NULL),
(1036, 'なみのり', NULL, NULL, 'naminori', NULL, NULL, NULL, 101, 126, 54, 56, 60, 62, 62, 60, 62, 32, 4, 3, 1, 2, 7, NULL),
(1037, 'なみむら', NULL, NULL, 'namimura', NULL, NULL, NULL, 138, 93, 60, 54, 51, 62, 39, 56, 57, 59, 4, 3, 1, 2, 3, NULL),
(1038, 'なや', NULL, NULL, 'naya', NULL, NULL, NULL, 135, 91, 51, 58, 45, 62, 51, 56, 55, 60, 2, 4, 1, 2, 3, NULL),
(1039, 'なゆ', NULL, NULL, 'nayu', NULL, NULL, NULL, 103, 129, 58, 65, 56, 64, 60, 59, 62, 3, 2, 3, 2, 2, 5, NULL),
(1040, 'なら', NULL, NULL, 'nara', NULL, NULL, NULL, 91, 124, 60, 66, 55, 64, 56, 66, 59, 15, 4, 3, 1, 2, 16, NULL),
(1041, 'なりた', NULL, NULL, 'narita', NULL, NULL, 5, 118, 97, 53, 53, 51, 53, 55, 51, 53, 56, 1, 2, 1, 2, 7, NULL),
(1042, 'なるたき', NULL, NULL, 'narutaki', NULL, NULL, NULL, 102, 120, 52, 47, 50, 49, 48, 46, 51, 83, 1, 3, 1, 2, 3, NULL),
(1043, 'なると', NULL, NULL, 'naruto', NULL, NULL, NULL, 118, 98, 50, 56, 56, 51, 58, 58, 53, 33, 4, 4, 1, 2, 3, NULL),
(1044, 'なるみ', NULL, NULL, 'narumi', NULL, NULL, NULL, 121, 91, 60, 53, 57, 53, 51, 59, 56, 22, 4, 3, 1, 2, 3, NULL),
(1045, 'なわて', NULL, NULL, 'nawate', NULL, NULL, NULL, 118, 97, 48, 36, 38, 57, 62, 55, 53, 66, 2, 3, 1, 2, 3, NULL),
(1046, 'なんじょう', NULL, NULL, 'nanjou', NULL, NULL, NULL, 121, 101, 56, 56, 54, 63, 55, 53, 56, 22, 2, 4, 1, 2, 5, NULL),
(1047, 'なんの', NULL, NULL, 'nanno', NULL, NULL, NULL, 94, 116, 47, 56, 54, 54, 57, 53, 51, 61, 2, 4, 1, 2, 3, NULL),
(1048, 'なんば', NULL, NULL, 'nanba', NULL, NULL, NULL, 111, 102, 51, 57, 51, 56, 54, 53, 51, 51, 2, 2, 1, 2, 3, NULL),
(1049, 'なんぶ', NULL, NULL, 'nanbu', NULL, NULL, NULL, 107, 119, 60, 57, 54, 51, 56, 58, 58, 32, 1, 1, 1, 2, 3, NULL),
(1050, 'なんりく', NULL, NULL, 'nanriku', NULL, NULL, 8, 119, 109, 49, 54, 62, 45, 54, 51, 56, 61, 1, 4, 1, 2, 3, NULL),
(1051, 'にいがた', NULL, NULL, 'niigata', NULL, NULL, NULL, 128, 97, 56, 51, 53, 51, 57, 63, 56, 39, 3, 4, 1, 2, 3, NULL),
(1052, 'ニーナ', NULL, NULL, 'niina', NULL, NULL, NULL, 97, 91, 56, 53, 53, 56, 48, 49, 57, 34, 4, 2, 2, 2, 3, NULL),
(1053, 'にいみ', NULL, NULL, 'niimi', NULL, NULL, NULL, 100, 108, 51, 56, 63, 57, 56, 51, 51, 37, 2, 3, 1, 2, 3, NULL),
(1054, 'ニーヤ', NULL, NULL, 'niiya', NULL, NULL, 14, 127, 120, 45, 48, 47, 47, 44, 65, 44, 59, 3, 3, 2, 2, 3, NULL),
(1055, 'にし', NULL, NULL, 'nishi', NULL, NULL, NULL, 94, 128, 57, 57, 53, 56, 51, 56, 55, 38, 4, 4, 1, 2, 3, NULL),
(1056, 'にしい', NULL, NULL, 'nishii', NULL, NULL, NULL, 113, 97, 52, 58, 41, 56, 39, 53, 56, 70, 3, 1, 1, 2, 3, NULL),
(1057, 'にしお', NULL, NULL, 'nishio', NULL, NULL, NULL, 118, 101, 49, 37, 39, 53, 60, 56, 56, 75, 3, 1, 1, 2, 3, NULL),
(1058, 'にしかわ', NULL, NULL, 'nishikawa', NULL, NULL, NULL, 75, 148, 60, 56, 56, 58, 38, 58, 53, 38, 1, 1, 2, 2, 4, NULL),
(1059, 'にしじま', NULL, NULL, 'nishijima', NULL, NULL, NULL, 102, 117, 44, 53, 60, 48, 53, 51, 51, 67, 1, 4, 1, 2, 3, NULL),
(1060, 'にじの', NULL, NULL, 'nijino', NULL, NULL, NULL, 126, 96, 56, 61, 54, 60, 41, 65, 51, 35, 3, 3, 1, 2, 3, NULL),
(1061, 'にしはら', NULL, NULL, 'nishihara', NULL, NULL, NULL, 94, 129, 62, 51, 52, 58, 43, 59, 54, 32, 1, 2, 1, 2, 16, NULL),
(1062, 'にしむら', NULL, NULL, 'nishimura', NULL, NULL, NULL, 120, 110, 49, 44, 45, 48, 44, 47, 47, 85, 4, 1, 1, 2, 3, NULL),
(1063, 'にしや', NULL, NULL, 'nishiya', NULL, NULL, NULL, 126, 97, 46, 57, 56, 51, 62, 55, 56, 27, 2, 1, 1, 2, 3, NULL),
(1064, 'にった', NULL, NULL, 'nitta', NULL, NULL, 5, 132, 100, 65, 62, 56, 53, 56, 61, 60, 31, 1, 4, 1, 2, 7, NULL),
(1065, 'にのみや', NULL, NULL, 'ninomiya', NULL, NULL, NULL, 119, 106, 48, 53, 56, 48, 57, 51, 57, 63, 3, 4, 1, 2, 3, NULL),
(1066, 'にへい', NULL, NULL, 'nihei', NULL, NULL, 8, 119, 98, 55, 57, 56, 62, 57, 56, 54, 26, 4, 3, 1, 2, 3, NULL),
(1067, 'にほら', NULL, NULL, 'nihora', NULL, NULL, NULL, 120, 97, 57, 51, 57, 53, 53, 53, 54, 54, 4, 2, 1, 2, 3, NULL),
(1068, 'にむら', NULL, NULL, 'nimura', NULL, NULL, NULL, 90, 134, 47, 47, 47, 48, 47, 45, 46, 94, 4, 3, 1, 2, 3, NULL),
(1069, 'ニャア', NULL, NULL, 'nyaa', NULL, NULL, NULL, 78, 153, 48, 48, 48, 60, 42, 39, 50, 76, 4, 3, 2, 2, 3, NULL),
(1070, 'にわやま', NULL, NULL, 'niwayama', NULL, NULL, 5, 117, 111, 58, 66, 59, 63, 59, 59, 57, 30, 3, 3, 1, 2, 7, NULL),
(1071, 'にんじん', NULL, NULL, 'ninjin', NULL, NULL, NULL, 91, 127, 56, 51, 52, 59, 41, 57, 54, 61, 3, 1, 1, 2, 3, NULL),
(1072, 'ぬしの', NULL, NULL, 'nushino', NULL, NULL, NULL, 92, 137, 67, 60, 62, 63, 37, 67, 60, 33, 3, 4, 1, 2, 4, NULL),
(1073, 'ぬのか', NULL, NULL, 'nunoka', NULL, NULL, NULL, 80, 136, 51, 53, 52, 56, 57, 60, 53, 36, 2, 2, 2, 2, 7, NULL),
(1074, 'ぬのはら', NULL, NULL, 'nunohara', NULL, NULL, NULL, 120, 96, 57, 53, 51, 55, 57, 56, 57, 25, 2, 4, 1, 2, 3, NULL),
(1075, 'ぬのむら', NULL, NULL, 'nunomura', NULL, NULL, NULL, 124, 96, 41, 63, 56, 63, 41, 36, 54, 71, 3, 4, 1, 2, 3, NULL),
(1076, 'ぬまぐち', NULL, NULL, 'numaguchi', NULL, NULL, 8, 124, 94, 52, 56, 57, 53, 52, 53, 51, 50, 1, 1, 1, 2, 3, NULL),
(1077, 'ぬりかべ', NULL, NULL, 'nurikabe', NULL, NULL, 8, 120, 92, 57, 57, 53, 51, 56, 56, 51, 42, 4, 2, 1, 2, 3, NULL),
(1078, 'ぬりたに', NULL, NULL, 'nuritani', NULL, NULL, NULL, 114, 108, 48, 53, 61, 48, 54, 57, 54, 61, 2, 2, 1, 2, 3, NULL),
(1079, 'ネイロン', NULL, NULL, 'neiron', NULL, NULL, 5, 96, 127, 57, 53, 46, 57, 63, 59, 61, 34, 1, 2, 2, 2, 7, NULL),
(1080, 'ねお', NULL, NULL, 'neo', NULL, NULL, NULL, 118, 90, 53, 51, 46, 46, 50, 56, 56, 80, 3, 4, 1, 2, 3, NULL),
(1081, 'ねぎの', NULL, NULL, 'negino', NULL, NULL, NULL, 99, 124, 66, 61, 57, 51, 51, 63, 56, 32, 1, 1, 1, 2, 7, NULL),
(1082, 'ねこの', NULL, NULL, 'nekono', NULL, NULL, NULL, 99, 125, 52, 56, 62, 57, 62, 56, 55, 32, 1, 2, 1, 2, 7, NULL),
(1083, 'ねごろ', NULL, NULL, 'negoro', NULL, NULL, NULL, 119, 93, 45, 54, 63, 47, 54, 56, 51, 63, 3, 1, 1, 2, 7, NULL),
(1084, 'ネック', NULL, NULL, 'nekku', NULL, NULL, NULL, 94, 132, 51, 51, 48, 50, 41, 39, 51, 71, 2, 2, 1, 2, 3, NULL),
(1085, 'ねっけつ', NULL, NULL, 'nekketsu', NULL, NULL, 8, 125, 105, 76, 78, 42, 47, 72, 40, 69, 3, 3, 1, 1, 2, 3, NULL),
(1086, 'ねむい', NULL, NULL, 'nemui', NULL, NULL, NULL, 109, 116, 57, 56, 57, 53, 51, 51, 56, 31, 4, 4, 1, 2, 7, NULL),
(1087, 'ねむこ', NULL, NULL, 'nemuko', NULL, NULL, NULL, 87, 135, 46, 50, 51, 51, 48, 51, 51, 70, 2, 3, 2, 2, 3, NULL),
(1088, 'ねりやま', NULL, NULL, 'neriyama', NULL, NULL, NULL, 93, 129, 61, 60, 56, 59, 58, 57, 56, 22, 3, 3, 1, 2, 3, NULL),
(1089, 'のいえ', NULL, NULL, 'noie', NULL, NULL, NULL, 122, 101, 56, 56, 57, 52, 53, 60, 53, 25, 3, 2, 1, 2, 3, NULL),
(1090, 'のえみ', NULL, NULL, 'noemi', NULL, NULL, NULL, 90, 126, 49, 51, 46, 48, 52, 50, 48, 66, 3, 3, 2, 2, 3, NULL),
(1091, 'のぐち', NULL, NULL, 'noguchi', NULL, NULL, NULL, 137, 95, 53, 62, 47, 60, 56, 58, 51, 25, 2, 4, 1, 2, 3, NULL),
(1092, 'ノザック', NULL, NULL, 'nozakku', NULL, NULL, NULL, 120, 100, 53, 59, 56, 56, 53, 56, 53, 24, 1, 3, 1, 2, 3, NULL),
(1093, 'のざわ', NULL, NULL, 'nozawa', NULL, NULL, 8, 121, 95, 50, 46, 48, 50, 63, 48, 42, 82, 4, 1, 1, 2, 3, NULL),
(1094, 'のじま', NULL, NULL, 'nojima', NULL, NULL, NULL, 118, 93, 44, 57, 58, 44, 53, 54, 57, 61, 2, 3, 1, 2, 3, NULL),
(1095, 'のぞみ', NULL, NULL, 'nozomi', NULL, NULL, NULL, 75, 140, 46, 54, 55, 51, 62, 51, 57, 38, 4, 3, 2, 2, 3, NULL),
(1096, 'ノダッタ', NULL, NULL, 'nodatta', NULL, NULL, NULL, 108, 144, 49, 56, 58, 51, 53, 57, 56, 52, 1, 4, 1, 2, 3, NULL),
(1097, 'のと', NULL, NULL, 'noto', NULL, NULL, 18, 119, 105, 37, 58, 57, 56, 60, 62, 62, 33, 3, 1, 2, 2, 3, NULL),
(1098, 'のばやし', NULL, NULL, 'nobayashi', NULL, NULL, NULL, 115, 99, 65, 53, 60, 47, 57, 57, 36, 61, 3, 4, 1, 2, 3, NULL),
(1099, 'のべくん', NULL, NULL, 'nobekun', NULL, NULL, 8, 124, 86, 45, 44, 45, 56, 47, 49, 47, 106, 1, 4, 1, 2, 3, NULL),
(1100, 'のぼりかわ', NULL, NULL, 'noborikawa', NULL, NULL, NULL, 126, 98, 44, 37, 39, 51, 56, 39, 56, 99, 4, 3, 1, 2, 3, NULL),
(1101, 'のりまつ', NULL, NULL, 'norimatsu', NULL, NULL, NULL, 127, 95, 60, 51, 56, 56, 55, 65, 56, 25, 3, 4, 1, 2, 3, NULL),
(1102, 'のろい', NULL, NULL, 'noroi', NULL, NULL, NULL, 88, 138, 44, 55, 54, 65, 40, 56, 57, 49, 3, 3, 1, 2, 3, NULL),
(1103, 'ハート', NULL, NULL, 'haato', NULL, NULL, NULL, 101, 101, 57, 53, 56, 67, 46, 41, 80, 40, 3, 4, 2, 2, 5, NULL),
(1104, 'パーム', NULL, NULL, 'paamu', NULL, NULL, NULL, 106, 123, 57, 65, 57, 57, 54, 54, 57, 11, 4, 2, 2, 2, 3, NULL),
(1105, 'はいじま', NULL, NULL, 'haijima', NULL, NULL, NULL, 133, 102, 57, 59, 56, 60, 55, 55, 51, 21, 4, 3, 1, 2, 3, NULL),
(1106, 'バイソン', NULL, NULL, 'baison', NULL, NULL, NULL, 126, 100, 66, 57, 41, 60, 36, 58, 65, 49, 3, 1, 1, 2, 7, NULL),
(1107, 'はいたに', NULL, NULL, 'haitani', NULL, NULL, NULL, 131, 89, 49, 47, 46, 46, 47, 45, 48, 103, 4, 4, 1, 2, 3, NULL),
(1108, 'ハイネ', NULL, NULL, 'haine', NULL, NULL, NULL, 85, 127, 60, 53, 52, 56, 44, 57, 56, 23, 1, 1, 2, 2, 3, NULL),
(1109, 'パウワウ', NULL, NULL, 'pauwau', NULL, NULL, NULL, 87, 132, 61, 60, 41, 40, 41, 51, 58, 56, 3, 2, 2, 2, 3, NULL),
(1110, 'ハウンド', NULL, NULL, 'haundo', NULL, NULL, NULL, 108, 126, 56, 56, 56, 51, 56, 53, 57, 49, 2, 3, 1, 2, 3, NULL),
(1111, 'はかた', NULL, NULL, 'hakata', NULL, NULL, NULL, 118, 101, 45, 41, 42, 51, 65, 42, 56, 83, 3, 1, 1, 2, 3, NULL),
(1112, 'はくおう', NULL, NULL, 'hakuou', NULL, NULL, NULL, 99, 126, 54, 52, 53, 51, 55, 51, 56, 42, 4, 2, 1, 2, 3, NULL),
(1113, 'はくさん', NULL, NULL, 'hakusan', NULL, NULL, NULL, 106, 116, 47, 53, 60, 50, 53, 51, 51, 63, 3, 3, 1, 2, 3, NULL),
(1114, 'ハシ', NULL, NULL, 'hashi', NULL, NULL, 8, 119, 101, 56, 51, 54, 51, 55, 53, 53, 56, 4, 4, 1, 2, 3, NULL),
(1115, 'はしぐち', NULL, NULL, 'hashiguchi', NULL, NULL, NULL, 119, 89, 37, 47, 46, 67, 53, 57, 50, 69, 3, 3, 1, 2, 3, NULL),
(1116, 'はじめ', NULL, NULL, 'hajime', NULL, NULL, NULL, 108, 116, 51, 53, 54, 52, 56, 51, 57, 65, 4, 3, 1, 2, 3, NULL),
(1117, 'はしもと', NULL, NULL, 'hashimoto', NULL, NULL, NULL, 118, 101, 52, 52, 53, 57, 54, 54, 53, 48, 3, 2, 1, 2, 3, NULL),
(1118, 'はしらたに', NULL, NULL, 'hashiratani', NULL, NULL, NULL, 119, 103, 57, 56, 57, 58, 57, 57, 51, 29, 3, 3, 1, 2, 3, NULL),
(1119, 'パズル', NULL, NULL, 'pazuru', NULL, NULL, NULL, 122, 96, 49, 53, 56, 56, 60, 47, 54, 61, 2, 3, 1, 2, 3, NULL),
(1120, 'はぜくら', NULL, NULL, 'hazekura', NULL, NULL, 24, 96, 88, 48, 57, 56, 55, 55, 54, 51, 22, 1, 3, 2, 2, 4, NULL),
(1121, 'はだ', NULL, NULL, 'hada', NULL, NULL, NULL, 118, 99, 57, 56, 50, 56, 51, 56, 56, 29, 1, 3, 1, 2, 3, NULL),
(1122, 'はたけやま', NULL, NULL, 'hatakeyama', NULL, NULL, NULL, 94, 137, 41, 39, 37, 46, 53, 44, 63, 105, 2, 2, 1, 2, 7, NULL),
(1123, 'はたの', NULL, NULL, 'hatano', NULL, NULL, NULL, 115, 95, 56, 54, 51, 53, 53, 53, 54, 54, 4, 2, 1, 2, 3, NULL),
(1124, 'はちすが', NULL, NULL, 'hachisuga', NULL, NULL, NULL, 122, 99, 53, 60, 44, 56, 53, 61, 54, 37, 2, 4, 1, 2, 7, NULL),
(1125, 'はっかい', NULL, NULL, 'hakkai', NULL, NULL, NULL, 119, 97, 54, 60, 57, 54, 56, 42, 53, 40, 4, 2, 1, 2, 3, NULL),
(1126, 'はっきん', NULL, NULL, 'hakkin', NULL, NULL, NULL, 119, 94, 53, 54, 55, 51, 51, 51, 57, 44, 3, 3, 1, 2, 7, NULL),
(1127, 'パック', NULL, NULL, 'pakku', NULL, NULL, NULL, 123, 107, 79, 67, 58, 68, 52, 56, 57, 6, 2, 1, 1, 2, 3, NULL),
(1128, 'はつしば', NULL, NULL, 'hatsushiba', NULL, NULL, NULL, 117, 93, 48, 55, 65, 47, 57, 55, 55, 41, 3, 4, 1, 2, 3, NULL),
(1129, 'パッション', NULL, NULL, 'passhon', NULL, NULL, NULL, 118, 92, 55, 53, 54, 54, 57, 51, 53, 53, 4, 4, 1, 2, 3, NULL),
(1130, 'バッハ', NULL, NULL, 'bahha', NULL, NULL, 5, 93, 123, 54, 60, 60, 56, 63, 60, 62, 31, 4, 2, 1, 2, 7, NULL),
(1131, 'ばとう', NULL, NULL, 'batou', NULL, NULL, 14, 122, 91, 51, 62, 47, 56, 56, 61, 52, 41, 4, 3, 1, 2, 3, NULL),
(1132, 'ハトメ', NULL, NULL, 'hatome', NULL, NULL, 5, 118, 105, 60, 48, 52, 48, 50, 48, 50, 74, 2, 1, 1, 2, 7, NULL),
(1133, 'はとやま', NULL, NULL, 'hatoyama', NULL, NULL, NULL, 123, 85, 44, 57, 37, 65, 45, 53, 44, 71, 2, 3, 1, 2, 3, NULL),
(1134, 'ハナ', NULL, NULL, 'hana', NULL, NULL, NULL, 93, 129, 48, 52, 48, 51, 53, 50, 51, 63, 1, 3, 2, 2, 7, NULL),
(1135, 'はながた', NULL, NULL, 'hanagata', NULL, NULL, NULL, 124, 100, 54, 59, 56, 56, 65, 65, 60, 31, 1, 2, 1, 2, 7, NULL),
(1136, 'はなぞの', NULL, NULL, 'hanazono', NULL, NULL, NULL, 118, 102, 44, 55, 59, 44, 56, 53, 57, 61, 4, 1, 1, 2, 3, NULL),
(1137, 'はなだ', NULL, NULL, 'hanada', NULL, NULL, NULL, 125, 95, 56, 54, 56, 55, 53, 59, 55, 37, 3, 2, 1, 2, 3, NULL),
(1138, 'はなちゃん', NULL, NULL, 'hanachan', NULL, NULL, NULL, 80, 133, 45, 47, 60, 51, 50, 46, 63, 43, 2, 3, 2, 2, 4, NULL),
(1139, 'はなにわ', NULL, NULL, 'hananiwa', NULL, NULL, NULL, 121, 110, 57, 62, 51, 56, 56, 53, 56, 33, 3, 1, 1, 2, 3, NULL),
(1140, 'はなぶき', NULL, NULL, 'hanabuki', NULL, NULL, 18, 118, 108, 56, 51, 51, 52, 54, 55, 65, 33, 3, 3, 1, 2, 3, NULL),
(1141, 'はなむら', NULL, NULL, 'hanamura', NULL, NULL, 5, 122, 116, 46, 51, 62, 47, 57, 51, 51, 63, 3, 2, 1, 2, 7, NULL),
(1142, 'はなもと', NULL, NULL, 'hanamoto', NULL, NULL, 14, 131, 97, 45, 52, 51, 53, 63, 52, 55, 62, 2, 3, 1, 2, 3, NULL),
(1143, 'はなやま', NULL, NULL, 'hanayama', NULL, NULL, NULL, 117, 99, 51, 56, 55, 57, 55, 51, 51, 46, 2, 1, 1, 2, 4, NULL),
(1144, 'はにわ', NULL, NULL, 'haniwa', NULL, NULL, NULL, 136, 93, 48, 53, 56, 53, 59, 56, 57, 44, 3, 4, 1, 2, 3, NULL),
(1145, 'ばば', NULL, NULL, 'baba', NULL, NULL, NULL, 120, 106, 59, 62, 62, 59, 57, 60, 57, 28, 4, 3, 1, 2, 7, NULL),
(1146, 'はぶ', NULL, NULL, 'habu', NULL, NULL, NULL, 118, 105, 57, 46, 47, 44, 46, 48, 44, 93, 2, 1, 1, 2, 3, NULL),
(1147, 'はまさき', NULL, NULL, 'hamasaki', NULL, NULL, NULL, 125, 105, 62, 63, 60, 59, 58, 60, 56, 25, 3, 3, 1, 2, 3, NULL),
(1148, 'はやし', NULL, NULL, 'hayashi', NULL, NULL, NULL, 120, 99, 56, 65, 64, 56, 47, 61, 56, 36, 1, 3, 1, 2, 3, NULL),
(1149, 'はやつ', NULL, NULL, 'hayatsu', NULL, NULL, 8, 117, 95, 56, 54, 57, 56, 53, 56, 52, 32, 3, 3, 1, 2, 3, NULL),
(1150, 'はやと', NULL, NULL, 'hayato', NULL, NULL, NULL, 123, 93, 57, 57, 45, 56, 53, 58, 56, 60, 2, 4, 1, 2, 3, NULL),
(1151, 'はやぶさ', NULL, NULL, 'hayabusa', NULL, NULL, NULL, 126, 100, 57, 62, 48, 65, 51, 65, 57, 22, 1, 1, 1, 2, 7, NULL),
(1152, 'はやぼし', NULL, NULL, 'hayaboshi', NULL, NULL, 5, 122, 93, 63, 48, 50, 48, 50, 52, 45, 73, 1, 1, 1, 2, 7, NULL),
(1153, 'はらさわ', NULL, NULL, 'harasawa', NULL, NULL, NULL, 115, 99, 56, 56, 56, 67, 57, 53, 51, 33, 4, 3, 1, 2, 7, NULL),
(1154, 'パラソル', NULL, NULL, 'parasoru', NULL, NULL, 5, 109, 125, 48, 44, 53, 48, 57, 56, 53, 44, 3, 1, 2, 2, 7, NULL),
(1155, 'はりつじ', NULL, NULL, 'haritsuji', NULL, NULL, NULL, 126, 91, 45, 51, 56, 57, 56, 51, 56, 60, 2, 4, 1, 2, 3, NULL),
(1156, 'ハリネズミ', NULL, NULL, 'harinezumi', NULL, NULL, NULL, 100, 93, 51, 51, 53, 55, 65, 47, 48, 55, 4, 4, 1, 2, 5, NULL),
(1157, 'はりやま', NULL, NULL, 'hariyama', NULL, NULL, NULL, 120, 102, 46, 45, 46, 45, 56, 47, 44, 99, 3, 3, 1, 2, 3, NULL),
(1158, 'ハルドラ', NULL, NULL, 'harudora', NULL, NULL, NULL, 120, 100, 58, 53, 56, 62, 40, 56, 56, 29, 3, 1, 1, 2, 3, NULL),
(1159, 'はるの', NULL, NULL, 'haruno', NULL, NULL, NULL, 121, 108, 65, 44, 47, 50, 50, 46, 67, 62, 2, 3, 1, 2, 3, NULL),
(1160, 'パワー', NULL, NULL, 'pawaa', NULL, NULL, NULL, 92, 90, 60, 60, 60, 64, 41, 41, 59, 73, 3, 4, 1, 2, 3, NULL),
(1161, 'はんだ', NULL, NULL, 'handa', NULL, NULL, 14, 120, 120, 60, 60, 62, 60, 62, 64, 62, 6, 1, 2, 1, 2, 3, NULL),
(1162, 'パンツ', NULL, NULL, 'pantsu', NULL, NULL, NULL, 99, 140, 48, 58, 48, 64, 55, 48, 60, 79, 2, 3, 2, 2, 3, NULL),
(1163, 'ばんや', NULL, NULL, 'banya', NULL, NULL, NULL, 120, 104, 57, 62, 56, 60, 57, 57, 53, 24, 3, 3, 1, 2, 3, NULL),
(1164, 'ビアン', NULL, NULL, 'bian', NULL, NULL, NULL, 83, 133, 47, 56, 52, 52, 58, 56, 51, 36, 3, 3, 2, 2, 7, NULL),
(1165, 'ビアンカ', NULL, NULL, 'bianka', NULL, NULL, NULL, 98, 118, 49, 51, 48, 51, 53, 52, 63, 51, 1, 1, 2, 2, 4, NULL),
(1166, 'ひーくん', NULL, NULL, 'hiikun', NULL, NULL, NULL, 87, 134, 48, 50, 51, 50, 50, 46, 48, 68, 2, 2, 2, 2, 3, NULL),
(1167, 'ビースト', NULL, NULL, 'biisuto', NULL, NULL, NULL, 105, 127, 60, 66, 65, 59, 46, 63, 57, 32, 3, 1, 1, 2, 7, NULL),
(1168, 'ビーター', NULL, NULL, 'biitaa', NULL, NULL, NULL, 93, 123, 50, 49, 61, 58, 59, 53, 50, 50, 3, 4, 1, 2, 4, NULL),
(1169, 'ピーチッチ', NULL, NULL, 'piichicchi', NULL, NULL, NULL, 108, 130, 40, 40, 42, 73, 72, 41, 46, 60, 3, 3, 2, 2, 3, NULL),
(1170, 'ヒール', NULL, NULL, 'hiiru', NULL, NULL, NULL, 130, 111, 66, 65, 51, 67, 60, 64, 61, 12, 3, 1, 1, 2, 5, NULL),
(1171, 'ひいろ', NULL, NULL, 'hiiro', NULL, NULL, NULL, 93, 117, 46, 50, 51, 47, 48, 47, 49, 80, 3, 3, 1, 2, 3, NULL),
(1172, 'ひうら', NULL, NULL, 'hiura', NULL, NULL, NULL, 118, 86, 63, 53, 47, 48, 47, 53, 52, 64, 1, 3, 1, 2, 3, NULL),
(1173, 'ピエロー', NULL, NULL, 'pieroo', NULL, NULL, NULL, 113, 118, 54, 51, 53, 57, 53, 53, 56, 54, 4, 2, 1, 2, 7, NULL),
(1174, 'ピエローヌ', NULL, NULL, 'pieroonu', NULL, NULL, NULL, 108, 125, 67, 59, 56, 67, 49, 60, 60, 11, 4, 4, 2, 2, 4, NULL),
(1175, 'ピエロン', NULL, NULL, 'pieron', NULL, NULL, NULL, 98, 128, 57, 60, 54, 56, 54, 62, 51, 22, 4, 2, 2, 2, 3, NULL),
(1176, 'ひが', NULL, NULL, 'higa', NULL, NULL, 18, 120, 89, 65, 49, 48, 49, 46, 44, 45, 80, 3, 4, 1, 2, 3, NULL),
(1177, 'ひかげ', NULL, NULL, 'hikage', NULL, NULL, 8, 119, 97, 53, 52, 53, 56, 54, 56, 54, 53, 2, 2, 1, 2, 3, NULL),
(1178, 'ひがさ', NULL, NULL, 'higasa', NULL, NULL, NULL, 110, 119, 57, 53, 54, 53, 52, 53, 53, 54, 2, 2, 1, 2, 3, NULL),
(1179, 'ひがし', NULL, NULL, 'higashi', NULL, NULL, NULL, 120, 99, 55, 56, 50, 44, 49, 57, 60, 60, 2, 4, 1, 2, 3, NULL),
(1180, 'ひきゃく', NULL, NULL, 'hikyaku', NULL, NULL, NULL, 118, 93, 52, 53, 58, 47, 52, 52, 54, 63, 1, 4, 1, 2, 3, NULL),
(1181, 'ひぐち', NULL, NULL, 'higuchi', NULL, NULL, NULL, 124, 105, 66, 60, 56, 64, 51, 61, 58, 32, 4, 4, 1, 2, 3, NULL),
(1182, 'ヒコ', NULL, NULL, 'hiko', NULL, NULL, NULL, 128, 93, 56, 57, 54, 54, 51, 61, 56, 21, 1, 1, 1, 2, 3, NULL),
(1183, 'ひさもと', NULL, NULL, 'hisamoto', NULL, NULL, NULL, 120, 116, 55, 51, 65, 44, 48, 56, 51, 63, 1, 2, 1, 2, 3, NULL),
(1184, 'ひじい', NULL, NULL, 'hijii', NULL, NULL, NULL, 130, 94, 62, 55, 53, 56, 53, 53, 54, 24, 3, 4, 1, 2, 7, NULL),
(1185, 'ひじかた', NULL, NULL, 'hijikata', NULL, NULL, NULL, 125, 110, 56, 56, 60, 61, 56, 62, 59, 22, 1, 3, 1, 2, 7, NULL),
(1186, 'びしゃもん', NULL, NULL, 'bishamon', NULL, NULL, NULL, 122, 99, 56, 53, 55, 54, 57, 56, 51, 42, 2, 4, 1, 2, 3, NULL),
(1187, 'ひじり', NULL, NULL, 'hijiri', NULL, NULL, NULL, 94, 133, 50, 53, 50, 48, 50, 53, 51, 63, 3, 1, 2, 2, 3, NULL),
(1188, 'ピスケス', NULL, NULL, 'pisukesu', NULL, NULL, NULL, 108, 105, 56, 57, 54, 67, 63, 56, 56, 11, 1, 4, 1, 2, 3, NULL),
(1189, 'ひつじ', NULL, NULL, 'hitsuji', NULL, NULL, 8, 119, 118, 45, 46, 44, 46, 59, 47, 48, 78, 4, 1, 1, 2, 3, NULL),
(1190, 'ヒデ', NULL, NULL, 'hide', NULL, NULL, NULL, 122, 91, 49, 56, 53, 61, 59, 57, 53, 46, 4, 3, 1, 2, 3, NULL),
(1191, 'ひでうち', NULL, NULL, 'hideuchi', NULL, NULL, NULL, 99, 126, 53, 56, 52, 59, 54, 56, 56, 26, 4, 2, 1, 2, 7, NULL),
(1192, 'ひでじま', NULL, NULL, 'hidejima', NULL, NULL, NULL, 91, 123, 56, 58, 50, 57, 53, 57, 57, 23, 1, 3, 1, 2, 3, NULL),
(1193, 'ひとだすけ', NULL, NULL, 'hitodasuke', NULL, NULL, 8, 125, 93, 48, 57, 51, 57, 52, 59, 46, 63, 4, 1, 1, 2, 4, NULL),
(1194, 'ひとみ', NULL, NULL, 'hitomi', NULL, NULL, NULL, 129, 98, 56, 57, 51, 57, 56, 63, 56, 35, 2, 2, 2, 2, 3, NULL),
(1195, 'ひとやなぎ', NULL, NULL, 'hitoyanagi', NULL, NULL, NULL, 120, 101, 45, 44, 47, 44, 56, 45, 46, 113, 2, 2, 1, 2, 3, NULL),
(1196, 'ひね', NULL, NULL, 'hine', NULL, NULL, NULL, 111, 96, 54, 57, 53, 54, 54, 55, 64, 32, 2, 3, 1, 2, 3, NULL),
(1197, 'ひびはら', NULL, NULL, 'hibihara', NULL, NULL, NULL, 126, 94, 53, 60, 44, 60, 56, 57, 53, 27, 3, 3, 1, 2, 3, NULL),
(1198, 'ひまわり', NULL, NULL, 'himawari', NULL, NULL, NULL, 120, 88, 55, 53, 61, 50, 45, 56, 56, 62, 1, 2, 1, 2, 7, NULL),
(1199, 'ひむろ', NULL, NULL, 'himuro', NULL, NULL, NULL, 111, 92, 57, 52, 52, 51, 53, 51, 53, 71, 3, 4, 1, 2, 3, NULL),
(1200, 'ひめみや', NULL, NULL, 'himemiya', NULL, NULL, NULL, 118, 99, 50, 38, 38, 51, 60, 56, 57, 75, 2, 3, 1, 2, 4, NULL),
(1201, 'ひゃっき', NULL, NULL, 'hyakki', NULL, NULL, NULL, 145, 73, 76, 82, 45, 57, 55, 39, 56, 15, 3, 4, 1, 2, 5, NULL),
(1202, 'びゃっこ', NULL, NULL, 'byakko', NULL, NULL, NULL, 130, 108, 66, 61, 47, 70, 60, 46, 64, 52, 1, 4, 1, 2, 3, NULL),
(1203, 'ひやま', NULL, NULL, 'hiyama', NULL, NULL, NULL, 91, 118, 44, 55, 56, 57, 56, 62, 51, 32, 4, 1, 1, 2, 3, NULL),
(1204, 'ひゅうが', NULL, NULL, 'hyuuga', NULL, NULL, NULL, 108, 113, 48, 52, 56, 50, 50, 46, 51, 72, 1, 2, 1, 2, 3, NULL),
(1205, 'ひょうご', NULL, NULL, 'hyougo', NULL, NULL, NULL, 118, 105, 47, 57, 61, 48, 53, 55, 54, 58, 2, 4, 1, 2, 7, NULL),
(1206, 'ひらいわ', NULL, NULL, 'hiraiwa', NULL, NULL, NULL, 99, 122, 56, 55, 51, 58, 50, 57, 53, 60, 4, 3, 1, 2, 3, NULL),
(1207, 'ひらが', NULL, NULL, 'hiraga', NULL, NULL, NULL, 135, 118, 39, 47, 63, 37, 50, 44, 50, 92, 3, 4, 1, 2, 3, NULL),
(1208, 'ひらさわ', NULL, NULL, 'hirasawa', NULL, NULL, NULL, 90, 132, 58, 53, 53, 59, 48, 60, 51, 27, 2, 2, 1, 2, 4, NULL),
(1209, 'ひらまつ', NULL, NULL, 'hiramatsu', NULL, NULL, NULL, 119, 95, 56, 56, 54, 57, 51, 58, 54, 37, 1, 3, 1, 2, 3, NULL),
(1210, 'ひらもと', NULL, NULL, 'hiramoto', NULL, NULL, NULL, 126, 91, 57, 58, 57, 57, 53, 63, 57, 34, 1, 1, 1, 2, 3, NULL),
(1211, 'ピラルク', NULL, NULL, 'piraruku', NULL, NULL, NULL, 109, 113, 46, 56, 59, 50, 54, 56, 56, 61, 1, 3, 1, 2, 3, NULL),
(1212, 'ひりゅう', NULL, NULL, 'hiryuu', NULL, NULL, 5, 93, 124, 57, 62, 57, 62, 51, 53, 56, 43, 2, 2, 1, 2, 7, NULL),
(1213, 'ひろあき', NULL, NULL, 'hiroaki', NULL, NULL, NULL, 111, 99, 49, 55, 59, 50, 51, 57, 57, 61, 3, 4, 1, 2, 3, NULL),
(1214, 'ヒロシ', NULL, NULL, 'hiroshi', NULL, NULL, NULL, 126, 101, 54, 62, 44, 60, 51, 60, 51, 29, 1, 2, 1, 2, 3, NULL),
(1215, 'ひろしま', NULL, NULL, 'hiroshima', NULL, NULL, NULL, 119, 97, 53, 54, 56, 53, 56, 51, 56, 53, 1, 1, 1, 2, 3, NULL),
(1216, 'ひろせ', NULL, NULL, 'hirose', NULL, NULL, NULL, 92, 110, 62, 56, 56, 59, 37, 57, 51, 62, 2, 2, 1, 2, 3, NULL),
(1217, 'ヒロト', NULL, NULL, 'hiroto', NULL, NULL, NULL, 111, 129, 71, 63, 67, 58, 69, 51, 60, 9, 3, 1, 1, 2, 1, NULL),
(1218, 'ひろべ', NULL, NULL, 'hirobe', NULL, NULL, NULL, 104, 120, 53, 57, 57, 56, 51, 51, 57, 43, 1, 3, 1, 2, 7, NULL),
(1219, 'ピンク', NULL, NULL, 'pinku', NULL, NULL, NULL, 104, 133, 57, 54, 65, 51, 56, 54, 67, 27, 1, 2, 2, 2, 3, NULL),
(1220, 'ピンクD', NULL, NULL, 'pinkuD', NULL, NULL, NULL, 115, 115, 53, 51, 67, 51, 54, 53, 49, 54, 1, 2, 2, 2, 3, NULL),
(1221, 'ピンクS', NULL, NULL, 'pinkuS', NULL, NULL, NULL, 103, 122, 51, 56, 67, 54, 51, 52, 48, 52, 1, 2, 2, 2, 3, NULL),
(1222, 'ファイル', NULL, NULL, 'fairu', NULL, NULL, 20, 121, 104, 58, 61, 70, 52, 55, 59, 70, 5, 3, 2, 1, 2, 3, NULL),
(1223, 'ファン', NULL, NULL, 'fan', NULL, NULL, NULL, 101, 120, 56, 56, 57, 54, 66, 57, 56, 11, 3, 1, 2, 2, 4, NULL),
(1224, 'フィレン', NULL, NULL, 'faren', NULL, NULL, NULL, 118, 113, 47, 57, 54, 55, 57, 44, 55, 59, 1, 3, 1, 2, 3, NULL),
(1225, 'ふうこ', NULL, NULL, 'fuuko', NULL, NULL, NULL, 78, 138, 57, 48, 51, 48, 48, 41, 53, 64, 2, 1, 2, 2, 3, NULL),
(1226, 'ふうじ', NULL, NULL, 'fuuji', NULL, NULL, NULL, 122, 120, 55, 57, 53, 53, 54, 55, 54, 42, 2, 2, 1, 2, 7, NULL),
(1227, 'ふうらい', NULL, NULL, 'fuurai', NULL, NULL, NULL, 121, 105, 56, 60, 62, 58, 62, 58, 57, 34, 1, 1, 1, 2, 3, NULL),
(1228, 'フェズ', NULL, NULL, 'fezu', NULL, NULL, NULL, 119, 105, 53, 57, 53, 53, 57, 41, 57, 55, 2, 1, 1, 2, 3, NULL),
(1229, 'フェニクス', NULL, NULL, 'fenikusu', NULL, NULL, NULL, 117, 130, 48, 66, 62, 65, 63, 65, 63, 2, 3, 2, 2, 2, 4, NULL),
(1230, 'フォース', NULL, NULL, 'foosu', NULL, NULL, NULL, 120, 91, 51, 56, 57, 54, 62, 57, 55, 35, 4, 4, 1, 2, 3, NULL),
(1231, 'ふかお', NULL, NULL, 'fukao', NULL, NULL, NULL, 91, 129, 56, 62, 56, 60, 66, 62, 56, 31, 3, 2, 1, 2, 3, NULL),
(1232, 'ふがく', NULL, NULL, 'fugaku', NULL, NULL, NULL, 122, 102, 62, 55, 53, 51, 54, 62, 53, 35, 2, 2, 1, 2, 7, NULL),
(1233, 'ふかみち', NULL, NULL, 'fukamichi', NULL, NULL, 8, 120, 103, 56, 56, 54, 58, 56, 53, 52, 40, 3, 2, 1, 2, 3, NULL),
(1234, 'ふかわ', NULL, NULL, 'fukawa', NULL, NULL, 8, 92, 116, 50, 51, 56, 51, 59, 57, 54, 36, 1, 2, 1, 2, 3, NULL),
(1235, 'ふき', NULL, NULL, 'fuki', NULL, NULL, 8, 114, 109, 49, 50, 53, 51, 54, 53, 57, 67, 2, 3, 1, 2, 3, NULL),
(1236, 'ふきいし', NULL, NULL, 'fukiishi', NULL, NULL, NULL, 116, 93, 54, 51, 52, 54, 56, 54, 52, 56, 3, 1, 1, 2, 3, NULL),
(1237, 'ふきこし', NULL, NULL, 'fukikoshi', NULL, NULL, NULL, 120, 86, 45, 45, 44, 47, 44, 46, 49, 106, 2, 3, 1, 2, 3, NULL),
(1238, 'ふくおか', NULL, NULL, 'fukuoka', NULL, NULL, NULL, 131, 108, 57, 52, 46, 46, 44, 53, 53, 67, 3, 2, 1, 2, 3, NULL),
(1239, 'ふくかわ', NULL, NULL, 'fukukawa', NULL, NULL, NULL, 85, 123, 57, 51, 57, 62, 45, 59, 56, 25, 4, 4, 2, 2, 3, NULL),
(1240, 'ふくし', NULL, NULL, 'fukushi', NULL, NULL, NULL, 134, 93, 48, 51, 53, 55, 62, 57, 53, 31, 4, 4, 1, 2, 3, NULL),
(1241, 'ふくしま', NULL, NULL, 'fukushima', NULL, NULL, NULL, 100, 130, 56, 53, 44, 48, 47, 53, 51, 59, 3, 4, 1, 2, 3, NULL),
(1242, 'ふくだ', NULL, NULL, 'fukuda', NULL, NULL, NULL, 120, 109, 56, 60, 57, 60, 55, 51, 53, 44, 2, 2, 1, 2, 3, NULL),
(1243, 'ふくつ', NULL, NULL, 'fukutsu', NULL, NULL, NULL, 120, 92, 53, 53, 51, 56, 58, 58, 54, 35, 1, 2, 1, 2, 3, NULL),
(1244, 'ふくどめ', NULL, NULL, 'fukudome', NULL, NULL, NULL, 75, 139, 48, 52, 48, 53, 47, 48, 50, 75, 1, 3, 2, 2, 7, NULL),
(1245, 'ふくろぐま', NULL, NULL, 'fukuroguma', NULL, NULL, NULL, 120, 92, 49, 51, 51, 54, 62, 46, 53, 55, 4, 2, 1, 2, 3, NULL),
(1246, 'ふくろさき', NULL, NULL, 'fukurosaki', NULL, NULL, NULL, 124, 105, 62, 59, 60, 62, 57, 57, 57, 15, 1, 4, 1, 2, 7, NULL),
(1247, 'ふしき', NULL, NULL, 'fushiki', NULL, NULL, NULL, 124, 100, 57, 60, 56, 61, 51, 56, 53, 31, 1, 3, 1, 2, 3, NULL),
(1248, 'ふじさき', NULL, NULL, 'fujisaki', NULL, NULL, NULL, 123, 99, 47, 53, 56, 57, 61, 57, 52, 33, 1, 3, 1, 2, 3, NULL),
(1249, 'ふじた', NULL, NULL, 'fujita', NULL, NULL, NULL, 119, 107, 57, 57, 60, 60, 62, 56, 37, 49, 1, 2, 1, 2, 3, NULL),
(1250, 'ふじなみ', NULL, NULL, 'fujinami', NULL, NULL, NULL, 91, 124, 44, 52, 56, 53, 66, 56, 56, 55, 2, 4, 1, 2, 3, NULL),
(1251, 'ふじむら', NULL, NULL, 'fujimura', NULL, NULL, NULL, 124, 102, 53, 56, 53, 56, 56, 52, 56, 52, 4, 1, 1, 2, 3, NULL),
(1252, 'ふじもと', NULL, NULL, 'fujimoto', NULL, NULL, NULL, 124, 91, 51, 50, 48, 56, 59, 56, 56, 57, 2, 2, 1, 2, 3, NULL),
(1253, 'ふじわら', NULL, NULL, 'fujiwara', NULL, NULL, 16, 119, 117, 53, 52, 51, 53, 55, 57, 54, 48, 3, 2, 1, 2, 3, NULL),
(1254, 'ふたせ', NULL, NULL, 'futase', NULL, NULL, 24, 104, 138, 57, 60, 60, 62, 62, 57, 59, 14, 1, 1, 2, 2, 16, NULL),
(1255, 'ふだな', NULL, NULL, 'fudana', NULL, NULL, 18, 122, 98, 56, 51, 51, 57, 50, 62, 52, 63, 2, 1, 1, 2, 3, NULL),
(1256, 'ブック', NULL, NULL, 'bukku', NULL, NULL, NULL, 119, 121, 60, 60, 58, 60, 60, 62, 60, 11, 2, 1, 2, 2, 16, NULL),
(1257, 'ブッチー', NULL, NULL, 'bucchii', NULL, NULL, 18, 120, 101, 65, 59, 59, 62, 45, 66, 62, 31, 4, 4, 1, 2, 3, NULL),
(1258, 'ふでた', NULL, NULL, 'fudeta', NULL, NULL, NULL, 99, 129, 47, 63, 44, 45, 45, 44, 47, 93, 4, 2, 1, 2, 3, NULL),
(1259, 'ふどう', NULL, NULL, 'fudou', NULL, NULL, NULL, 126, 130, 59, 78, 66, 58, 65, 53, 64, 9, 3, 2, 1, 2, 1, NULL),
(1260, 'ぶとうか', NULL, NULL, 'butouka', NULL, NULL, 32, 121, 97, 63, 57, 51, 87, 31, 59, 64, 16, 3, 2, 1, 2, 4, NULL),
(1261, 'ふどうやま', NULL, NULL, 'fudouyama', NULL, NULL, NULL, 125, 104, 65, 80, 39, 40, 66, 42, 56, 44, 4, 1, 1, 2, 16, NULL),
(1262, 'ふなだ', NULL, NULL, 'funada', NULL, NULL, NULL, 99, 135, 47, 42, 41, 53, 57, 57, 57, 72, 4, 2, 1, 2, 3, NULL),
(1263, 'ふなやま', NULL, NULL, 'funayama', NULL, NULL, NULL, 120, 100, 53, 56, 64, 57, 56, 57, 60, 35, 3, 1, 1, 2, 3, NULL),
(1264, 'ふぶき', NULL, NULL, 'fubuki', NULL, NULL, NULL, 120, 120, 68, 59, 64, 46, 77, 60, 50, 29, 1, 1, 1, 2, 2, 1265),
(1265, 'ふぶき', NULL, NULL, 'fubuki', NULL, NULL, NULL, 120, 120, 61, 59, 72, 59, 77, 62, 57, 7, 1, 1, 1, 2, 1, NULL),
(1266, 'ふみお', NULL, NULL, 'fumio', NULL, NULL, NULL, 117, 91, 60, 65, 62, 57, 49, 63, 57, 33, 4, 1, 1, 2, 3, NULL),
(1267, 'ふみづき', NULL, NULL, 'fumizuki', NULL, NULL, 5, 94, 93, 46, 50, 58, 57, 58, 55, 53, 26, 2, 4, 2, 2, 7, NULL),
(1268, 'ふやま', NULL, NULL, 'fuyama', NULL, NULL, NULL, 121, 108, 61, 65, 51, 62, 59, 64, 57, 34, 1, 3, 1, 2, 3, NULL),
(1269, 'ふゆか', NULL, NULL, 'fuyuka', NULL, NULL, 10, 109, 137, 40, 50, 60, 72, 58, 48, 58, 46, 2, 3, 2, 2, 16, NULL),
(1270, 'プラチナ', NULL, NULL, 'purachina', NULL, NULL, NULL, 103, 116, 51, 56, 56, 51, 57, 56, 51, 47, 4, 2, 1, 2, 3, NULL),
(1271, 'ふらの', NULL, NULL, 'furano', NULL, NULL, NULL, 99, 130, 60, 51, 53, 54, 57, 62, 52, 22, 2, 1, 1, 2, 3, NULL),
(1272, 'フラミンゴ', NULL, NULL, 'furamingo', NULL, NULL, 5, 119, 97, 46, 56, 57, 56, 60, 56, 53, 33, 1, 3, 1, 2, 7, NULL),
(1273, 'ぷりん', NULL, NULL, 'purin', NULL, NULL, NULL, 120, 115, 51, 60, 54, 56, 53, 54, 54, 40, 4, 3, 1, 2, 3, NULL),
(1274, 'プリンス', NULL, NULL, 'purinsu', NULL, NULL, NULL, 122, 96, 47, 53, 53, 51, 58, 61, 56, 36, 1, 4, 1, 2, 3, NULL),
(1275, 'プリンセス', NULL, NULL, 'purinsesu', NULL, NULL, 5, 117, 129, 62, 58, 60, 60, 59, 57, 62, 14, 2, 1, 2, 2, 7, NULL),
(1276, 'ふるいち', NULL, NULL, 'furuichi', NULL, NULL, NULL, 110, 108, 60, 57, 58, 62, 47, 60, 56, 34, 4, 4, 1, 2, 3, NULL),
(1277, 'ブルー', NULL, NULL, 'buruu', NULL, NULL, NULL, 117, 101, 54, 66, 56, 55, 53, 51, 67, 37, 1, 2, 1, 2, 3, NULL),
(1278, 'ブルーD', NULL, NULL, 'buruuD', NULL, NULL, NULL, 120, 93, 57, 67, 51, 51, 60, 62, 46, 51, 1, 2, 1, 2, 3, NULL),
(1279, 'ブルーS', NULL, NULL, 'buruuS', NULL, NULL, NULL, 99, 137, 53, 67, 55, 54, 59, 59, 50, 53, 1, 2, 1, 2, 3, NULL),
(1280, 'ふるはた', NULL, NULL, 'furuhata', NULL, NULL, NULL, 108, 117, 56, 54, 53, 51, 51, 51, 56, 55, 4, 2, 1, 2, 3, NULL),
(1281, 'ふるふみ', NULL, NULL, 'furufumi', NULL, NULL, NULL, 93, 116, 61, 54, 46, 50, 46, 57, 57, 62, 1, 1, 1, 2, 3, NULL),
(1282, 'ふるや', NULL, NULL, 'furuya', NULL, NULL, NULL, 118, 96, 59, 54, 56, 60, 38, 51, 56, 62, 3, 2, 1, 2, 3, NULL),
(1283, 'ふるやま', NULL, NULL, 'furuyama', NULL, NULL, NULL, 99, 127, 62, 51, 51, 41, 53, 53, 67, 36, 3, 4, 1, 2, 3, NULL),
(1284, 'プロモ', NULL, NULL, 'puromo', NULL, NULL, NULL, 126, 106, 62, 62, 63, 62, 68, 58, 75, 3, 4, 2, 1, 2, 3, NULL),
(1285, 'ぶんちゃん', NULL, NULL, 'bunchan', NULL, NULL, 5, 119, 111, 53, 48, 51, 55, 53, 42, 49, 78, 4, 4, 1, 2, 7, NULL),
(1286, 'へいたい', NULL, NULL, 'heitai', NULL, NULL, NULL, 145, 103, 41, 88, 46, 49, 67, 71, 60, 8, 2, 2, 1, 2, 3, NULL),
(1287, 'へじま', NULL, NULL, 'hejima', NULL, NULL, 5, 99, 128, 54, 60, 57, 59, 62, 66, 59, 33, 2, 2, 1, 2, 7, NULL),
(1288, 'ヘッド', NULL, NULL, 'heddo', NULL, NULL, NULL, 130, 88, 66, 66, 53, 60, 62, 65, 66, 37, 3, 1, 1, 2, 5, NULL),
(1289, 'ヘッドホン', NULL, NULL, 'heddohon', NULL, NULL, NULL, 96, 134, 48, 51, 53, 51, 65, 41, 51, 53, 1, 1, 1, 2, 3, NULL),
(1290, 'へりかわ', NULL, NULL, 'herikawa', NULL, NULL, NULL, 119, 101, 60, 52, 51, 61, 36, 60, 56, 58, 2, 4, 1, 2, 3, NULL);
INSERT INTO `player` (`player_id`, `player_name_ja`, `player_name_hiragana`, `player_name_kanji`, `player_name_romanji`, `player_name_en`, `player_name_en_full`, `player_initial_lv`, `player_gp_99`, `player_tp_99`, `player_kick_99`, `player_body_99`, `player_control_99`, `player_guard_99`, `player_speed_99`, `player_stamina_99`, `player_guts_99`, `player_freedom_99`, `attri_id`, `positi_id`, `gender_id`, `body_type_id`, `player_obtention_method_id`, `original_version`) VALUES
(1291, 'ベルリン', NULL, NULL, 'berurin', NULL, NULL, NULL, 115, 118, 46, 55, 63, 46, 52, 51, 56, 62, 4, 4, 1, 2, 3, NULL),
(1292, 'べんてん', NULL, NULL, 'benten', NULL, NULL, NULL, 117, 107, 56, 51, 56, 56, 53, 54, 54, 42, 1, 4, 1, 2, 4, NULL),
(1293, 'ぼうさこ', NULL, NULL, 'bousako', NULL, NULL, NULL, 111, 103, 47, 56, 56, 47, 53, 55, 56, 62, 2, 4, 1, 2, 7, NULL),
(1294, 'ほうじょう', NULL, NULL, 'houjou', NULL, NULL, NULL, 91, 118, 41, 49, 46, 44, 51, 52, 44, 103, 4, 1, 1, 2, 3, NULL),
(1295, 'ほうば', NULL, NULL, 'houba', NULL, NULL, NULL, 91, 134, 57, 52, 60, 56, 51, 36, 54, 72, 1, 3, 1, 2, 3, NULL),
(1296, 'ほうらい', NULL, NULL, 'hourai', NULL, NULL, NULL, 124, 96, 48, 55, 56, 45, 54, 56, 57, 60, 3, 4, 1, 2, 3, NULL),
(1297, 'ほうれん', NULL, NULL, 'houren', NULL, NULL, 8, 94, 112, 56, 57, 51, 54, 51, 57, 56, 27, 3, 4, 1, 2, 3, NULL),
(1298, 'ほしみ', NULL, NULL, 'hoshimi', NULL, NULL, NULL, 99, 124, 57, 56, 57, 56, 51, 52, 53, 53, 1, 4, 1, 2, 3, NULL),
(1299, 'ほそい', NULL, NULL, 'hosoi', NULL, NULL, NULL, 131, 96, 46, 41, 41, 54, 59, 53, 57, 74, 1, 4, 1, 2, 3, NULL),
(1300, 'ほそえ', NULL, NULL, 'hosoe', NULL, NULL, NULL, 101, 117, 44, 53, 51, 56, 65, 51, 56, 63, 4, 2, 1, 2, 3, NULL),
(1301, 'ほそだ', NULL, NULL, 'hosoda', NULL, NULL, NULL, 120, 94, 44, 57, 56, 48, 51, 57, 56, 61, 1, 2, 1, 2, 3, NULL),
(1302, 'ほそみち', NULL, NULL, 'hosomichi', NULL, NULL, NULL, 94, 121, 49, 57, 53, 51, 60, 57, 51, 61, 4, 3, 1, 2, 3, NULL),
(1303, 'ほそや', NULL, NULL, 'hosoya', NULL, NULL, 8, 120, 91, 45, 46, 57, 50, 47, 50, 51, 73, 4, 3, 1, 2, 3, NULL),
(1304, 'ほっかい', NULL, NULL, 'hokkai', NULL, NULL, NULL, 91, 126, 53, 60, 44, 62, 57, 60, 54, 22, 4, 4, 1, 2, 3, NULL),
(1305, 'ほった', NULL, NULL, 'hotta', NULL, NULL, NULL, 118, 91, 51, 60, 46, 60, 57, 56, 53, 28, 2, 4, 1, 2, 3, NULL),
(1306, 'ほてい', NULL, NULL, 'hotei', NULL, NULL, NULL, 116, 97, 56, 57, 53, 56, 53, 51, 53, 36, 4, 1, 1, 2, 3, NULL),
(1307, 'ポテト', NULL, NULL, 'poteto', NULL, NULL, NULL, 133, 91, 53, 65, 51, 58, 53, 51, 51, 49, 1, 2, 1, 2, 7, NULL),
(1308, 'ほとけ', NULL, NULL, 'hotoke', NULL, NULL, NULL, 122, 94, 48, 65, 48, 48, 45, 47, 65, 72, 2, 3, 1, 2, 3, NULL),
(1309, 'ほとはら', NULL, NULL, 'hotohara', NULL, NULL, NULL, 106, 126, 50, 46, 44, 53, 60, 51, 54, 68, 1, 2, 1, 2, 7, NULL),
(1310, 'ボニー', NULL, NULL, 'bonii', NULL, NULL, 20, 93, 126, 60, 59, 62, 64, 49, 65, 56, 16, 4, 4, 2, 2, 3, NULL),
(1311, 'ホリー', NULL, NULL, 'horii', NULL, NULL, NULL, 104, 134, 57, 65, 58, 67, 60, 61, 59, 5, 3, 3, 2, 2, 5, NULL),
(1312, 'ほりえ', NULL, NULL, 'horie', NULL, NULL, NULL, 124, 100, 53, 52, 55, 51, 58, 60, 57, 36, 4, 2, 1, 2, 3, NULL),
(1313, 'ほりき', NULL, NULL, 'horiki', NULL, NULL, NULL, 99, 136, 53, 53, 51, 56, 54, 56, 55, 33, 1, 1, 1, 2, 3, NULL),
(1314, 'ほりぐち', NULL, NULL, 'horiguchi', NULL, NULL, 18, 94, 132, 40, 44, 45, 50, 51, 50, 46, 100, 2, 1, 1, 2, 3, NULL),
(1315, 'ほりたか', NULL, NULL, 'horitaka', NULL, NULL, NULL, 121, 94, 57, 60, 47, 62, 56, 60, 52, 25, 3, 1, 1, 2, 3, NULL),
(1316, 'ポルテ', NULL, NULL, 'porute', NULL, NULL, NULL, 96, 117, 51, 59, 63, 50, 51, 50, 63, 18, 1, 2, 2, 2, 3, NULL),
(1317, 'ほんごう', NULL, NULL, 'hongou', NULL, NULL, NULL, 97, 126, 51, 46, 45, 62, 61, 60, 58, 33, 2, 1, 2, 2, 3, NULL),
(1318, 'ぽんた', NULL, NULL, 'ponta', NULL, NULL, NULL, 131, 105, 51, 52, 48, 44, 50, 55, 51, 80, 4, 2, 1, 2, 3, NULL),
(1319, 'ぼんてん', NULL, NULL, 'bonten', NULL, NULL, NULL, 117, 109, 50, 53, 59, 46, 56, 56, 57, 61, 2, 2, 1, 2, 7, NULL),
(1320, 'まぁ', NULL, NULL, 'maa', NULL, NULL, 8, 125, 114, 45, 78, 40, 43, 42, 40, 43, 81, 1, 2, 2, 2, 3, NULL),
(1321, 'マーサ', NULL, NULL, 'maasa', NULL, NULL, 5, 118, 123, 49, 51, 48, 48, 50, 58, 57, 50, 2, 3, 2, 2, 7, NULL),
(1322, 'マーにゃん', NULL, NULL, 'maanyan', NULL, NULL, 4, 138, 94, 56, 60, 56, 66, 62, 58, 60, 12, 3, 1, 2, 2, 5, NULL),
(1323, 'マイカ', NULL, NULL, 'maika', NULL, NULL, 18, 118, 109, 56, 49, 44, 61, 60, 56, 56, 43, 3, 2, 1, 2, 3, NULL),
(1324, 'まいか', NULL, NULL, 'maika', NULL, NULL, 10, 96, 122, 51, 54, 54, 53, 51, 56, 53, 44, 1, 2, 2, 2, 7, NULL),
(1325, 'まいこ', NULL, NULL, 'maiko', NULL, NULL, 10, 103, 114, 63, 77, 53, 45, 54, 57, 50, 16, 4, 1, 2, 2, 16, NULL),
(1326, 'まいたに', NULL, NULL, 'maitani', NULL, NULL, 8, 131, 97, 57, 54, 53, 57, 39, 60, 54, 59, 1, 2, 1, 2, 3, NULL),
(1327, 'まいたん', NULL, NULL, 'maitan', NULL, NULL, 10, 122, 97, 47, 54, 60, 50, 56, 57, 57, 27, 4, 1, 1, 2, 3, NULL),
(1328, 'まいづる', NULL, NULL, 'maizuru', NULL, NULL, 10, 118, 93, 65, 51, 51, 53, 51, 55, 56, 55, 2, 4, 1, 2, 7, NULL),
(1329, 'まいひめ', NULL, NULL, 'maihime', NULL, NULL, 16, 107, 122, 59, 60, 55, 56, 57, 46, 49, 18, 4, 1, 2, 2, 4, NULL),
(1330, 'マイマイ', NULL, NULL, 'maimai', NULL, NULL, 5, 106, 124, 62, 51, 56, 60, 39, 58, 67, 22, 2, 2, 2, 2, 7, NULL),
(1331, 'まえぞの', NULL, NULL, 'maezono', NULL, NULL, 16, 90, 129, 53, 54, 49, 45, 49, 53, 54, 78, 3, 3, 1, 2, 3, NULL),
(1332, 'まお', NULL, NULL, 'mao', NULL, NULL, 16, 91, 129, 53, 54, 50, 46, 50, 55, 52, 52, 1, 3, 2, 2, 3, NULL),
(1333, 'まきぐち', NULL, NULL, 'makiguchi', NULL, NULL, 8, 120, 103, 46, 49, 46, 44, 47, 50, 44, 97, 2, 2, 1, 2, 3, NULL),
(1334, 'まきば', NULL, NULL, 'makiba', NULL, NULL, 16, 118, 100, 51, 56, 53, 51, 57, 54, 53, 54, 2, 2, 1, 2, 3, NULL),
(1335, 'まきびし', NULL, NULL, 'makibishi', NULL, NULL, 4, 102, 87, 36, 33, 86, 56, 97, 57, 55, 13, 4, 3, 1, 2, 5, NULL),
(1336, 'マサ', NULL, NULL, 'masa', NULL, NULL, 5, 138, 101, 56, 54, 54, 56, 57, 60, 54, 31, 4, 3, 1, 2, 7, NULL),
(1337, 'まさいけ', NULL, NULL, 'masaike', NULL, NULL, 4, 118, 93, 60, 54, 51, 56, 44, 60, 56, 44, 1, 1, 1, 2, 5, NULL),
(1338, 'まさおか', NULL, NULL, 'masaoka', NULL, NULL, 20, 125, 102, 56, 53, 52, 57, 54, 62, 56, 25, 2, 2, 1, 2, 3, NULL),
(1339, 'まさき', NULL, NULL, 'masaki', NULL, NULL, NULL, 102, 126, 49, 56, 57, 56, 55, 55, 56, 30, 2, 1, 2, 2, 16, NULL),
(1340, 'まさご', NULL, NULL, 'masago', NULL, NULL, 5, 130, 102, 42, 66, 39, 62, 38, 67, 40, 71, 3, 4, 1, 2, 7, NULL),
(1341, 'まさと', NULL, NULL, 'masato', NULL, NULL, 5, 127, 110, 70, 60, 76, 67, 62, 54, 58, 5, 3, 1, 1, 2, 2, NULL),
(1342, 'ますかわ', NULL, NULL, 'masukawa', NULL, NULL, 18, 135, 89, 50, 48, 56, 45, 46, 46, 51, 75, 2, 4, 1, 2, 3, NULL),
(1343, 'ますだ', NULL, NULL, 'masuda', NULL, NULL, 10, 122, 97, 51, 52, 57, 52, 57, 52, 56, 62, 4, 4, 1, 2, 3, NULL),
(1344, 'まちだ', NULL, NULL, 'machida', NULL, NULL, NULL, 127, 87, 44, 48, 48, 44, 45, 65, 48, 69, 3, 3, 1, 2, 3, NULL),
(1345, 'まちの', NULL, NULL, 'machino', NULL, NULL, NULL, 115, 102, 44, 56, 64, 47, 56, 53, 56, 58, 1, 4, 1, 2, 3, NULL),
(1346, 'まつうら', NULL, NULL, 'matsuura', NULL, NULL, NULL, 120, 100, 53, 56, 51, 56, 56, 51, 53, 66, 1, 3, 1, 2, 3, NULL),
(1347, 'まつおか', NULL, NULL, 'matsuoka', NULL, NULL, NULL, 93, 123, 51, 56, 64, 56, 56, 53, 53, 24, 4, 1, 1, 2, 3, NULL),
(1348, 'マックス', NULL, NULL, 'makkusu', NULL, NULL, 10, 125, 127, 51, 56, 72, 64, 60, 56, 57, 22, 1, 1, 1, 2, 16, NULL),
(1349, 'まつくら', NULL, NULL, 'matsukura', NULL, NULL, 5, 105, 126, 56, 56, 55, 56, 53, 57, 52, 43, 4, 2, 1, 2, 7, NULL),
(1350, 'まつした', NULL, NULL, 'matsushita', NULL, NULL, 5, 126, 98, 50, 60, 50, 46, 48, 61, 59, 35, 4, 2, 1, 2, 7, NULL),
(1351, 'まつだ', NULL, NULL, 'matsuda', NULL, NULL, NULL, 122, 91, 45, 51, 51, 56, 59, 62, 54, 36, 4, 3, 1, 2, 3, NULL),
(1352, 'まつたに', NULL, NULL, 'matsutani', NULL, NULL, NULL, 85, 133, 47, 53, 53, 44, 47, 51, 51, 74, 4, 3, 2, 2, 3, NULL),
(1353, 'マッハ', NULL, NULL, 'mahha', NULL, NULL, NULL, 117, 99, 51, 56, 56, 54, 67, 65, 50, 45, 1, 1, 1, 2, 4, NULL),
(1354, 'まつばら', NULL, NULL, 'matsubara', NULL, NULL, 8, 119, 101, 57, 52, 56, 56, 63, 62, 51, 28, 3, 4, 1, 2, 3, NULL),
(1355, 'まつむら', NULL, NULL, 'matsumura', NULL, NULL, NULL, 99, 130, 46, 51, 51, 56, 60, 56, 51, 30, 2, 3, 2, 2, 3, NULL),
(1356, 'まづめ', NULL, NULL, 'mazume', NULL, NULL, NULL, 91, 116, 60, 51, 57, 51, 51, 56, 56, 29, 3, 2, 1, 2, 7, NULL),
(1357, 'マトりん', NULL, NULL, 'matorin', NULL, NULL, NULL, 114, 117, 55, 53, 53, 53, 51, 59, 50, 33, 3, 3, 2, 2, 3, NULL),
(1358, 'まなか', NULL, NULL, 'manaka', NULL, NULL, NULL, 120, 102, 53, 57, 52, 56, 53, 56, 66, 30, 1, 1, 1, 2, 3, NULL),
(1359, 'まなせ', NULL, NULL, 'manase', NULL, NULL, NULL, 121, 87, 48, 51, 54, 50, 51, 67, 50, 67, 4, 2, 1, 2, 3, NULL),
(1360, 'まに', NULL, NULL, 'mani', NULL, NULL, 14, 128, 98, 60, 55, 52, 60, 58, 56, 52, 25, 3, 1, 1, 2, 3, NULL),
(1361, 'まの', NULL, NULL, 'mano', NULL, NULL, NULL, 121, 97, 47, 53, 51, 53, 62, 57, 55, 45, 3, 1, 1, 2, 3, NULL),
(1362, 'まほうじん', NULL, NULL, 'mahoujin', NULL, NULL, NULL, 88, 138, 64, 58, 56, 57, 44, 47, 54, 30, 1, 1, 1, 2, 3, NULL),
(1363, 'ままだ', NULL, NULL, 'mamada', NULL, NULL, NULL, 120, 120, 50, 46, 47, 53, 54, 57, 51, 68, 3, 2, 1, 2, 3, NULL),
(1364, 'マミー', NULL, NULL, 'mamii', NULL, NULL, NULL, 128, 93, 48, 54, 50, 50, 40, 67, 39, 84, 2, 2, 2, 2, 3, NULL),
(1365, 'まみや', NULL, NULL, 'mamiya', NULL, NULL, NULL, 122, 95, 51, 56, 48, 45, 44, 53, 53, 91, 1, 3, 1, 2, 3, NULL),
(1366, 'まめは', NULL, NULL, 'mameha', NULL, NULL, NULL, 122, 100, 62, 66, 54, 67, 60, 60, 59, 10, 3, 3, 1, 2, 5, NULL),
(1367, 'まゆみ', NULL, NULL, 'mayumi', NULL, NULL, NULL, 95, 132, 57, 58, 51, 53, 53, 61, 57, 33, 1, 1, 2, 2, 7, NULL),
(1368, 'まりむ', NULL, NULL, 'marimu', NULL, NULL, NULL, 109, 117, 61, 56, 56, 53, 55, 56, 56, 34, 3, 1, 2, 2, 3, NULL),
(1369, 'まるお', NULL, NULL, 'maruo', NULL, NULL, NULL, 91, 130, 53, 57, 48, 62, 56, 57, 54, 25, 3, 3, 2, 2, 3, NULL),
(1370, 'マルシャ', NULL, NULL, 'marusha', NULL, NULL, NULL, 106, 114, 56, 55, 56, 66, 61, 57, 54, 11, 1, 3, 2, 2, 4, NULL),
(1371, 'まるめ', NULL, NULL, 'marume', NULL, NULL, NULL, 130, 103, 51, 49, 50, 51, 50, 63, 49, 66, 3, 3, 1, 2, 4, NULL),
(1372, 'まるわ', NULL, NULL, 'maruwa', NULL, NULL, NULL, 123, 101, 57, 56, 56, 57, 41, 59, 56, 60, 4, 1, 1, 2, 3, NULL),
(1373, 'まんげつ', NULL, NULL, 'mangetsu', NULL, NULL, NULL, 107, 110, 47, 55, 61, 48, 56, 51, 57, 60, 4, 3, 1, 2, 3, NULL),
(1374, 'まんじ', NULL, NULL, 'manji', NULL, NULL, NULL, 120, 94, 46, 53, 57, 54, 60, 56, 56, 34, 3, 2, 1, 2, 3, NULL),
(1375, 'みあい', NULL, NULL, 'miai', NULL, NULL, NULL, 128, 140, 51, 52, 51, 50, 58, 48, 51, 37, 4, 1, 2, 2, 3, NULL),
(1376, 'みーや', NULL, NULL, 'miiya', NULL, NULL, NULL, 103, 134, 74, 41, 45, 46, 47, 40, 40, 79, 3, 1, 2, 2, 3, NULL),
(1377, 'みう', NULL, NULL, 'miu', NULL, NULL, NULL, 107, 127, 58, 63, 56, 61, 60, 56, 60, 19, 3, 1, 2, 2, 5, NULL),
(1378, 'みえ', NULL, NULL, 'mie', NULL, NULL, 8, 120, 85, 65, 51, 47, 44, 50, 53, 56, 63, 4, 2, 1, 2, 3, NULL),
(1379, 'みかん', NULL, NULL, 'mikan', NULL, NULL, NULL, 91, 136, 51, 51, 48, 48, 48, 53, 46, 74, 3, 2, 2, 2, 3, NULL),
(1380, 'みき', NULL, NULL, 'miki', NULL, NULL, NULL, 133, 90, 46, 44, 44, 45, 49, 44, 48, 105, 4, 1, 1, 2, 3, NULL),
(1381, 'みきお', NULL, NULL, 'mikio', NULL, NULL, NULL, 94, 119, 58, 60, 52, 56, 51, 53, 51, 61, 4, 1, 1, 2, 3, NULL),
(1382, 'みきた', NULL, NULL, 'mikita', NULL, NULL, NULL, 118, 102, 62, 56, 56, 57, 40, 56, 55, 50, 3, 2, 1, 2, 3, NULL),
(1383, 'みくに', NULL, NULL, 'mikuni', NULL, NULL, NULL, 101, 115, 45, 51, 57, 51, 60, 51, 56, 62, 2, 4, 1, 2, 3, NULL),
(1384, 'みずかみ', NULL, NULL, 'mizukami', NULL, NULL, NULL, 125, 97, 54, 62, 48, 56, 57, 64, 56, 26, 1, 1, 1, 2, 3, NULL),
(1385, 'みずくさ', NULL, NULL, 'mizukusa', NULL, NULL, NULL, 100, 117, 52, 56, 53, 57, 56, 55, 55, 39, 1, 1, 1, 2, 3, NULL),
(1386, 'みずはら', NULL, NULL, 'mizuhara', NULL, NULL, NULL, 122, 91, 46, 53, 57, 52, 59, 56, 54, 61, 3, 1, 1, 2, 7, NULL),
(1387, 'みずまき', NULL, NULL, 'mizumaki', NULL, NULL, 8, 128, 115, 48, 48, 50, 66, 47, 49, 62, 54, 2, 2, 1, 2, 3, NULL),
(1388, 'みずわたり', NULL, NULL, 'mizuwatari', NULL, NULL, NULL, 131, 90, 46, 45, 48, 49, 50, 50, 63, 75, 1, 3, 1, 2, 3, NULL),
(1389, 'みたま', NULL, NULL, 'mitama', NULL, NULL, NULL, 121, 100, 45, 42, 36, 56, 65, 53, 55, 73, 3, 3, 1, 2, 3, NULL),
(1390, 'みちる', NULL, NULL, 'michiru', NULL, NULL, NULL, 109, 112, 49, 51, 59, 57, 53, 52, 57, 64, 4, 4, 1, 2, 3, NULL),
(1391, 'みつき', NULL, NULL, 'mitsuki', NULL, NULL, 8, 122, 107, 45, 46, 59, 46, 59, 50, 51, 79, 4, 2, 1, 2, 3, NULL),
(1392, 'みつしま', NULL, NULL, 'mitsushima', NULL, NULL, NULL, 124, 112, 54, 56, 44, 48, 45, 55, 53, 70, 2, 4, 1, 2, 3, NULL),
(1393, 'みつば', NULL, NULL, 'mitsuba', NULL, NULL, NULL, 131, 99, 47, 55, 54, 57, 59, 51, 52, 59, 1, 3, 1, 2, 7, NULL),
(1394, 'みと', NULL, NULL, 'mito', NULL, NULL, NULL, 119, 111, 53, 53, 54, 51, 53, 56, 51, 51, 2, 1, 1, 2, 3, NULL),
(1395, 'みどりかわ', NULL, NULL, 'midorikawa', NULL, NULL, NULL, 121, 102, 60, 57, 56, 54, 51, 56, 57, 22, 1, 2, 1, 2, 3, NULL),
(1396, 'みどりかわ', NULL, NULL, 'midorikawa', NULL, NULL, NULL, 125, 124, 63, 59, 79, 56, 71, 55, 62, 14, 2, 2, 1, 2, 16, NULL),
(1397, 'みどりまげ', NULL, NULL, 'midorimage', NULL, NULL, NULL, 131, 98, 62, 62, 44, 62, 45, 46, 45, 60, 4, 3, 1, 2, 3, NULL),
(1398, 'みなみ', NULL, NULL, 'minami', NULL, NULL, NULL, 77, 142, 50, 48, 51, 54, 51, 41, 67, 46, 3, 4, 2, 2, 5, NULL),
(1399, 'みなみしま', NULL, NULL, 'minamishima', NULL, NULL, NULL, 121, 86, 46, 49, 54, 46, 47, 53, 50, 77, 2, 2, 1, 2, 7, NULL),
(1400, 'みなもと', NULL, NULL, 'minamoto', NULL, NULL, NULL, 119, 91, 52, 51, 57, 56, 54, 53, 53, 35, 1, 4, 1, 2, 3, NULL),
(1401, 'みぶ', NULL, NULL, 'mibu', NULL, NULL, NULL, 119, 114, 54, 59, 51, 56, 56, 54, 53, 51, 4, 4, 1, 2, 3, NULL),
(1402, 'みむら', NULL, NULL, 'mimura', NULL, NULL, NULL, 122, 93, 60, 56, 54, 56, 54, 57, 54, 26, 2, 3, 1, 2, 3, NULL),
(1403, 'みやぎ', NULL, NULL, 'miyagi', NULL, NULL, NULL, 120, 109, 53, 61, 56, 59, 53, 56, 56, 31, 3, 3, 1, 2, 3, NULL),
(1404, 'みやきた', NULL, NULL, 'miyakita', NULL, NULL, NULL, 123, 95, 56, 60, 48, 61, 53, 56, 51, 26, 2, 2, 1, 2, 7, NULL),
(1405, 'みやさか', NULL, NULL, 'miyasaka', NULL, NULL, 8, 127, 114, 55, 48, 47, 61, 65, 58, 59, 32, 1, 3, 1, 2, 3, NULL),
(1406, 'みやざき', NULL, NULL, 'miyazaki', NULL, NULL, NULL, 136, 91, 51, 58, 48, 56, 51, 57, 53, 59, 2, 3, 1, 2, 3, NULL),
(1407, 'みやち', NULL, NULL, 'miyachi', NULL, NULL, NULL, 91, 129, 56, 57, 46, 59, 51, 57, 56, 42, 3, 4, 1, 2, 3, NULL),
(1408, 'みやなが', NULL, NULL, 'miyanaga', NULL, NULL, NULL, 119, 105, 63, 54, 59, 44, 53, 51, 54, 61, 3, 3, 1, 2, 3, NULL),
(1409, 'みやまる', NULL, NULL, 'miyamaru', NULL, NULL, NULL, 116, 118, 53, 51, 57, 54, 56, 53, 51, 34, 4, 4, 1, 2, 3, NULL),
(1410, 'ミラノ', NULL, NULL, 'mirano', NULL, NULL, NULL, 99, 128, 60, 46, 60, 48, 63, 51, 41, 41, 2, 2, 1, 2, 4, NULL),
(1411, 'ミルク', NULL, NULL, 'miruku', NULL, NULL, NULL, 99, 94, 57, 53, 52, 56, 48, 51, 50, 78, 2, 2, 2, 2, 3, NULL),
(1412, 'みろく', NULL, NULL, 'miroku', NULL, NULL, NULL, 122, 100, 56, 56, 56, 58, 39, 57, 55, 46, 2, 2, 1, 2, 3, NULL),
(1413, 'みわ', NULL, NULL, 'miwa', NULL, NULL, NULL, 109, 119, 57, 56, 57, 53, 57, 55, 55, 44, 1, 2, 2, 2, 4, NULL),
(1414, 'むかいの', NULL, NULL, 'mukaino', NULL, NULL, NULL, 122, 100, 47, 53, 53, 51, 57, 60, 51, 50, 2, 3, 1, 2, 3, NULL),
(1415, 'むくお', NULL, NULL, 'mukuo', NULL, NULL, NULL, 91, 127, 51, 60, 45, 56, 57, 57, 53, 62, 2, 2, 1, 2, 3, NULL),
(1416, 'むくと', NULL, NULL, 'mukuto', NULL, NULL, NULL, 121, 91, 49, 56, 51, 56, 60, 59, 57, 32, 2, 2, 1, 2, 7, NULL),
(1417, 'むそう', NULL, NULL, 'musou', NULL, NULL, NULL, 94, 117, 59, 56, 56, 54, 56, 62, 60, 22, 3, 1, 1, 2, 3, NULL),
(1418, 'むつ', NULL, NULL, 'mutsu', NULL, NULL, NULL, 101, 124, 39, 38, 67, 39, 43, 41, 41, 117, 4, 1, 1, 2, 3, NULL),
(1419, 'むつやま', NULL, NULL, 'mutsuyama', NULL, NULL, NULL, 122, 91, 57, 60, 47, 56, 53, 60, 56, 35, 4, 3, 1, 2, 3, NULL),
(1420, 'ムラーベ', NULL, NULL, 'muraabe', NULL, NULL, NULL, 120, 114, 46, 49, 47, 51, 50, 53, 52, 78, 2, 3, 1, 2, 3, NULL),
(1421, 'むらかみ', NULL, NULL, 'murakami', NULL, NULL, NULL, 101, 122, 57, 66, 59, 64, 59, 57, 62, 2, 1, 3, 2, 2, 7, NULL),
(1422, 'むらこし', NULL, NULL, 'murakoshi', NULL, NULL, NULL, 120, 100, 62, 65, 57, 65, 62, 63, 60, 7, 2, 2, 1, 2, 3, NULL),
(1423, 'むらやま', NULL, NULL, 'murayama', NULL, NULL, NULL, 111, 93, 63, 56, 56, 57, 52, 53, 53, 50, 4, 3, 1, 2, 3, NULL),
(1424, 'むろう', NULL, NULL, 'murou', NULL, NULL, NULL, 120, 99, 59, 50, 48, 49, 45, 47, 48, 86, 2, 1, 1, 2, 3, NULL),
(1425, 'メアリー', NULL, NULL, 'mearii', NULL, NULL, NULL, 80, 138, 51, 62, 46, 59, 54, 59, 51, 22, 3, 1, 2, 2, 3, NULL),
(1426, 'めいきょう', NULL, NULL, 'meikyou', NULL, NULL, NULL, 133, 105, 52, 56, 52, 56, 56, 51, 53, 58, 4, 3, 1, 2, 3, NULL),
(1427, 'メイジ', NULL, NULL, 'meiji', NULL, NULL, NULL, 74, 155, 56, 58, 53, 58, 56, 50, 56, 21, 2, 3, 2, 2, 4, NULL),
(1428, 'メガネ', NULL, NULL, 'megane', NULL, NULL, 29, 98, 144, 56, 51, 68, 57, 56, 53, 60, 22, 2, 1, 1, 2, 16, NULL),
(1429, 'めぐろ', NULL, NULL, 'meguro', NULL, NULL, NULL, 120, 110, 41, 43, 41, 41, 43, 41, 36, 135, 3, 3, 1, 2, 3, NULL),
(1430, 'めだか', NULL, NULL, 'medaka', NULL, NULL, NULL, 118, 116, 52, 51, 63, 55, 54, 54, 53, 33, 1, 1, 1, 2, 7, NULL),
(1431, 'メット', NULL, NULL, 'metto', NULL, NULL, NULL, 129, 90, 51, 51, 68, 50, 76, 43, 63, 18, 3, 2, 1, 2, 4, NULL),
(1432, 'メリィ', NULL, NULL, 'merii', NULL, NULL, 6, 120, 108, 66, 53, 47, 59, 56, 57, 56, 30, 2, 1, 2, 2, 7, NULL),
(1433, 'メロン', NULL, NULL, 'meron', NULL, NULL, 10, 120, 107, 65, 60, 60, 66, 46, 63, 59, 32, 4, 4, 1, 2, 3, NULL),
(1434, 'メンカウラ', NULL, NULL, 'menkaura', NULL, NULL, NULL, 144, 32, 88, 80, 39, 82, 65, 41, 51, 5, 4, 1, 1, 2, 3, NULL),
(1435, 'もうり', NULL, NULL, 'mouri', NULL, NULL, 16, 93, 126, 59, 51, 51, 61, 50, 60, 54, 25, 2, 4, 1, 2, 3, NULL),
(1436, 'もがみ', NULL, NULL, 'mogami', NULL, NULL, NULL, 114, 102, 55, 54, 45, 45, 51, 54, 51, 56, 1, 4, 1, 2, 3, NULL),
(1437, 'もず', NULL, NULL, 'mozu', NULL, NULL, 8, 121, 94, 46, 52, 51, 53, 57, 42, 54, 74, 3, 1, 1, 2, 3, NULL),
(1438, 'モチコー', NULL, NULL, 'mochikoo', NULL, NULL, NULL, 122, 91, 56, 51, 53, 56, 56, 54, 51, 52, 2, 3, 1, 2, 3, NULL),
(1439, 'もちづき', NULL, NULL, 'mochizuki', NULL, NULL, NULL, 121, 95, 58, 54, 57, 56, 51, 58, 51, 39, 1, 2, 1, 2, 3, NULL),
(1440, 'モデラー', NULL, NULL, 'moderaa', NULL, NULL, NULL, 122, 95, 58, 52, 44, 49, 46, 56, 56, 67, 3, 1, 1, 2, 3, NULL),
(1441, 'もとき', NULL, NULL, 'motoki', NULL, NULL, NULL, 133, 92, 50, 53, 53, 53, 59, 55, 51, 59, 1, 2, 1, 2, 3, NULL),
(1442, 'モトクロス', NULL, NULL, 'motokurosu', NULL, NULL, NULL, 122, 78, 44, 46, 44, 49, 85, 80, 43, 19, 1, 3, 1, 2, 5, NULL),
(1443, 'ももぞめ', NULL, NULL, 'momozome', NULL, NULL, NULL, 100, 135, 48, 44, 53, 44, 53, 56, 55, 55, 3, 1, 2, 2, 5, NULL),
(1444, 'ももたろう', NULL, NULL, 'momotarou', NULL, NULL, NULL, 130, 91, 56, 51, 55, 58, 39, 66, 53, 62, 4, 2, 1, 2, 3, NULL),
(1445, 'もりこし', NULL, NULL, 'morikoshi', NULL, NULL, 5, 133, 94, 51, 60, 51, 56, 54, 61, 55, 38, 1, 3, 1, 2, 7, NULL),
(1446, 'もりした', NULL, NULL, 'morishita', NULL, NULL, NULL, 123, 94, 44, 57, 52, 52, 62, 57, 57, 61, 3, 1, 1, 2, 3, NULL),
(1447, 'もりたき', NULL, NULL, 'moritaki', NULL, NULL, NULL, 120, 96, 47, 48, 44, 48, 50, 50, 50, 91, 3, 2, 1, 2, 3, NULL),
(1448, 'もりばやし', NULL, NULL, 'moribayashi', NULL, NULL, 8, 126, 99, 54, 56, 50, 58, 51, 63, 53, 37, 1, 4, 1, 2, 3, NULL),
(1449, 'もりひさ', NULL, NULL, 'morihisa', NULL, NULL, NULL, 132, 96, 47, 53, 53, 57, 61, 56, 53, 38, 4, 3, 1, 2, 3, NULL),
(1450, 'もりや', NULL, NULL, 'moriya', NULL, NULL, NULL, 122, 91, 51, 50, 50, 51, 62, 51, 53, 64, 2, 1, 1, 2, 3, NULL),
(1451, 'もんじゅ', NULL, NULL, 'monju', NULL, NULL, NULL, 121, 106, 53, 65, 60, 62, 48, 63, 60, 33, 2, 1, 1, 2, 3, NULL),
(1452, 'もんま', NULL, NULL, 'monma', NULL, NULL, NULL, 91, 124, 60, 56, 59, 59, 62, 57, 56, 23, 1, 2, 1, 2, 3, NULL),
(1453, 'やいと', NULL, NULL, 'yaito', NULL, NULL, 18, 94, 132, 53, 58, 50, 48, 50, 51, 53, 59, 4, 2, 2, 2, 3, NULL),
(1454, 'やえがし', NULL, NULL, 'yaegashi', NULL, NULL, 8, 134, 95, 50, 39, 39, 51, 56, 56, 56, 78, 4, 2, 1, 2, 3, NULL),
(1455, 'やがた', NULL, NULL, 'yagata', NULL, NULL, 10, 115, 95, 51, 55, 56, 56, 54, 57, 53, 52, 1, 4, 1, 2, 7, NULL),
(1456, 'やくしじ', NULL, NULL, 'yakushiji', NULL, NULL, 12, 118, 108, 44, 51, 56, 45, 56, 57, 54, 65, 3, 4, 1, 2, 3, NULL),
(1457, 'やくしま', NULL, NULL, 'yakushima', NULL, NULL, 16, 126, 115, 39, 53, 56, 57, 54, 61, 65, 40, 3, 1, 1, 2, 3, NULL),
(1458, 'やじ', NULL, NULL, 'yaji', NULL, NULL, 14, 120, 87, 53, 54, 48, 44, 48, 57, 57, 66, 1, 3, 1, 2, 3, NULL),
(1459, 'やしろ', NULL, NULL, 'yashiro', NULL, NULL, 18, 101, 123, 57, 51, 56, 57, 54, 55, 55, 33, 2, 2, 2, 2, 3, NULL),
(1460, 'やすかわ', NULL, NULL, 'yasukawa', NULL, NULL, 16, 108, 126, 47, 54, 56, 45, 56, 55, 56, 63, 3, 4, 1, 2, 3, NULL),
(1461, 'やすもり', NULL, NULL, 'yasumori', NULL, NULL, 10, 124, 91, 44, 52, 60, 47, 54, 55, 54, 63, 2, 2, 1, 2, 3, NULL),
(1462, 'やつだ', NULL, NULL, 'yatsuda', NULL, NULL, 18, 91, 125, 47, 53, 52, 57, 66, 51, 56, 42, 4, 3, 1, 2, 3, NULL),
(1463, 'やながわ', NULL, NULL, 'yanagawa', NULL, NULL, 5, 120, 97, 53, 55, 54, 56, 57, 54, 53, 36, 3, 4, 1, 2, 7, NULL),
(1464, 'やのうら', NULL, NULL, 'yanoura', NULL, NULL, 16, 120, 93, 51, 54, 55, 56, 53, 53, 57, 55, 2, 4, 1, 2, 3, NULL),
(1465, 'やぶき', NULL, NULL, 'yabuki', NULL, NULL, 24, 126, 105, 56, 61, 64, 52, 59, 59, 57, 34, 3, 1, 1, 2, 4, NULL),
(1466, 'やまうち', NULL, NULL, 'yamauchi', NULL, NULL, 5, 93, 123, 48, 48, 44, 56, 58, 53, 54, 67, 1, 3, 1, 2, 7, NULL),
(1467, 'やまおか', NULL, NULL, 'yamaoka', NULL, NULL, 18, 120, 112, 56, 51, 48, 46, 48, 56, 51, 64, 4, 3, 1, 2, 3, NULL),
(1468, 'やまがた', NULL, NULL, 'yamagata', NULL, NULL, 16, 120, 86, 51, 56, 48, 51, 48, 56, 57, 62, 1, 4, 1, 2, 3, NULL),
(1469, 'やまがみ', NULL, NULL, 'yamagami', NULL, NULL, 8, 121, 86, 53, 48, 48, 56, 44, 52, 51, 73, 1, 2, 1, 2, 3, NULL),
(1470, 'やまぐち', NULL, NULL, 'yamaguchi', NULL, NULL, 8, 106, 118, 46, 45, 48, 54, 61, 54, 53, 66, 3, 4, 1, 2, 3, NULL),
(1471, 'やまざき', NULL, NULL, 'yamazaki', NULL, NULL, 18, 89, 138, 49, 51, 51, 46, 51, 53, 48, 66, 1, 3, 1, 2, 3, NULL),
(1472, 'やまだ', NULL, NULL, 'yamada', NULL, NULL, 18, 120, 108, 59, 65, 57, 65, 60, 58, 62, 7, 4, 3, 1, 2, 3, NULL),
(1473, 'やまと', NULL, NULL, 'yamato', NULL, NULL, 5, 124, 92, 56, 56, 61, 53, 60, 57, 56, 41, 4, 4, 1, 2, 7, NULL),
(1474, 'やまなか', NULL, NULL, 'yamanaka', NULL, NULL, 10, 120, 109, 45, 46, 49, 61, 45, 44, 56, 65, 4, 4, 1, 2, 7, NULL),
(1475, 'やまなし', NULL, NULL, 'yamanashi', NULL, NULL, 8, 121, 91, 56, 54, 56, 58, 41, 58, 56, 59, 3, 4, 1, 2, 3, NULL),
(1476, 'やまにし', NULL, NULL, 'yamanishi', NULL, NULL, 8, 124, 86, 53, 56, 51, 48, 51, 51, 51, 65, 3, 2, 1, 2, 3, NULL),
(1477, 'やまひこ', NULL, NULL, 'yamahiko', NULL, NULL, 16, 133, 115, 56, 56, 50, 50, 47, 54, 54, 63, 2, 3, 1, 2, 3, NULL),
(1478, 'やまふだ', NULL, NULL, 'yamafuda', NULL, NULL, 14, 128, 118, 66, 64, 69, 64, 60, 61, 64, 3, 1, 4, 1, 2, 3, NULL),
(1479, 'やまみち', NULL, NULL, 'yamamichi', NULL, NULL, 12, 93, 122, 44, 41, 39, 56, 60, 57, 52, 63, 3, 4, 1, 2, 3, NULL),
(1480, 'やまむら', NULL, NULL, 'yamamura', NULL, NULL, 8, 91, 128, 49, 55, 57, 56, 62, 57, 54, 25, 2, 2, 1, 2, 3, NULL),
(1481, 'やまもと', NULL, NULL, 'yamamoto', NULL, NULL, 8, 120, 98, 50, 41, 38, 51, 65, 56, 51, 57, 3, 3, 1, 2, 3, NULL),
(1482, 'やまりゅう', NULL, NULL, 'yamaryuu', NULL, NULL, 14, 120, 91, 58, 59, 41, 52, 60, 51, 61, 49, 2, 2, 1, 2, 3, NULL),
(1483, 'やみね', NULL, NULL, 'yamine', NULL, NULL, NULL, 88, 140, 58, 63, 58, 58, 58, 60, 60, 10, 2, 2, 2, 2, 16, NULL),
(1484, 'やもり', NULL, NULL, 'yamori', NULL, NULL, 20, 124, 97, 56, 51, 54, 51, 53, 62, 56, 59, 4, 1, 1, 2, 3, NULL),
(1485, 'やよい', NULL, NULL, 'yayoi', NULL, NULL, 18, 126, 103, 52, 56, 66, 56, 62, 56, 60, 35, 2, 1, 1, 2, 3, NULL),
(1486, 'やりの', NULL, NULL, 'yarino', NULL, NULL, 10, 122, 100, 53, 58, 62, 62, 64, 60, 57, 32, 1, 2, 1, 2, 7, NULL),
(1487, 'やわら', NULL, NULL, 'yawara', NULL, NULL, 8, 122, 96, 48, 56, 54, 53, 62, 56, 51, 62, 1, 3, 1, 2, 3, NULL),
(1488, 'ゆあさ', NULL, NULL, 'yuasa', NULL, NULL, 16, 99, 120, 56, 57, 44, 50, 45, 52, 55, 53, 1, 1, 1, 2, 3, NULL),
(1489, 'ゆい', NULL, NULL, 'yui', NULL, NULL, 10, 112, 116, 56, 61, 57, 60, 61, 62, 58, 23, 1, 3, 2, 2, 5, NULL),
(1490, 'ゆいこ', NULL, NULL, 'yuiko', NULL, NULL, 10, 89, 127, 53, 58, 50, 60, 55, 59, 55, 23, 3, 3, 2, 2, 3, NULL),
(1491, 'ユイリー', NULL, NULL, 'yuirii', NULL, NULL, 8, 97, 131, 47, 58, 49, 48, 58, 48, 52, 50, 2, 2, 2, 2, 3, NULL),
(1492, 'ユウキィ', NULL, NULL, 'yuukii', NULL, NULL, 8, 104, 113, 67, 51, 56, 51, 52, 57, 54, 35, 2, 1, 1, 2, 3, NULL),
(1493, 'ゆうぎり', NULL, NULL, 'yuugiri', NULL, NULL, 14, 125, 105, 60, 59, 57, 56, 60, 56, 57, 34, 4, 3, 1, 2, 3, NULL),
(1494, 'ゆうしゃ', NULL, NULL, 'yuusha', NULL, NULL, 32, 120, 120, 33, 88, 56, 54, 63, 54, 66, 31, 1, 2, 1, 2, 4, NULL),
(1495, 'ゆうた', NULL, NULL, 'yuuta', NULL, NULL, 14, 150, 130, 58, 52, 68, 48, 62, 52, 68, 52, 3, 1, 1, 2, 3, NULL),
(1496, 'ユウト', NULL, NULL, 'yuuto', NULL, NULL, 18, 121, 106, 48, 46, 47, 51, 48, 49, 46, 91, 2, 4, 1, 2, 3, NULL),
(1497, 'ゆかこ', NULL, NULL, 'yukako', NULL, NULL, 20, 75, 132, 37, 48, 47, 50, 56, 49, 44, 88, 2, 2, 2, 2, 3, NULL),
(1498, 'ゆかり', NULL, NULL, 'yukari', NULL, NULL, 5, 85, 130, 54, 53, 51, 54, 49, 54, 48, 58, 3, 3, 2, 2, 7, NULL),
(1499, 'ゆきやま', NULL, NULL, 'yukiyama', NULL, NULL, 16, 126, 100, 60, 53, 56, 56, 53, 61, 54, 32, 2, 1, 1, 2, 3, NULL),
(1500, 'ゆぐち', NULL, NULL, 'yuguchi', NULL, NULL, 18, 122, 100, 57, 51, 44, 49, 49, 54, 54, 68, 3, 2, 1, 2, 3, NULL),
(1501, 'ゆげ', NULL, NULL, 'yuge', NULL, NULL, 12, 121, 109, 56, 61, 59, 62, 56, 59, 59, 32, 1, 1, 1, 2, 3, NULL),
(1502, 'ゆさ', NULL, NULL, 'yusa', NULL, NULL, 20, 115, 100, 46, 56, 61, 45, 55, 51, 51, 63, 4, 2, 1, 2, 3, NULL),
(1503, 'ゆたか', NULL, NULL, 'yutaka', NULL, NULL, 18, 94, 119, 47, 57, 53, 56, 60, 57, 56, 39, 1, 1, 1, 2, 3, NULL),
(1504, 'ゆみ', NULL, NULL, 'yumi', NULL, NULL, 18, 120, 99, 44, 41, 37, 56, 62, 51, 53, 81, 1, 3, 1, 2, 3, NULL),
(1505, 'ゆめか', NULL, NULL, 'yumeka', NULL, NULL, 24, 98, 127, 65, 51, 54, 57, 51, 56, 60, 43, 2, 1, 2, 2, 4, NULL),
(1506, 'ゆめちよ', NULL, NULL, 'yumechiyo', NULL, NULL, 14, 118, 94, 53, 62, 65, 53, 54, 57, 53, 41, 2, 2, 1, 2, 3, NULL),
(1507, 'ゆら', NULL, NULL, 'yura', NULL, NULL, 10, 133, 102, 54, 62, 57, 55, 55, 50, 62, 15, 2, 2, 1, 2, 16, NULL),
(1508, 'ゆりか', NULL, NULL, 'yurika', NULL, NULL, 10, 75, 132, 61, 56, 51, 59, 43, 58, 51, 49, 2, 1, 2, 2, 5, NULL),
(1509, 'ゆりな', NULL, NULL, 'yurina', NULL, NULL, 8, 121, 122, 75, 40, 40, 43, 75, 40, 42, 60, 1, 1, 2, 2, 3, NULL),
(1510, 'よいち', NULL, NULL, 'yoichi', NULL, NULL, 5, 122, 101, 46, 55, 66, 57, 57, 54, 55, 35, 2, 3, 1, 2, 7, NULL),
(1511, 'ようすけ', NULL, NULL, 'yousuke', NULL, NULL, 16, 119, 97, 60, 57, 52, 56, 41, 60, 52, 61, 3, 2, 1, 2, 3, NULL),
(1512, 'ようへい', NULL, NULL, 'youhei', NULL, NULL, 18, 121, 112, 56, 56, 53, 58, 53, 55, 55, 39, 2, 1, 1, 2, 3, NULL),
(1513, 'よぎ', NULL, NULL, 'yogi', NULL, NULL, 10, 120, 100, 61, 55, 54, 52, 51, 57, 56, 40, 3, 1, 1, 2, 7, NULL),
(1514, 'よこた', NULL, NULL, 'yokota', NULL, NULL, 8, 126, 93, 47, 39, 38, 53, 57, 56, 51, 84, 4, 2, 1, 2, 3, NULL),
(1515, 'よこち', NULL, NULL, 'yokochi', NULL, NULL, 10, 105, 126, 59, 65, 62, 64, 52, 59, 61, 22, 1, 4, 1, 2, 7, NULL),
(1516, 'よこはま', NULL, NULL, 'yokohama', NULL, NULL, 8, 99, 129, 48, 56, 51, 53, 56, 53, 57, 62, 2, 2, 1, 2, 3, NULL),
(1517, 'よこみち', NULL, NULL, 'yokomichi', NULL, NULL, 8, 99, 126, 57, 65, 58, 65, 59, 59, 60, 4, 1, 1, 1, 2, 3, NULL),
(1518, 'よこやま', NULL, NULL, 'yokoyama', NULL, NULL, 18, 109, 119, 49, 51, 56, 67, 51, 52, 55, 29, 4, 4, 1, 2, 3, NULL),
(1519, 'よし', NULL, NULL, 'yoshi', NULL, NULL, 18, 122, 91, 44, 51, 55, 53, 61, 56, 52, 44, 4, 3, 1, 2, 3, NULL),
(1520, 'よしおか', NULL, NULL, 'yoshioka', NULL, NULL, 14, 120, 116, 56, 56, 54, 59, 51, 52, 52, 42, 3, 3, 1, 2, 3, NULL),
(1521, 'よしかわ', NULL, NULL, 'yoshikawa', NULL, NULL, 18, 118, 92, 55, 51, 52, 53, 52, 51, 54, 58, 3, 2, 1, 2, 3, NULL),
(1522, 'よしくに', NULL, NULL, 'yoshikuni', NULL, NULL, 12, 120, 92, 60, 58, 54, 51, 57, 56, 60, 35, 1, 1, 1, 2, 3, NULL),
(1523, 'よしだ', NULL, NULL, 'yoshida', NULL, NULL, 14, 120, 101, 44, 42, 41, 56, 56, 56, 65, 66, 1, 1, 1, 2, 3, NULL),
(1524, 'よしたけ', NULL, NULL, 'yoshitake', NULL, NULL, 20, 137, 98, 51, 56, 50, 59, 56, 56, 56, 26, 4, 3, 1, 2, 3, NULL),
(1525, 'よしなが', NULL, NULL, 'yoshinaga', NULL, NULL, 18, 100, 119, 48, 46, 45, 45, 46, 48, 48, 104, 3, 4, 1, 2, 3, NULL),
(1526, 'よしの', NULL, NULL, 'yoshino', NULL, NULL, 5, 118, 95, 57, 51, 55, 51, 53, 56, 52, 35, 2, 2, 1, 2, 7, NULL),
(1527, 'よしみ', NULL, NULL, 'yoshimi', NULL, NULL, 14, 111, 93, 46, 56, 62, 47, 54, 53, 51, 63, 3, 3, 1, 2, 3, NULL),
(1528, 'よしみね', NULL, NULL, 'yoshimine', NULL, NULL, 14, 107, 118, 47, 56, 49, 59, 48, 52, 48, 64, 1, 3, 1, 2, 3, NULL),
(1529, 'よしもと', NULL, NULL, 'yoshimoto', NULL, NULL, 14, 93, 136, 53, 56, 62, 60, 63, 63, 62, 26, 1, 1, 1, 2, 3, NULL),
(1530, 'よだ', NULL, NULL, 'yoda', NULL, NULL, 16, 118, 96, 47, 51, 53, 52, 60, 56, 53, 52, 1, 3, 1, 2, 3, NULL),
(1531, 'ヨット', NULL, NULL, 'yotto', NULL, NULL, 10, 120, 95, 60, 56, 51, 53, 56, 60, 57, 29, 3, 4, 1, 2, 7, NULL),
(1532, 'よねざわ', NULL, NULL, 'yonezawa', NULL, NULL, 16, 110, 101, 54, 51, 54, 53, 57, 56, 51, 46, 3, 4, 1, 2, 3, NULL),
(1533, 'よろい', NULL, NULL, 'yoroi', NULL, NULL, 8, 101, 125, 57, 57, 44, 56, 53, 60, 53, 60, 4, 3, 1, 2, 3, NULL),
(1534, 'よんきとう', NULL, NULL, 'yonkitou', NULL, NULL, 16, 94, 115, 51, 54, 67, 54, 73, 42, 51, 33, 2, 4, 1, 2, 4, NULL),
(1535, 'ラー', NULL, NULL, 'raa', NULL, NULL, 28, 88, 200, 29, 30, 28, 40, 32, 21, 31, 14, 3, 4, 1, 2, 4, NULL),
(1536, 'らーゆ', NULL, NULL, 'raayu', NULL, NULL, 10, 135, 90, 48, 48, 48, 84, 48, 53, 66, 20, 3, 4, 1, 2, 16, NULL),
(1537, 'らいか', NULL, NULL, 'raika', NULL, NULL, 8, 88, 100, 65, 58, 57, 56, 57, 58, 56, 44, 1, 4, 2, 2, 3, NULL),
(1538, 'らいごう', NULL, NULL, 'raigou', NULL, NULL, 10, 110, 129, 60, 59, 60, 65, 59, 60, 58, 17, 1, 3, 1, 2, 16, NULL),
(1539, 'らいでん', NULL, NULL, 'raiden', NULL, NULL, 12, 135, 99, 53, 60, 51, 67, 56, 53, 56, 29, 4, 4, 1, 2, 3, NULL),
(1540, 'ライデン', NULL, NULL, 'raiden', NULL, NULL, 1, 124, 137, 56, 80, 53, 62, 50, 71, 68, 20, 1, 2, 1, 2, 1, NULL),
(1541, 'らいな', NULL, NULL, 'raina', NULL, NULL, 10, 98, 123, 48, 57, 50, 51, 56, 50, 51, 50, 2, 1, 2, 2, 16, NULL),
(1542, 'ライブラ', NULL, NULL, 'raibura', NULL, NULL, 28, 110, 110, 56, 65, 64, 57, 54, 57, 54, 11, 4, 2, 1, 2, 4, NULL),
(1543, 'ライフル', NULL, NULL, 'raifuru', NULL, NULL, 10, 138, 120, 44, 77, 58, 53, 56, 68, 64, 5, 2, 1, 2, 2, 7, NULL),
(1544, 'らいめい', NULL, NULL, 'raimei', NULL, NULL, 16, 124, 101, 62, 57, 54, 53, 56, 59, 67, 33, 4, 2, 1, 2, 4, NULL),
(1545, 'ラクダ', NULL, NULL, 'rakuda', NULL, NULL, 8, 115, 103, 56, 53, 57, 53, 57, 56, 55, 47, 4, 1, 1, 2, 4, NULL),
(1546, 'らじょう', NULL, NULL, 'rajou', NULL, NULL, 16, 102, 109, 44, 52, 56, 45, 51, 53, 56, 69, 4, 4, 1, 2, 3, NULL),
(1547, 'らっかさん', NULL, NULL, 'rakkasan', NULL, NULL, 16, 144, 102, 43, 87, 46, 56, 53, 71, 76, 6, 3, 1, 1, 2, 3, NULL),
(1548, 'らもと', NULL, NULL, 'ramoto', NULL, NULL, 18, 110, 99, 52, 53, 54, 56, 53, 52, 51, 61, 1, 3, 1, 2, 3, NULL),
(1549, 'ラリー', NULL, NULL, 'rarii', NULL, NULL, 20, 130, 74, 46, 51, 43, 47, 86, 80, 47, 5, 4, 2, 1, 2, 3, NULL),
(1550, 'ランタン', NULL, NULL, 'rantan', NULL, NULL, 16, 103, 142, 52, 49, 51, 53, 52, 51, 53, 72, 3, 3, 1, 2, 3, NULL),
(1551, 'らんばし', NULL, NULL, 'ranbashi', NULL, NULL, 14, 86, 132, 57, 60, 57, 60, 53, 56, 62, 25, 3, 1, 2, 2, 3, NULL),
(1552, 'りえ', NULL, NULL, 'rie', NULL, NULL, 5, 107, 132, 50, 55, 56, 44, 54, 53, 53, 45, 1, 2, 2, 2, 7, NULL),
(1553, 'リオ', NULL, NULL, 'rio', NULL, NULL, 36, 103, 120, 53, 55, 56, 57, 54, 57, 56, 20, 3, 4, 2, 2, 4, NULL),
(1554, 'りきまる', NULL, NULL, 'rikimaru', NULL, NULL, 10, 120, 102, 54, 54, 56, 67, 57, 56, 56, 36, 4, 4, 1, 2, 7, NULL),
(1555, 'りさ', NULL, NULL, 'risa', NULL, NULL, 18, 98, 124, 63, 56, 62, 63, 51, 63, 59, 11, 3, 1, 2, 2, 3, NULL),
(1556, 'りしゃこ', NULL, NULL, 'rishako', NULL, NULL, 8, 110, 125, 44, 78, 43, 42, 43, 44, 78, 45, 2, 2, 2, 2, 3, NULL),
(1557, 'リボン', NULL, NULL, 'ribon', NULL, NULL, 8, 131, 101, 57, 57, 45, 46, 56, 48, 46, 76, 4, 1, 1, 2, 3, NULL),
(1558, 'リュウ', NULL, NULL, 'ryuu', NULL, NULL, NULL, 160, 150, 52, 62, 62, 52, 68, 68, 55, 41, 1, 2, 1, 2, 3, NULL),
(1559, 'りゅうこう', NULL, NULL, 'ryuukou', NULL, NULL, 18, 120, 100, 57, 56, 54, 59, 53, 51, 54, 34, 3, 1, 1, 2, 3, NULL),
(1560, 'りゅうぞう', NULL, NULL, 'ryuuzou', NULL, NULL, 8, 118, 98, 44, 39, 40, 54, 58, 56, 54, 80, 4, 1, 1, 2, 3, NULL),
(1561, 'りゅうの', NULL, NULL, 'ryuuno', NULL, NULL, 8, 135, 93, 56, 59, 47, 57, 57, 62, 55, 24, 1, 4, 1, 2, 3, NULL),
(1562, 'りゅうび', NULL, NULL, 'ryuubi', NULL, NULL, 20, 119, 92, 48, 51, 56, 51, 57, 55, 54, 60, 2, 4, 1, 2, 3, NULL),
(1563, 'りゅうよう', NULL, NULL, 'ryuuyou', NULL, NULL, 20, 124, 94, 53, 51, 54, 51, 56, 53, 53, 69, 1, 1, 1, 2, 3, NULL),
(1564, 'りょう', NULL, NULL, 'ryou', NULL, NULL, 18, 136, 97, 48, 53, 56, 51, 57, 53, 56, 56, 1, 1, 1, 2, 3, NULL),
(1565, 'りんご', NULL, NULL, 'ringo', NULL, NULL, NULL, 88, 128, 44, 46, 51, 48, 47, 46, 49, 86, 4, 2, 2, 2, 4, NULL),
(1566, 'リンゴ', NULL, NULL, 'ringo', NULL, NULL, NULL, 102, 134, 69, 56, 70, 46, 59, 57, 56, 24, 3, 1, 2, 2, 4, NULL),
(1567, 'りんどう', NULL, NULL, 'rindou', NULL, NULL, NULL, 102, 122, 49, 71, 53, 51, 65, 57, 54, 36, 2, 2, 1, 2, 16, NULL),
(1568, 'りんのうじ', NULL, NULL, 'rinnouji', NULL, NULL, NULL, 135, 109, 54, 51, 51, 53, 62, 52, 49, 53, 2, 1, 1, 2, 3, NULL),
(1569, 'るい', NULL, NULL, 'rui', NULL, NULL, NULL, 94, 118, 54, 60, 54, 60, 52, 56, 57, 29, 1, 2, 1, 2, 3, NULL),
(1570, 'ルチャ', NULL, NULL, 'rucha', NULL, NULL, 16, 140, 99, 56, 76, 67, 73, 57, 42, 55, 14, 4, 3, 1, 2, 3, NULL),
(1571, 'ルル', NULL, NULL, 'ruru', NULL, NULL, NULL, 96, 123, 66, 53, 57, 69, 66, 53, 53, 15, 1, 1, 2, 2, 4, NULL),
(1572, 'れいぜい', NULL, NULL, 'reizei', NULL, NULL, NULL, 103, 117, 49, 52, 51, 49, 62, 53, 51, 58, 1, 3, 1, 2, 16, NULL),
(1573, 'れいぜん', NULL, NULL, 'reizen', NULL, NULL, NULL, 94, 114, 45, 55, 53, 51, 59, 58, 57, 32, 2, 3, 1, 2, 4, NULL),
(1574, 'レース', NULL, NULL, 'reesu', NULL, NULL, 5, 124, 78, 50, 49, 43, 50, 85, 80, 46, 12, 3, 4, 1, 2, 7, NULL),
(1575, 'レオ', NULL, NULL, 'reo', NULL, NULL, 18, 118, 99, 63, 65, 56, 53, 56, 56, 57, 16, 2, 1, 1, 2, 3, NULL),
(1576, 'レックウ', NULL, NULL, 'rekkuu', NULL, NULL, NULL, 108, 97, 39, 77, 77, 77, 62, 41, 66, 29, 1, 1, 1, 2, 16, NULL),
(1577, 'レックス', NULL, NULL, 'rekkusu', NULL, NULL, NULL, 132, 109, 63, 66, 60, 75, 48, 52, 68, 10, 3, 4, 1, 2, 7, NULL),
(1578, 'レッド', NULL, NULL, 'reddo', NULL, NULL, NULL, 110, 108, 66, 52, 56, 57, 53, 56, 67, 41, 3, 1, 1, 2, 3, NULL),
(1579, 'レッドＤ', NULL, NULL, 'reddoＤ', NULL, NULL, 12, 115, 101, 67, 51, 53, 51, 53, 54, 46, 52, 3, 1, 1, 2, 3, NULL),
(1580, 'レッドＳ', NULL, NULL, 'reddoＳ', NULL, NULL, NULL, 107, 126, 67, 54, 51, 53, 52, 56, 44, 56, 3, 1, 1, 2, 3, NULL),
(1581, 'れっぷう', NULL, NULL, 'reppuu', NULL, NULL, NULL, 111, 91, 48, 51, 56, 46, 53, 56, 57, 53, 3, 4, 1, 2, 3, NULL),
(1582, 'レポ', NULL, NULL, 'repo', NULL, NULL, NULL, 104, 118, 57, 51, 54, 51, 52, 54, 53, 51, 4, 2, 1, 2, 3, NULL),
(1583, 'れんだい', NULL, NULL, 'rendai', NULL, NULL, NULL, 109, 113, 51, 53, 56, 53, 51, 57, 51, 70, 1, 3, 1, 2, 3, NULL),
(1584, 'ローマ', NULL, NULL, 'rooma', NULL, NULL, 18, 124, 102, 54, 56, 57, 56, 53, 56, 53, 25, 3, 4, 1, 2, 3, NULL),
(1585, 'ろくた', NULL, NULL, 'rokuta', NULL, NULL, 5, 126, 96, 57, 51, 53, 60, 42, 60, 54, 62, 2, 4, 1, 2, 7, NULL),
(1586, 'ロココ', NULL, NULL, 'rokoko', NULL, NULL, NULL, 102, 132, 58, 50, 57, 85, 55, 69, 73, 11, 4, 4, 1, 2, 16, NULL),
(1587, 'ろっこう', NULL, NULL, 'rokkou', NULL, NULL, NULL, 120, 109, 56, 62, 62, 56, 65, 60, 62, 16, 1, 1, 1, 2, 7, NULL),
(1588, 'ロデオ', NULL, NULL, 'rodeo', NULL, NULL, NULL, 119, 102, 63, 57, 56, 57, 53, 55, 56, 14, 2, 1, 1, 2, 4, NULL),
(1589, 'ロボット', NULL, NULL, 'robotto', NULL, NULL, NULL, 122, 105, 45, 47, 47, 46, 46, 44, 45, 101, 4, 4, 1, 2, 3, NULL),
(1590, 'ろぼてくす', NULL, NULL, 'robotekusu', NULL, NULL, 16, 133, 103, 49, 53, 53, 53, 51, 48, 58, 61, 1, 3, 1, 2, 3, NULL),
(1591, 'ロング', NULL, NULL, 'rongu', NULL, NULL, 10, 109, 114, 56, 63, 66, 53, 55, 48, 51, 49, 3, 2, 1, 2, 3, NULL),
(1592, 'ロンリー', NULL, NULL, 'ronrii', NULL, NULL, 16, 92, 132, 51, 56, 51, 48, 50, 46, 62, 62, 1, 2, 1, 2, 3, NULL),
(1593, 'わかいずみ', NULL, NULL, 'wakaizumi', NULL, NULL, 16, 124, 110, 61, 63, 67, 57, 50, 62, 57, 31, 2, 3, 1, 2, 3, NULL),
(1594, 'わかさ', NULL, NULL, 'wakasa', NULL, NULL, 14, 82, 124, 45, 47, 45, 48, 46, 45, 47, 92, 1, 3, 2, 2, 3, NULL),
(1595, 'わかすぎ', NULL, NULL, 'wakasugi', NULL, NULL, 5, 120, 93, 44, 50, 48, 45, 47, 49, 44, 104, 2, 1, 1, 2, 7, NULL),
(1596, 'わかば', NULL, NULL, 'wakaba', NULL, NULL, 18, 98, 123, 52, 56, 57, 53, 62, 55, 52, 13, 2, 1, 2, 2, 3, NULL),
(1597, 'わかやま', NULL, NULL, 'wakayama', NULL, NULL, 20, 118, 96, 44, 51, 59, 47, 53, 54, 51, 67, 2, 4, 1, 2, 3, NULL),
(1598, 'わくい', NULL, NULL, 'wakui', NULL, NULL, 18, 82, 127, 59, 56, 57, 58, 36, 58, 53, 23, 1, 3, 2, 2, 3, NULL),
(1599, 'ワジ', NULL, NULL, 'waji', NULL, NULL, 8, 109, 118, 51, 52, 51, 54, 51, 56, 51, 70, 3, 3, 1, 2, 3, NULL),
(1600, 'わだ', NULL, NULL, 'wada', NULL, NULL, 8, 119, 101, 65, 62, 62, 62, 50, 60, 57, 32, 2, 4, 1, 2, 3, NULL),
(1601, 'わたつみ', NULL, NULL, 'watatsumi', NULL, NULL, 14, 117, 99, 62, 61, 60, 62, 61, 53, 57, 11, 1, 3, 1, 2, 3, NULL),
(1602, 'わたなべ', NULL, NULL, 'watanabe', NULL, NULL, 14, 135, 109, 56, 59, 57, 57, 55, 56, 53, 22, 4, 2, 1, 2, 3, NULL),
(1603, 'わたや', NULL, NULL, 'wataya', NULL, NULL, 14, 99, 119, 47, 48, 46, 63, 46, 47, 48, 84, 2, 4, 1, 2, 3, NULL),
(1604, 'わたり', NULL, NULL, 'watari', NULL, NULL, 10, 111, 91, 60, 56, 51, 54, 56, 56, 57, 33, 1, 1, 1, 2, 7, NULL),
(1605, 'わに', NULL, NULL, 'wani', NULL, NULL, 10, 114, 102, 52, 51, 48, 62, 63, 58, 59, 32, 3, 1, 1, 2, 7, NULL),
(1606, 'わらし', NULL, NULL, 'warashi', NULL, NULL, 8, 80, 141, 46, 48, 46, 51, 56, 51, 53, 71, 1, 3, 2, 2, 3, NULL),
(1607, 'わんちゃん', NULL, NULL, 'wanchan', NULL, NULL, 16, 121, 92, 61, 53, 54, 58, 41, 57, 57, 43, 4, 4, 1, 2, 3, NULL),
(1608, 'いしざき', NULL, NULL, 'ishizaki', NULL, NULL, NULL, 126, 113, 54, 50, 46, 63, 58, 48, 53, 49, 1, 3, 1, 2, 16, NULL),
(1609, 'かのう', NULL, NULL, 'kanou', NULL, NULL, NULL, 117, 121, 56, 58, 73, 53, 46, 45, 62, 20, 1, 2, 1, 2, 16, NULL),
(1610, 'きくち', NULL, NULL, 'kikuchi', NULL, NULL, NULL, 115, 109, 53, 55, 69, 52, 61, 56, 58, 19, 3, 3, 1, 2, 16, NULL),
(1611, 'こづか', NULL, NULL, 'kozuka', NULL, NULL, NULL, 127, 113, 53, 48, 68, 48, 55, 49, 68, 39, 1, 3, 1, 2, 16, NULL),
(1612, 'じょう', NULL, NULL, 'jou', NULL, NULL, NULL, 105, 119, 44, 51, 52, 68, 47, 57, 78, 27, 3, 4, 1, 2, 16, NULL),
(1613, 'たちの', NULL, NULL, 'tachino', NULL, NULL, NULL, 117, 109, 50, 58, 53, 54, 55, 52, 54, 33, 2, 2, 1, 2, 16, NULL),
(1614, 'ちゃき', NULL, NULL, 'chaki', NULL, NULL, NULL, 118, 121, 51, 53, 53, 50, 66, 53, 54, 42, 2, 2, 1, 2, 16, NULL),
(1615, 'つつみ', NULL, NULL, 'tsutsumi', NULL, NULL, NULL, 102, 133, 50, 45, 51, 63, 50, 45, 75, 30, 1, 4, 1, 2, 16, NULL),
(1616, 'でまえ', NULL, NULL, 'demae', NULL, NULL, NULL, 125, 124, 60, 68, 45, 51, 44, 72, 71, 23, 3, 1, 1, 2, 16, NULL),
(1617, 'ともおか', NULL, NULL, 'tomooka', NULL, NULL, NULL, 118, 109, 55, 53, 44, 62, 55, 47, 54, 41, 3, 2, 1, 2, 16, NULL),
(1618, 'のま', NULL, NULL, 'noma', NULL, NULL, NULL, 122, 112, 50, 61, 49, 65, 49, 57, 51, 39, 4, 3, 1, 2, 16, NULL),
(1619, 'ひめじま', NULL, NULL, 'himejima', NULL, NULL, NULL, 114, 109, 53, 69, 61, 54, 67, 54, 55, 8, 1, 3, 1, 2, 16, NULL),
(1620, 'まるで', NULL, NULL, 'marude', NULL, NULL, NULL, 113, 145, 45, 40, 42, 38, 44, 61, 43, 110, 4, 3, 1, 2, 16, NULL),
(1621, 'みずぐち', NULL, NULL, 'mizuguchi', NULL, NULL, NULL, 109, 132, 49, 55, 70, 51, 51, 56, 65, 21, 2, 1, 1, 2, 16, NULL),
(1622, 'むかいやま', NULL, NULL, 'mukaiyama', NULL, NULL, NULL, 130, 105, 62, 53, 55, 44, 53, 55, 49, 40, 2, 3, 1, 2, 16, NULL),
(1623, 'やすなが', NULL, NULL, 'yasunaga', NULL, NULL, NULL, 122, 129, 59, 56, 58, 52, 48, 52, 72, 26, 1, 2, 1, 2, 16, NULL),
(1624, 'くろがみ', NULL, NULL, 'kurogami', NULL, NULL, NULL, 95, 120, 56, 45, 48, 58, 52, 69, 45, 17, 2, 1, 1, 2, 16, NULL),
(1625, 'さんず', NULL, NULL, 'sanzu', NULL, NULL, NULL, 107, 113, 56, 47, 68, 52, 64, 59, 46, 27, 2, 3, 1, 2, 16, NULL),
(1626, 'じゅうぞう', NULL, NULL, 'juuzou', NULL, NULL, NULL, 118, 116, 52, 56, 61, 73, 56, 54, 53, 36, 1, 4, 1, 2, 16, NULL),
(1627, 'つきむら', NULL, NULL, 'tsukimura', NULL, NULL, NULL, 109, 115, 61, 70, 45, 52, 74, 53, 60, 30, 3, 1, 1, 2, 16, NULL),
(1628, 'つぶらや', NULL, NULL, 'tsuburaya', NULL, NULL, NULL, 100, 112, 48, 54, 67, 50, 48, 58, 44, 28, 1, 1, 1, 2, 16, NULL),
(1629, 'にんぎょう', NULL, NULL, 'ningyou', NULL, NULL, NULL, 98, 96, 52, 66, 45, 48, 53, 53, 50, 53, 2, 1, 1, 2, 16, NULL),
(1630, 'ふし', NULL, NULL, 'fushi', NULL, NULL, NULL, 137, 94, 47, 51, 50, 40, 64, 74, 56, 22, 4, 4, 1, 2, 16, NULL),
(1631, 'ふじみ', NULL, NULL, 'fujimi', NULL, NULL, NULL, 126, 106, 52, 58, 56, 61, 56, 79, 53, 25, 3, 3, 1, 2, 16, NULL),
(1632, 'ブラッド', NULL, NULL, 'buraddo', NULL, NULL, NULL, 110, 132, 72, 52, 52, 51, 56, 46, 60, 58, 4, 1, 1, 2, 16, NULL),
(1633, 'フランケン', NULL, NULL, 'furanken', NULL, NULL, NULL, 123, 128, 55, 66, 47, 70, 52, 61, 48, 23, 4, 3, 1, 2, 16, NULL),
(1634, 'まかい', NULL, NULL, 'makai', NULL, NULL, NULL, 116, 100, 64, 50, 54, 44, 48, 56, 54, 35, 2, 2, 1, 2, 16, NULL),
(1635, 'ミイラ', NULL, NULL, 'miira', NULL, NULL, NULL, 97, 137, 54, 48, 60, 52, 73, 54, 61, 22, 2, 2, 1, 2, 16, NULL),
(1636, 'やつはか', NULL, NULL, 'yatsuhaka', NULL, NULL, NULL, 98, 127, 57, 68, 60, 52, 62, 56, 55, 19, 3, 2, 1, 2, 16, NULL),
(1637, 'やなぎだ', NULL, NULL, 'yanagida', NULL, NULL, NULL, 112, 108, 52, 54, 57, 57, 60, 54, 63, 23, 1, 3, 1, 2, 16, NULL),
(1638, 'ゆうこく', NULL, NULL, 'yuukoku', NULL, NULL, NULL, 105, 135, 62, 64, 56, 48, 60, 62, 63, 16, 2, 1, 1, 2, 16, NULL),
(1639, 'れいげん', NULL, NULL, 'reigen', NULL, NULL, NULL, 101, 112, 55, 62, 51, 52, 56, 65, 62, 26, 1, 2, 1, 2, 16, NULL),
(1640, 'アライグマ', NULL, NULL, 'araiguma', NULL, NULL, NULL, 120, 106, 53, 53, 53, 44, 51, 68, 47, 41, 2, 3, 1, 2, 16, NULL),
(1641, 'イノシシ', NULL, NULL, 'inoshishi', NULL, NULL, NULL, 124, 128, 48, 64, 50, 69, 60, 54, 62, 36, 3, 4, 1, 2, 16, NULL),
(1642, 'ウシ', NULL, NULL, 'ushi', NULL, NULL, NULL, 126, 129, 41, 68, 48, 77, 31, 51, 64, 31, 3, 4, 1, 2, 16, NULL),
(1643, 'カエル', NULL, NULL, 'kaeru', NULL, NULL, NULL, 97, 94, 61, 52, 48, 48, 54, 57, 50, 24, 2, 3, 1, 2, 16, NULL),
(1644, 'カメレオン', NULL, NULL, 'kamereon', NULL, NULL, NULL, 112, 101, 46, 47, 49, 60, 57, 60, 48, 33, 1, 2, 1, 2, 16, NULL),
(1645, 'コアラ', NULL, NULL, 'koara', NULL, NULL, NULL, 97, 117, 54, 49, 57, 51, 48, 51, 49, 36, 2, 2, 1, 2, 16, NULL),
(1646, 'ゴリラ', NULL, NULL, 'gorira', NULL, NULL, NULL, 121, 94, 78, 66, 41, 64, 48, 52, 67, 13, 4, 1, 1, 2, 16, NULL),
(1647, 'サカナ', NULL, NULL, 'sakana', NULL, NULL, NULL, 113, 113, 52, 64, 51, 51, 46, 69, 51, 24, 2, 3, 1, 2, 16, NULL),
(1648, 'サル', NULL, NULL, 'saru', NULL, NULL, NULL, 108, 96, 54, 64, 56, 48, 53, 52, 54, 25, 1, 2, 1, 2, 16, NULL),
(1649, 'チーター', NULL, NULL, 'chiitaa', NULL, NULL, NULL, 99, 112, 59, 47, 69, 46, 84, 42, 47, 58, 1, 1, 1, 2, 16, NULL),
(1650, 'ニワトリ', NULL, NULL, 'niwatori', NULL, NULL, NULL, 104, 101, 52, 44, 56, 46, 64, 67, 54, 45, 3, 2, 1, 2, 16, NULL),
(1651, 'ネズミ', NULL, NULL, 'nezumi', NULL, NULL, NULL, 113, 94, 42, 50, 52, 44, 79, 54, 45, 50, 4, 2, 1, 2, 16, NULL),
(1652, 'パンダ', NULL, NULL, 'panda', NULL, NULL, NULL, 115, 124, 56, 53, 48, 58, 52, 55, 46, 42, 3, 1, 1, 2, 16, NULL),
(1653, 'ヘビ', NULL, NULL, 'hebi', NULL, NULL, NULL, 106, 123, 55, 63, 62, 49, 55, 65, 45, 24, 2, 1, 1, 2, 16, NULL),
(1654, 'ライオン', NULL, NULL, 'raion', NULL, NULL, NULL, 138, 109, 78, 52, 42, 64, 51, 54, 58, 39, 4, 3, 1, 2, 16, NULL),
(1655, 'ワシ', NULL, NULL, 'washi', NULL, NULL, NULL, 117, 120, 56, 68, 67, 49, 68, 53, 68, 25, 1, 2, 1, 2, 16, NULL),
(1656, 'あらた', NULL, NULL, 'arata', NULL, NULL, NULL, 121, 125, 57, 58, 70, 52, 62, 60, 55, 21, 3, 1, 1, 2, 16, NULL),
(1657, 'いわお', NULL, NULL, 'iwao', NULL, NULL, NULL, 106, 104, 56, 46, 63, 48, 48, 52, 52, 44, 3, 2, 1, 2, 16, NULL),
(1658, 'きょう', NULL, NULL, 'kyou', NULL, NULL, NULL, 127, 95, 50, 62, 52, 48, 52, 57, 51, 41, 4, 3, 1, 2, 16, NULL),
(1659, 'けい', NULL, NULL, 'kei', NULL, NULL, NULL, 101, 118, 47, 53, 53, 60, 62, 48, 47, 30, 2, 2, 1, 2, 16, NULL),
(1660, 'しん', NULL, NULL, 'shin', NULL, NULL, NULL, 107, 109, 49, 53, 64, 51, 50, 53, 49, 34, 2, 2, 1, 2, 16, NULL),
(1661, 'せり', NULL, NULL, 'seri', NULL, NULL, NULL, 120, 113, 55, 54, 50, 49, 55, 58, 46, 48, 1, 1, 1, 2, 16, NULL),
(1662, 'たけし', NULL, NULL, 'takeshi', NULL, NULL, NULL, 137, 131, 56, 69, 58, 76, 68, 50, 52, 32, 2, 4, 1, 2, 16, NULL),
(1663, 'つづき', NULL, NULL, 'tsuzuki', NULL, NULL, NULL, 103, 137, 56, 48, 47, 55, 50, 46, 60, 35, 1, 2, 1, 2, 16, NULL),
(1664, 'つよし', NULL, NULL, 'tsuyoshi', NULL, NULL, NULL, 112, 121, 48, 46, 50, 57, 47, 55, 68, 31, 3, 3, 1, 2, 16, NULL),
(1665, 'ながとも', NULL, NULL, 'nagatomo', NULL, NULL, NULL, 109, 101, 58, 49, 54, 50, 55, 58, 46, 34, 3, 1, 1, 2, 16, NULL),
(1666, 'のり', NULL, NULL, 'nori', NULL, NULL, NULL, 113, 110, 47, 47, 48, 60, 48, 71, 50, 34, 2, 3, 1, 2, 16, NULL),
(1667, 'ばく', NULL, NULL, 'baku', NULL, NULL, NULL, 115, 98, 55, 67, 52, 49, 48, 50, 49, 46, 3, 2, 1, 2, 16, NULL),
(1668, 'ひらお', NULL, NULL, 'hirao', NULL, NULL, NULL, 110, 113, 55, 52, 45, 58, 46, 44, 67, 39, 4, 2, 1, 2, 16, NULL),
(1669, 'ましも', NULL, NULL, 'mashimo', NULL, NULL, NULL, 122, 105, 44, 40, 40, 69, 48, 61, 70, 37, 2, 4, 1, 2, 16, NULL),
(1670, 'みずぶち', NULL, NULL, 'mizubuchi', NULL, NULL, NULL, 98, 101, 48, 64, 51, 52, 45, 64, 45, 15, 2, 3, 1, 2, 16, NULL),
(1671, 'ゆう', NULL, NULL, 'yuu', NULL, NULL, NULL, 109, 112, 52, 59, 48, 47, 61, 57, 48, 39, 1, 3, 1, 2, 16, NULL),
(1672, 'アーケード', NULL, NULL, 'aakeedo', NULL, NULL, NULL, 118, 104, 57, 57, 55, 56, 52, 47, 53, 28, 2, 1, 1, 2, 16, NULL),
(1673, 'アイドル', NULL, NULL, 'aidoru', NULL, NULL, NULL, 101, 141, 60, 58, 54, 55, 58, 65, 47, 23, 4, 4, 1, 2, 16, NULL),
(1674, 'オンライン', NULL, NULL, 'onrain', NULL, NULL, NULL, 96, 105, 54, 56, 64, 62, 55, 44, 49, 25, 2, 1, 1, 2, 16, NULL),
(1675, 'きうち', NULL, NULL, 'kiuchi', NULL, NULL, NULL, 117, 105, 54, 56, 55, 52, 53, 48, 59, 29, 1, 2, 1, 2, 16, NULL),
(1676, 'ゲームき', NULL, NULL, 'geemuki', NULL, NULL, NULL, 105, 108, 58, 60, 59, 52, 55, 45, 59, 28, 3, 1, 1, 2, 16, NULL),
(1677, 'コスプレ', NULL, NULL, 'kosupure', NULL, NULL, NULL, 107, 128, 59, 52, 56, 58, 56, 40, 62, 30, 4, 3, 1, 2, 16, NULL),
(1678, 'じさくは', NULL, NULL, 'jisakuha', NULL, NULL, NULL, 112, 120, 58, 62, 52, 61, 54, 47, 59, 49, 1, 1, 1, 2, 16, NULL),
(1679, 'せいゆう', NULL, NULL, 'seiyuu', NULL, NULL, NULL, 100, 117, 48, 55, 60, 53, 46, 50, 47, 41, 1, 3, 1, 2, 16, NULL),
(1680, 'てっちゃん', NULL, NULL, 'tecchan', NULL, NULL, NULL, 98, 116, 61, 60, 53, 56, 52, 41, 54, 37, 3, 3, 1, 2, 16, NULL),
(1681, 'とうま', NULL, NULL, 'touma', NULL, NULL, NULL, 120, 98, 53, 63, 61, 72, 48, 28, 49, 30, 3, 4, 1, 2, 16, NULL),
(1682, 'ネット', NULL, NULL, 'netto', NULL, NULL, NULL, 116, 114, 46, 62, 54, 52, 49, 59, 49, 38, 2, 3, 1, 2, 16, NULL),
(1683, 'ノベル', NULL, NULL, 'noberu', NULL, NULL, NULL, 94, 124, 60, 55, 56, 58, 61, 57, 48, 26, 2, 2, 1, 2, 16, NULL),
(1684, 'ヒーロー', NULL, NULL, 'hiiroo', NULL, NULL, NULL, 123, 107, 62, 62, 61, 55, 56, 50, 71, 22, 3, 2, 1, 2, 16, NULL),
(1685, 'フィギュア', NULL, NULL, 'figyua', NULL, NULL, NULL, 99, 123, 54, 58, 61, 45, 46, 48, 48, 26, 4, 3, 1, 2, 16, NULL),
(1686, 'まんがか', NULL, NULL, 'mangaka', NULL, NULL, NULL, 109, 121, 52, 56, 58, 63, 53, 51, 64, 21, 1, 1, 1, 2, 16, NULL),
(1687, 'ロボ', NULL, NULL, 'robo', NULL, NULL, NULL, 114, 126, 60, 60, 52, 58, 54, 41, 51, 34, 1, 2, 1, 2, 16, NULL),
(1688, 'えな', NULL, NULL, 'ena', NULL, NULL, NULL, 105, 125, 53, 60, 52, 61, 54, 52, 53, 28, 1, 1, 1, 2, 16, NULL),
(1689, 'おおくす', NULL, NULL, 'ookusu', NULL, NULL, NULL, 125, 120, 61, 53, 57, 52, 47, 54, 46, 66, 4, 1, 1, 2, 16, NULL),
(1690, 'ごじょう', NULL, NULL, 'gojou', NULL, NULL, NULL, 118, 128, 62, 52, 70, 62, 63, 60, 52, 10, 2, 3, 1, 2, 16, NULL),
(1691, 'さきやま', NULL, NULL, 'sakiyama', NULL, NULL, NULL, 117, 124, 51, 71, 67, 52, 68, 54, 62, 9, 3, 2, 1, 2, 16, NULL),
(1692, 'しぶき', NULL, NULL, 'shibuki', NULL, NULL, NULL, 126, 121, 53, 52, 54, 56, 52, 60, 44, 54, 1, 2, 1, 2, 16, NULL),
(1693, 'じもん', NULL, NULL, 'jimon', NULL, NULL, NULL, 111, 121, 60, 55, 68, 68, 52, 61, 64, 4, 2, 1, 1, 2, 16, NULL),
(1694, 'だいでん', NULL, NULL, 'daiden', NULL, NULL, NULL, 130, 108, 54, 64, 59, 71, 44, 63, 62, 18, 4, 3, 1, 2, 16, NULL),
(1695, 'どうめん', NULL, NULL, 'doumen', NULL, NULL, NULL, 122, 124, 45, 56, 76, 59, 69, 60, 61, 10, 1, 2, 1, 2, 16, NULL),
(1696, 'なるかみ', NULL, NULL, 'narukami', NULL, NULL, NULL, 120, 124, 60, 64, 58, 69, 59, 62, 66, 2, 1, 2, 1, 2, 16, NULL),
(1697, 'ばんじょう', NULL, NULL, 'banjou', NULL, NULL, NULL, 124, 120, 58, 63, 62, 60, 59, 55, 69, 7, 2, 3, 1, 2, 16, NULL),
(1698, 'ひょうどう', NULL, NULL, 'hyoudou', NULL, NULL, NULL, 108, 130, 58, 55, 63, 62, 65, 62, 55, 8, 2, 4, 1, 2, 16, NULL),
(1699, 'へんみ', NULL, NULL, 'henmi', NULL, NULL, NULL, 120, 121, 62, 60, 72, 59, 65, 57, 52, 6, 1, 2, 1, 2, 16, NULL),
(1700, 'むくもと', NULL, NULL, 'mukumoto', NULL, NULL, NULL, 112, 118, 54, 57, 70, 63, 53, 56, 55, 14, 1, 1, 1, 2, 16, NULL),
(1701, 'いでうら', NULL, NULL, 'ideura', NULL, NULL, NULL, 104, 107, 58, 61, 69, 55, 59, 57, 54, 8, 2, 2, 1, 2, 16, NULL),
(1702, 'かとう', NULL, NULL, 'katou', NULL, NULL, NULL, 115, 102, 52, 58, 62, 62, 55, 61, 54, 12, 4, 3, 1, 2, 16, NULL),
(1703, 'きど', NULL, NULL, 'kido', NULL, NULL, NULL, 103, 129, 53, 60, 52, 68, 52, 68, 52, 16, 1, 4, 1, 2, 16, NULL),
(1704, 'きりがくれ', NULL, NULL, 'kirigakure', NULL, NULL, NULL, 122, 122, 52, 61, 61, 54, 60, 68, 55, 27, 3, 1, 1, 2, 16, NULL),
(1705, 'こうが', NULL, NULL, 'kouga', NULL, NULL, NULL, 102, 109, 53, 63, 59, 56, 47, 65, 60, 17, 1, 2, 1, 2, 16, NULL),
(1706, 'こうさか', NULL, NULL, 'kousaka', NULL, NULL, NULL, 104, 113, 55, 62, 60, 53, 54, 63, 61, 24, 1, 3, 1, 2, 16, NULL),
(1707, 'ゴエモン', NULL, NULL, 'goemon', NULL, NULL, NULL, 116, 107, 54, 53, 57, 56, 55, 58, 63, 16, 3, 3, 1, 2, 16, NULL),
(1708, 'さるとび', NULL, NULL, 'sarutobi', NULL, NULL, NULL, 102, 114, 56, 58, 53, 56, 69, 68, 59, 9, 1, 2, 1, 2, 16, NULL),
(1709, 'じらいや', NULL, NULL, 'jiraiya', NULL, NULL, NULL, 122, 110, 63, 60, 63, 62, 54, 57, 60, 15, 4, 3, 1, 2, 16, NULL),
(1710, 'たきがわ', NULL, NULL, 'takigawa', NULL, NULL, NULL, 111, 105, 56, 56, 52, 63, 64, 55, 62, 6, 1, 2, 1, 2, 16, NULL),
(1711, 'はちや', NULL, NULL, 'hachiya', NULL, NULL, NULL, 117, 116, 62, 56, 56, 53, 60, 54, 57, 7, 1, 1, 1, 2, 16, NULL),
(1712, 'はつとり', NULL, NULL, 'hatsutori', NULL, NULL, NULL, 103, 114, 60, 55, 59, 44, 60, 60, 56, 20, 2, 2, 1, 2, 16, NULL),
(1713, 'ふうま', NULL, NULL, 'fuuma', NULL, NULL, NULL, 105, 126, 60, 56, 60, 57, 54, 68, 61, 28, 4, 2, 1, 2, 16, NULL),
(1714, 'ふじばやし', NULL, NULL, 'fujibayashi', NULL, NULL, NULL, 124, 129, 62, 61, 56, 60, 55, 60, 63, 24, 4, 3, 1, 2, 16, NULL),
(1715, 'ももち', NULL, NULL, 'momochi', NULL, NULL, NULL, 100, 138, 53, 59, 46, 73, 52, 55, 62, 16, 2, 4, 1, 2, 16, NULL),
(1716, 'やぎゅう', NULL, NULL, 'yagyuu', NULL, NULL, NULL, 112, 121, 62, 60, 60, 60, 56, 60, 53, 15, 2, 1, 1, 2, 16, NULL),
(1717, 'あやの', NULL, NULL, 'ayano', NULL, NULL, NULL, 128, 114, 50, 53, 60, 73, 53, 64, 77, 4, 3, 4, 1, 2, 16, NULL);
INSERT INTO `player` (`player_id`, `player_name_ja`, `player_name_hiragana`, `player_name_kanji`, `player_name_romanji`, `player_name_en`, `player_name_en_full`, `player_initial_lv`, `player_gp_99`, `player_tp_99`, `player_kick_99`, `player_body_99`, `player_control_99`, `player_guard_99`, `player_speed_99`, `player_stamina_99`, `player_guts_99`, `player_freedom_99`, `attri_id`, `positi_id`, `gender_id`, `body_type_id`, `player_obtention_method_id`, `original_version`) VALUES
(1718, 'いくい', NULL, NULL, 'ikui', NULL, NULL, NULL, 139, 104, 42, 55, 63, 76, 53, 60, 55, 5, 2, 2, 1, 2, 16, NULL),
(1719, 'いぬかい', NULL, NULL, 'inukai', NULL, NULL, NULL, 131, 107, 48, 62, 57, 75, 54, 60, 56, 9, 1, 3, 1, 2, 16, NULL),
(1720, 'おおごい', NULL, NULL, 'oogoi', NULL, NULL, NULL, 135, 108, 71, 40, 46, 72, 62, 66, 71, 3, 3, 2, 1, 2, 16, NULL),
(1721, 'くさお', NULL, NULL, 'kusao', NULL, NULL, NULL, 126, 108, 46, 56, 41, 72, 62, 61, 60, 25, 4, 4, 1, 2, 16, NULL),
(1722, 'しおたに', NULL, NULL, 'shiotani', NULL, NULL, NULL, 133, 108, 49, 60, 62, 79, 52, 70, 56, 4, 3, 3, 1, 2, 16, NULL),
(1723, 'すみの', NULL, NULL, 'sumino', NULL, NULL, NULL, 134, 105, 42, 56, 52, 77, 58, 68, 61, 11, 4, 3, 1, 2, 16, NULL),
(1724, 'せりざわ', NULL, NULL, 'serizawa', NULL, NULL, NULL, 135, 102, 44, 57, 54, 70, 54, 65, 60, 19, 2, 3, 1, 2, 16, NULL),
(1725, 'だいち', NULL, NULL, 'daichi', NULL, NULL, NULL, 128, 108, 53, 52, 53, 72, 60, 62, 72, 4, 1, 2, 1, 2, 16, NULL),
(1726, 'たぬしまる', NULL, NULL, 'tanushimaru', NULL, NULL, NULL, 139, 110, 50, 52, 58, 70, 62, 59, 68, 5, 2, 1, 1, 2, 16, NULL),
(1727, 'はらの', NULL, NULL, 'harano', NULL, NULL, NULL, 137, 105, 59, 58, 52, 66, 61, 61, 70, 4, 4, 2, 1, 2, 16, NULL),
(1728, 'ふくい', NULL, NULL, 'fukui', NULL, NULL, NULL, 132, 108, 47, 57, 44, 73, 56, 63, 54, 17, 2, 3, 1, 2, 16, NULL),
(1729, 'ふじ', NULL, NULL, 'fuji', NULL, NULL, NULL, 133, 118, 52, 56, 51, 70, 59, 64, 53, 19, 1, 3, 1, 2, 16, NULL),
(1730, 'まきや', NULL, NULL, 'makiya', NULL, NULL, NULL, 134, 108, 40, 56, 52, 79, 63, 66, 53, 27, 4, 3, 1, 2, 16, NULL),
(1731, 'やまね', NULL, NULL, 'yamane', NULL, NULL, NULL, 137, 106, 40, 54, 54, 68, 56, 63, 56, 17, 4, 3, 1, 2, 16, NULL),
(1732, 'よねやま', NULL, NULL, 'yoneyama', NULL, NULL, NULL, 132, 106, 53, 53, 44, 76, 61, 68, 61, 11, 4, 3, 1, 2, 16, NULL),
(1733, 'いしい', NULL, NULL, 'ishii', NULL, NULL, NULL, 120, 104, 52, 48, 52, 43, 52, 55, 52, 69, 1, 3, 1, 2, 16, NULL),
(1734, 'くろべ', NULL, NULL, 'kurobe', NULL, NULL, NULL, 123, 104, 53, 52, 56, 52, 67, 45, 54, 48, 4, 3, 1, 2, 16, NULL),
(1735, 'だんどう', NULL, NULL, 'dandou', NULL, NULL, NULL, 113, 115, 52, 46, 46, 71, 50, 68, 58, 20, 2, 4, 1, 2, 16, NULL),
(1736, 'つとむ', NULL, NULL, 'tsutomu', NULL, NULL, NULL, 118, 122, 74, 60, 68, 56, 60, 59, 54, 12, 4, 1, 1, 2, 16, NULL),
(1737, 'とびやま', NULL, NULL, 'tobiyama', NULL, NULL, NULL, 120, 114, 54, 56, 55, 56, 57, 56, 55, 29, 1, 2, 1, 2, 16, NULL),
(1738, 'とも', NULL, NULL, 'tomo', NULL, NULL, NULL, 117, 120, 65, 67, 62, 57, 62, 58, 58, 9, 1, 1, 1, 2, 16, NULL),
(1739, 'なかい', NULL, NULL, 'nakai', NULL, NULL, NULL, 122, 113, 48, 44, 55, 47, 55, 54, 52, 50, 4, 3, 1, 2, 16, NULL),
(1740, 'なんざん', NULL, NULL, 'nanzan', NULL, NULL, NULL, 127, 140, 78, 62, 54, 79, 48, 51, 44, 9, 3, 4, 1, 2, 16, NULL),
(1741, 'にしがき', NULL, NULL, 'nishigaki', NULL, NULL, NULL, 105, 122, 63, 69, 54, 62, 67, 53, 52, 21, 3, 3, 1, 2, 16, NULL),
(1742, 'ふかざわ', NULL, NULL, 'fukazawa', NULL, NULL, NULL, 126, 118, 54, 46, 48, 53, 45, 52, 54, 49, 4, 2, 1, 2, 16, NULL),
(1743, 'まさる', NULL, NULL, 'masaru', NULL, NULL, NULL, 106, 138, 57, 61, 61, 52, 60, 60, 69, 26, 3, 1, 1, 2, 16, NULL),
(1744, 'まもりの', NULL, NULL, 'mamorino', NULL, NULL, NULL, 118, 119, 55, 52, 52, 46, 47, 45, 48, 53, 2, 2, 1, 2, 16, NULL),
(1745, 'みつむね', NULL, NULL, 'mitsumune', NULL, NULL, NULL, 118, 105, 59, 70, 49, 65, 46, 51, 52, 26, 2, 3, 1, 2, 16, NULL),
(1746, 'めがわ', NULL, NULL, 'megawa', NULL, NULL, NULL, 115, 118, 61, 55, 55, 60, 55, 53, 52, 17, 2, 3, 1, 2, 16, NULL),
(1747, 'もぎ', NULL, NULL, 'mogi', NULL, NULL, NULL, 118, 105, 52, 60, 60, 52, 63, 53, 58, 28, 2, 2, 1, 2, 16, NULL),
(1748, 'やかた', NULL, NULL, 'yakata', NULL, NULL, NULL, 121, 115, 52, 62, 57, 61, 54, 52, 56, 30, 2, 2, 1, 2, 16, NULL),
(1749, 'アキレス', NULL, NULL, 'akiresu', NULL, NULL, NULL, 110, 127, 72, 60, 62, 51, 63, 60, 55, 7, 4, 1, 1, 2, 16, NULL),
(1750, 'アテナ', NULL, NULL, 'atena', NULL, NULL, NULL, 106, 128, 60, 63, 62, 63, 71, 56, 57, 3, 2, 2, 1, 2, 16, NULL),
(1751, 'アフロディ', NULL, NULL, 'afurodi', NULL, NULL, NULL, 108, 132, 79, 69, 77, 59, 61, 49, 52, 27, 2, 2, 1, 2, 16, 2059),
(1752, 'アポロン', NULL, NULL, 'aporon', NULL, NULL, NULL, 108, 128, 69, 70, 62, 73, 53, 48, 55, 12, 2, 3, 1, 2, 16, NULL),
(1753, 'アルテミス', NULL, NULL, 'arutemisu', NULL, NULL, NULL, 102, 122, 62, 56, 76, 60, 44, 45, 58, 20, 1, 2, 1, 2, 16, NULL),
(1754, 'アレス', NULL, NULL, 'aresu', NULL, NULL, NULL, 112, 125, 61, 72, 65, 68, 56, 57, 60, 3, 4, 3, 1, 2, 16, NULL),
(1755, 'イカロス', NULL, NULL, 'ikarosu', NULL, NULL, NULL, 111, 125, 68, 62, 66, 70, 44, 59, 64, 8, 1, 4, 1, 2, 16, NULL),
(1756, 'クロノス', NULL, NULL, 'kuronosu', NULL, NULL, NULL, 108, 126, 48, 66, 62, 62, 60, 59, 66, 10, 2, 3, 1, 2, 16, NULL),
(1757, 'ディオ', NULL, NULL, 'dio', NULL, NULL, NULL, 114, 126, 62, 68, 60, 67, 50, 53, 64, 9, 1, 3, 1, 2, 16, NULL),
(1758, 'デメテル', NULL, NULL, 'demeteru', NULL, NULL, NULL, 128, 130, 70, 59, 64, 56, 60, 63, 62, 7, 3, 1, 1, 2, 16, NULL),
(1759, 'ヘパイス', NULL, NULL, 'hepaisu', NULL, NULL, NULL, 103, 131, 60, 60, 65, 69, 62, 58, 58, 6, 3, 3, 1, 2, 16, NULL),
(1760, 'ヘラ', NULL, NULL, 'hera', NULL, NULL, NULL, 126, 128, 48, 68, 60, 67, 64, 70, 60, 7, 3, 2, 1, 2, 16, NULL),
(1761, 'ヘラクレス', NULL, NULL, 'herakuresu', NULL, NULL, NULL, 105, 125, 54, 60, 66, 68, 55, 53, 65, 14, 3, 3, 1, 2, 16, NULL),
(1762, 'ヘルメス', NULL, NULL, 'herumesu', NULL, NULL, NULL, 106, 124, 56, 58, 69, 62, 57, 57, 62, 14, 2, 2, 1, 2, 16, NULL),
(1763, 'ポセイドン', NULL, NULL, 'poseidon', NULL, NULL, NULL, 107, 140, 60, 59, 50, 81, 44, 56, 70, 13, 4, 4, 1, 2, 16, NULL),
(1764, 'メドゥーサ', NULL, NULL, 'medusa', NULL, NULL, NULL, 109, 130, 59, 71, 62, 58, 63, 60, 51, 6, 4, 2, 1, 2, 16, NULL),
(1765, 'あらや', NULL, NULL, 'araya', NULL, NULL, NULL, 102, 136, 48, 59, 57, 54, 63, 57, 60, 30, 1, 2, 2, 2, 16, NULL),
(1766, 'いや', NULL, NULL, 'iya', NULL, NULL, NULL, 106, 124, 56, 60, 61, 54, 61, 53, 65, 20, 2, 2, 1, 2, 16, NULL),
(1767, 'おしや', NULL, NULL, 'oshiya', NULL, NULL, NULL, 109, 110, 52, 62, 54, 55, 54, 60, 62, 19, 1, 3, 1, 2, 16, NULL),
(1768, 'きたみ', NULL, NULL, 'kitami', NULL, NULL, NULL, 118, 117, 56, 57, 56, 58, 64, 65, 64, 18, 2, 1, 1, 2, 16, NULL),
(1769, 'ごりょう', NULL, NULL, 'goryou', NULL, NULL, NULL, 107, 116, 56, 57, 52, 53, 60, 53, 60, 26, 3, 3, 1, 2, 16, NULL),
(1770, 'しつはら', NULL, NULL, 'shitsuhara', NULL, NULL, NULL, 111, 109, 60, 54, 69, 57, 60, 53, 58, 12, 3, 2, 1, 2, 16, NULL),
(1771, 'しろくま', NULL, NULL, 'shirokuma', NULL, NULL, NULL, 124, 104, 60, 69, 51, 68, 56, 58, 56, 8, 2, 3, 1, 2, 16, NULL),
(1772, 'すみたに', NULL, NULL, 'sumitani', NULL, NULL, NULL, 113, 121, 47, 58, 59, 66, 57, 63, 71, 16, 4, 4, 1, 2, 16, NULL),
(1773, 'そらの', NULL, NULL, 'sorano', NULL, NULL, NULL, 117, 119, 56, 52, 62, 53, 68, 54, 55, 22, 2, 2, 1, 2, 16, NULL),
(1774, 'ちひら', NULL, NULL, 'chihira', NULL, NULL, NULL, 105, 118, 55, 63, 52, 52, 60, 58, 60, 12, 2, 1, 1, 2, 16, NULL),
(1775, 'はこだ', NULL, NULL, 'hakoda', NULL, NULL, NULL, 118, 129, 57, 56, 53, 69, 51, 67, 66, 15, 1, 4, 1, 2, 16, NULL),
(1776, 'ふぶき', NULL, NULL, 'fubuki', NULL, NULL, NULL, 108, 120, 59, 57, 68, 64, 70, 69, 50, 8, 1, 3, 1, 2, 16, 1265),
(1777, 'まとろ', NULL, NULL, 'matoro', NULL, NULL, NULL, 109, 133, 54, 54, 55, 63, 52, 56, 63, 36, 3, 3, 2, 2, 16, NULL),
(1778, 'まぶか', NULL, NULL, 'mabuka', NULL, NULL, NULL, 104, 122, 57, 61, 65, 52, 52, 53, 69, 23, 2, 3, 1, 2, 16, NULL),
(1779, 'ゆきの', NULL, NULL, 'yukino', NULL, NULL, NULL, 113, 115, 53, 65, 51, 72, 58, 62, 68, 10, 4, 2, 1, 2, 16, NULL),
(1780, 'れつと', NULL, NULL, 'retsuto', NULL, NULL, NULL, 125, 127, 65, 62, 52, 59, 58, 58, 61, 27, 1, 1, 1, 2, 16, NULL),
(1781, 'あたろう', NULL, NULL, 'atarou', NULL, NULL, NULL, 126, 116, 59, 56, 68, 60, 62, 64, 71, 8, 3, 1, 1, 2, 16, NULL),
(1782, 'いちかわ', NULL, NULL, 'ichikawa', NULL, NULL, NULL, 114, 121, 57, 52, 70, 61, 56, 56, 64, 12, 2, 2, 1, 2, 16, NULL),
(1783, 'いつしげ', NULL, NULL, 'itsushige', NULL, NULL, NULL, 108, 118, 53, 54, 60, 56, 55, 55, 65, 16, 1, 4, 1, 2, 16, NULL),
(1784, 'うすけ', NULL, NULL, 'usuke', NULL, NULL, NULL, 126, 118, 75, 55, 59, 57, 72, 52, 71, 10, 1, 1, 1, 2, 16, NULL),
(1785, 'おさもと', NULL, NULL, 'osamoto', NULL, NULL, NULL, 110, 107, 63, 60, 54, 57, 52, 56, 57, 22, 1, 1, 1, 2, 16, NULL),
(1786, 'かきた', NULL, NULL, 'kakita', NULL, NULL, NULL, 116, 138, 58, 71, 53, 62, 58, 57, 69, 17, 2, 4, 1, 2, 16, NULL),
(1787, 'かげた', NULL, NULL, 'kageta', NULL, NULL, NULL, 119, 120, 60, 56, 57, 53, 68, 58, 55, 10, 2, 1, 1, 2, 16, NULL),
(1788, 'かも', NULL, NULL, 'kamo', NULL, NULL, NULL, 106, 120, 58, 57, 59, 58, 57, 60, 58, 10, 2, 3, 1, 2, 16, NULL),
(1789, 'こざん', NULL, NULL, 'kozan', NULL, NULL, NULL, 117, 103, 60, 61, 54, 52, 57, 58, 57, 7, 3, 2, 1, 2, 16, NULL),
(1790, 'こむそう', NULL, NULL, 'komusou', NULL, NULL, NULL, 113, 117, 58, 53, 70, 62, 54, 61, 59, 19, 2, 2, 1, 2, 16, NULL),
(1791, 'さとり', NULL, NULL, 'satori', NULL, NULL, NULL, 115, 110, 66, 60, 68, 60, 62, 54, 56, 12, 1, 3, 1, 2, 16, NULL),
(1792, 'ふくみ', NULL, NULL, 'fukumi', NULL, NULL, NULL, 127, 106, 58, 62, 55, 54, 57, 60, 70, 9, 2, 3, 1, 2, 16, NULL),
(1793, 'ほうぎょく', NULL, NULL, 'hougyoku', NULL, NULL, NULL, 106, 107, 56, 53, 59, 52, 57, 62, 48, 33, 4, 3, 1, 2, 16, NULL),
(1794, 'まかない', NULL, NULL, 'makanai', NULL, NULL, NULL, 107, 113, 53, 58, 67, 56, 62, 59, 53, 23, 3, 3, 1, 2, 16, NULL),
(1795, 'まなびや', NULL, NULL, 'manabiya', NULL, NULL, NULL, 102, 119, 54, 57, 62, 52, 53, 57, 56, 24, 1, 2, 1, 2, 16, NULL),
(1796, 'いっしき', NULL, NULL, 'isshiki', NULL, NULL, NULL, 119, 118, 68, 56, 52, 64, 53, 66, 48, 15, 4, 2, 1, 2, 16, NULL),
(1797, 'いやたに', NULL, NULL, 'iyatani', NULL, NULL, NULL, 112, 106, 53, 56, 62, 64, 62, 67, 62, 8, 4, 3, 1, 2, 16, NULL),
(1798, 'かたくら', NULL, NULL, 'katakura', NULL, NULL, NULL, 110, 122, 52, 65, 56, 67, 54, 58, 55, 15, 2, 4, 1, 2, 16, NULL),
(1799, 'げんおう', NULL, NULL, 'genou', NULL, NULL, NULL, 130, 120, 58, 56, 61, 72, 57, 62, 53, 22, 3, 4, 1, 2, 16, 2076),
(1800, 'ごういん', NULL, NULL, 'gouin', NULL, NULL, NULL, 150, 103, 56, 66, 62, 64, 64, 55, 60, 11, 2, 3, 1, 2, 16, NULL),
(1801, 'さくま', NULL, NULL, 'sakuma', NULL, NULL, NULL, 129, 115, 75, 60, 57, 49, 58, 76, 58, 20, 2, 1, 1, 2, 16, 585),
(1802, 'じくわ', NULL, NULL, 'jikuwa', NULL, NULL, 5, 108, 112, 58, 56, 63, 59, 64, 59, 55, 14, 3, 3, 1, 2, 16, NULL),
(1803, 'しょうに', NULL, NULL, 'shouni', NULL, NULL, NULL, 115, 104, 60, 54, 61, 54, 65, 60, 58, 17, 1, 3, 1, 2, 16, NULL),
(1804, 'そうま', NULL, NULL, 'souma', NULL, NULL, NULL, 106, 104, 57, 57, 61, 51, 60, 56, 62, 20, 1, 1, 1, 2, 16, NULL),
(1805, 'たいや', NULL, NULL, 'taiya', NULL, NULL, NULL, 116, 112, 56, 62, 63, 60, 62, 63, 58, 8, 1, 3, 1, 2, 16, NULL),
(1806, 'たかなし', NULL, NULL, 'takanashi', NULL, NULL, NULL, 105, 138, 57, 63, 64, 54, 58, 59, 60, 13, 1, 2, 2, 2, 16, NULL),
(1807, 'ひえ', NULL, NULL, 'hie', NULL, NULL, NULL, 103, 126, 63, 60, 57, 54, 60, 69, 52, 16, 2, 1, 1, 2, 16, NULL),
(1808, 'ひから', NULL, NULL, 'hikara', NULL, NULL, NULL, 126, 110, 56, 64, 58, 57, 66, 63, 61, 14, 4, 2, 1, 2, 16, NULL),
(1809, 'ふどう', NULL, NULL, 'fudou', NULL, NULL, NULL, 118, 127, 61, 78, 66, 54, 64, 50, 53, 23, 3, 2, 1, 2, 16, 1259),
(1810, 'べつき', NULL, NULL, 'betsuki', NULL, NULL, NULL, 117, 110, 59, 52, 63, 60, 61, 52, 68, 10, 2, 2, 1, 2, 16, NULL),
(1811, 'めざ', NULL, NULL, 'meza', NULL, NULL, NULL, 109, 117, 52, 63, 70, 52, 57, 51, 58, 18, 2, 2, 1, 2, 16, NULL),
(1812, 'おぎん', NULL, NULL, 'ogin', NULL, NULL, NULL, 114, 128, 52, 58, 55, 57, 58, 51, 62, 26, 3, 2, 2, 2, 16, NULL),
(1813, 'かつよ', NULL, NULL, 'katsuyo', NULL, NULL, NULL, 119, 132, 56, 54, 58, 58, 56, 52, 63, 44, 3, 3, 2, 2, 16, NULL),
(1814, 'コイ', NULL, NULL, 'koi', NULL, NULL, NULL, 95, 148, 48, 65, 59, 67, 50, 52, 71, 18, 3, 4, 2, 2, 16, NULL),
(1815, 'こうこ', NULL, NULL, 'kouko', NULL, NULL, NULL, 108, 137, 61, 56, 61, 65, 60, 52, 52, 28, 2, 3, 2, 2, 16, NULL),
(1816, 'ともえ', NULL, NULL, 'tomoe', NULL, NULL, NULL, 145, 133, 52, 60, 52, 60, 55, 58, 52, 9, 4, 4, 2, 2, 16, NULL),
(1817, 'のっこ', NULL, NULL, 'nokko', NULL, NULL, NULL, 108, 129, 52, 58, 60, 53, 57, 60, 58, 25, 2, 2, 2, 2, 16, NULL),
(1818, 'はなえ', NULL, NULL, 'hanae', NULL, NULL, NULL, 108, 142, 54, 60, 54, 62, 55, 57, 63, 26, 3, 4, 2, 2, 16, NULL),
(1819, 'はなこ', NULL, NULL, 'hanako', NULL, NULL, NULL, 115, 132, 63, 59, 59, 55, 53, 60, 54, 27, 1, 2, 2, 2, 16, NULL),
(1820, 'はるみ', NULL, NULL, 'harumi', NULL, NULL, NULL, 138, 133, 52, 60, 68, 60, 66, 52, 52, 7, 2, 3, 2, 2, 16, NULL),
(1821, 'ひかり', NULL, NULL, 'hikari', NULL, NULL, NULL, 121, 112, 54, 55, 56, 55, 52, 60, 52, 7, 2, 3, 2, 2, 16, NULL),
(1822, 'ひろみ', NULL, NULL, 'hiromi', NULL, NULL, NULL, 125, 116, 56, 55, 64, 63, 54, 52, 59, 25, 1, 2, 2, 2, 16, NULL),
(1823, 'まつり', NULL, NULL, 'matsuri', NULL, NULL, NULL, 124, 127, 64, 59, 53, 51, 57, 63, 64, 24, 2, 2, 2, 2, 16, NULL),
(1824, 'まり', NULL, NULL, 'mari', NULL, NULL, NULL, 111, 129, 54, 61, 58, 53, 55, 54, 69, 29, 4, 2, 2, 2, 16, NULL),
(1825, 'みちこ', NULL, NULL, 'michiko', NULL, NULL, NULL, 104, 137, 58, 52, 56, 55, 54, 55, 57, 33, 2, 3, 2, 2, 16, NULL),
(1826, 'リカ', NULL, NULL, 'rika', NULL, NULL, NULL, 107, 108, 65, 60, 59, 54, 60, 52, 64, 25, 2, 1, 2, 2, 16, NULL),
(1827, 'れいか', NULL, NULL, 'reika', NULL, NULL, NULL, 103, 132, 57, 52, 58, 63, 53, 56, 54, 31, 2, 1, 2, 2, 16, NULL),
(1828, 'いしやま', NULL, NULL, 'ishiyama', NULL, NULL, NULL, 117, 108, 60, 66, 52, 64, 52, 65, 58, 16, 4, 3, 1, 2, 16, NULL),
(1829, 'おおほり', NULL, NULL, 'oohori', NULL, NULL, NULL, 116, 107, 60, 60, 53, 60, 59, 66, 60, 6, 2, 3, 1, 2, 16, NULL),
(1830, 'おきのしま', NULL, NULL, 'okinoshima', NULL, NULL, NULL, 114, 123, 59, 64, 52, 58, 59, 57, 62, 9, 1, 4, 1, 2, 16, NULL),
(1831, 'おやとみ', NULL, NULL, 'oyatomi', NULL, NULL, NULL, 113, 101, 61, 61, 56, 57, 54, 54, 55, 6, 2, 1, 1, 2, 16, NULL),
(1832, 'くろだ', NULL, NULL, 'kuroda', NULL, NULL, NULL, 111, 109, 73, 52, 62, 57, 52, 64, 53, 17, 1, 2, 1, 2, 16, NULL),
(1833, 'げんかい', NULL, NULL, 'genkai', NULL, NULL, NULL, 112, 105, 61, 63, 58, 68, 54, 64, 52, 6, 3, 3, 1, 2, 16, NULL),
(1834, 'しか', NULL, NULL, 'shika', NULL, NULL, NULL, 107, 117, 53, 62, 60, 53, 68, 63, 55, 10, 3, 2, 1, 2, 16, NULL),
(1835, 'だざい', NULL, NULL, 'dazai', NULL, NULL, NULL, 105, 118, 52, 52, 71, 47, 68, 57, 63, 13, 1, 1, 1, 2, 16, NULL),
(1836, 'ちくし', NULL, NULL, 'chikushi', NULL, NULL, NULL, 108, 116, 55, 56, 60, 55, 60, 60, 60, 10, 1, 3, 1, 2, 16, NULL),
(1837, 'とだ', NULL, NULL, 'toda', NULL, NULL, NULL, 117, 121, 65, 62, 57, 56, 65, 61, 64, 14, 2, 1, 1, 2, 16, NULL),
(1838, 'ながはま', NULL, NULL, 'nagahama', NULL, NULL, NULL, 119, 108, 55, 64, 51, 71, 48, 68, 67, 7, 4, 2, 1, 2, 16, NULL),
(1839, 'にわか', NULL, NULL, 'niwaka', NULL, NULL, NULL, 102, 127, 52, 64, 56, 66, 60, 56, 56, 12, 3, 4, 1, 2, 16, NULL),
(1840, 'まつばやし', NULL, NULL, 'matsubayashi', NULL, NULL, NULL, 115, 113, 54, 62, 58, 48, 67, 55, 64, 11, 3, 1, 1, 2, 16, NULL),
(1841, 'まつりだ', NULL, NULL, 'matsurida', NULL, NULL, NULL, 106, 104, 54, 64, 54, 51, 63, 62, 61, 12, 4, 1, 1, 2, 16, NULL),
(1842, 'みちはた', NULL, NULL, 'michihata', NULL, NULL, NULL, 118, 113, 64, 61, 59, 55, 57, 61, 58, 18, 2, 2, 1, 2, 16, NULL),
(1843, 'あかみね', NULL, NULL, 'akamine', NULL, NULL, NULL, 105, 117, 62, 57, 63, 54, 56, 62, 56, 11, 3, 3, 1, 2, 16, NULL),
(1844, 'あがりえ', NULL, NULL, 'agarie', NULL, NULL, NULL, 107, 116, 58, 67, 55, 52, 68, 64, 50, 17, 1, 1, 1, 2, 16, NULL),
(1845, 'あむろ', NULL, NULL, 'amuro', NULL, NULL, NULL, 104, 134, 54, 63, 52, 64, 59, 48, 57, 35, 1, 4, 1, 2, 16, NULL),
(1846, 'おとむら', NULL, NULL, 'otomura', NULL, NULL, NULL, 113, 121, 61, 56, 62, 62, 60, 63, 60, 14, 2, 2, 1, 2, 16, NULL),
(1847, 'おやどまり', NULL, NULL, 'oyadomari', NULL, NULL, NULL, 114, 113, 52, 63, 66, 62, 58, 55, 62, 8, 2, 3, 1, 2, 16, NULL),
(1848, 'ぎぼ', NULL, NULL, 'gibo', NULL, NULL, NULL, 112, 110, 59, 61, 59, 68, 52, 57, 63, 7, 4, 3, 1, 2, 16, NULL),
(1849, 'キャン', NULL, NULL, 'kyan', NULL, NULL, NULL, 103, 133, 59, 60, 53, 55, 52, 59, 60, 29, 3, 2, 2, 2, 16, NULL),
(1850, 'こじゃ', NULL, NULL, 'koja', NULL, NULL, NULL, 109, 113, 64, 60, 69, 52, 54, 59, 59, 6, 4, 2, 1, 2, 16, NULL),
(1851, 'サンゴ', NULL, NULL, 'sango', NULL, NULL, NULL, 92, 121, 58, 52, 57, 53, 55, 52, 53, 47, 1, 1, 2, 2, 16, NULL),
(1852, 'シャーク', NULL, NULL, 'shaaku', NULL, NULL, NULL, 118, 107, 62, 57, 56, 58, 71, 57, 55, 24, 1, 1, 1, 2, 16, NULL),
(1853, 'しゅり', NULL, NULL, 'shuri', NULL, NULL, NULL, 104, 125, 58, 68, 52, 76, 50, 59, 64, 10, 3, 4, 1, 2, 16, NULL),
(1854, 'ずけらん', NULL, NULL, 'zukeran', NULL, NULL, NULL, 115, 117, 60, 53, 58, 56, 61, 62, 61, 7, 3, 2, 1, 2, 16, NULL),
(1855, 'ダイバー', NULL, NULL, 'daibaa', NULL, NULL, NULL, 124, 108, 61, 55, 60, 53, 58, 68, 57, 10, 1, 3, 1, 2, 16, NULL),
(1856, 'ちねん', NULL, NULL, 'chinen', NULL, NULL, NULL, 116, 106, 65, 52, 54, 61, 56, 68, 69, 10, 4, 2, 1, 2, 16, NULL),
(1857, 'とぐち', NULL, NULL, 'toguchi', NULL, NULL, NULL, 117, 112, 60, 57, 53, 56, 61, 53, 60, 26, 1, 2, 1, 2, 16, NULL),
(1858, 'イオ', NULL, NULL, 'io', NULL, NULL, NULL, 113, 108, 52, 55, 62, 63, 70, 54, 63, 9, 3, 2, 1, 2, 16, NULL),
(1859, 'ガニメデ', NULL, NULL, 'ganimede', NULL, NULL, NULL, 112, 108, 64, 68, 58, 53, 59, 55, 56, 16, 4, 3, 1, 2, 16, NULL),
(1860, 'カロン', NULL, NULL, 'karon', NULL, NULL, NULL, 104, 120, 56, 55, 57, 70, 61, 52, 70, 10, 3, 3, 1, 2, 16, NULL),
(1861, 'ギグ', NULL, NULL, 'gigu', NULL, NULL, NULL, 118, 116, 55, 58, 61, 67, 70, 56, 55, 13, 3, 3, 1, 2, 16, NULL),
(1862, 'グリンゴ', NULL, NULL, 'guringo', NULL, NULL, NULL, 110, 115, 53, 66, 52, 64, 57, 61, 65, 8, 4, 2, 1, 2, 16, NULL),
(1863, 'コラル', NULL, NULL, 'koraru', NULL, NULL, NULL, 106, 113, 53, 54, 69, 63, 68, 56, 56, 9, 1, 3, 1, 2, 16, NULL),
(1864, 'ゴルレオ', NULL, NULL, 'gorureo', NULL, NULL, NULL, 108, 138, 55, 68, 56, 67, 53, 51, 59, 15, 2, 4, 1, 2, 16, NULL),
(1865, 'ディアム', NULL, NULL, 'diamu', NULL, NULL, NULL, 119, 115, 73, 59, 59, 50, 52, 54, 52, 38, 2, 1, 1, 2, 16, NULL),
(1866, 'パンドラ', NULL, NULL, 'pandora', NULL, NULL, NULL, 105, 129, 58, 59, 67, 54, 58, 56, 54, 26, 1, 2, 2, 2, 16, NULL),
(1867, 'リーム', NULL, NULL, 'riimu', NULL, NULL, NULL, 112, 124, 60, 54, 58, 49, 62, 63, 57, 29, 2, 1, 2, 2, 16, NULL),
(1868, 'レーゼ', NULL, NULL, 'reeze', NULL, NULL, NULL, 108, 104, 63, 55, 73, 52, 71, 51, 60, 23, 2, 2, 1, 2, 16, 1217),
(1869, 'クリプト', NULL, NULL, 'kuriputo', NULL, NULL, NULL, 107, 129, 59, 62, 58, 56, 65, 53, 56, 19, 1, 2, 2, 2, 16, NULL),
(1870, 'ケイソン', NULL, NULL, 'keison', NULL, NULL, NULL, 103, 112, 62, 65, 58, 60, 59, 56, 55, 6, 1, 3, 1, 2, 16, NULL),
(1871, 'ケンビル', NULL, NULL, 'kenbiru', NULL, NULL, NULL, 107, 115, 59, 53, 64, 52, 64, 60, 60, 17, 3, 3, 1, 2, 16, NULL),
(1872, 'スオーム', NULL, NULL, 'suoomu', NULL, NULL, NULL, 119, 117, 53, 68, 70, 63, 59, 61, 52, 9, 2, 2, 1, 2, 16, NULL),
(1873, 'ゼル', NULL, NULL, 'zeru', NULL, NULL, NULL, 125, 128, 58, 57, 52, 75, 63, 68, 60, 9, 1, 1, 1, 2, 16, NULL),
(1874, 'タイタン', NULL, NULL, 'taitan', NULL, NULL, NULL, 118, 104, 70, 64, 54, 52, 57, 61, 64, 12, 4, 3, 1, 2, 16, NULL),
(1875, 'デザーム', NULL, NULL, 'dezaamu', NULL, NULL, NULL, 124, 128, 70, 70, 57, 60, 60, 51, 50, 20, 3, 4, 1, 2, 16, 1886),
(1876, 'ファドラ', NULL, NULL, 'fadora', NULL, NULL, NULL, 116, 118, 63, 56, 63, 52, 60, 57, 60, 8, 3, 2, 1, 2, 16, NULL),
(1877, 'マキュア', NULL, NULL, 'makyua', NULL, NULL, 3, 112, 132, 67, 53, 61, 52, 64, 53, 53, 37, 1, 1, 2, 2, 16, NULL),
(1878, 'メトロン', NULL, NULL, 'metoron', NULL, NULL, NULL, 114, 116, 63, 60, 71, 54, 67, 55, 59, 5, 1, 1, 1, 2, 16, NULL),
(1879, 'モール', NULL, NULL, 'mooru', NULL, NULL, NULL, 121, 134, 58, 57, 63, 54, 66, 54, 54, 25, 2, 3, 2, 2, 16, NULL),
(1880, 'クリプト', NULL, NULL, 'kuriputo', NULL, NULL, NULL, 0, 0, 0, 0, 0, 0, 0, 0, 0, 0, 1, 2, 2, 2, 16, NULL),
(1881, 'ケイソン', NULL, NULL, 'keison', NULL, NULL, NULL, 0, 0, 0, 0, 0, 0, 0, 0, 0, 0, 1, 3, 1, 2, 16, NULL),
(1882, 'ケンビル', NULL, NULL, 'kenbiru', NULL, NULL, NULL, 0, 0, 0, 0, 0, 0, 0, 0, 0, 0, 3, 3, 1, 2, 16, NULL),
(1883, 'スオーム', NULL, NULL, 'suoomu', NULL, NULL, NULL, 0, 0, 0, 0, 0, 0, 0, 0, 0, 0, 2, 2, 1, 2, 16, NULL),
(1884, 'ゼル', NULL, NULL, 'zeru', NULL, NULL, NULL, 0, 0, 0, 0, 0, 0, 0, 0, 0, 0, 3, 4, 1, 2, 16, NULL),
(1885, 'タイタン', NULL, NULL, 'taitan', NULL, NULL, NULL, 0, 0, 0, 0, 0, 0, 0, 0, 0, 0, 4, 3, 1, 2, 16, NULL),
(1886, 'デザーム', NULL, NULL, 'dezaamu', NULL, NULL, NULL, 0, 0, 0, 0, 0, 0, 0, 0, 0, 0, 1, 1, 1, 2, 16, NULL),
(1887, 'ファドラ', NULL, NULL, 'fadora', NULL, NULL, NULL, 0, 0, 0, 0, 0, 0, 0, 0, 0, 0, 3, 2, 1, 2, 16, NULL),
(1888, 'マキュア', NULL, NULL, 'makyua', NULL, NULL, NULL, 0, 0, 0, 0, 0, 0, 0, 0, 0, 0, 1, 1, 2, 2, 16, NULL),
(1889, 'メトロン', NULL, NULL, 'metoron', NULL, NULL, NULL, 0, 0, 0, 0, 0, 0, 0, 0, 0, 0, 1, 1, 1, 2, 16, NULL),
(1890, 'モール', NULL, NULL, 'mooru', NULL, NULL, NULL, 0, 0, 0, 0, 0, 0, 0, 0, 0, 0, 2, 3, 2, 2, 16, NULL),
(1891, 'アーク', NULL, NULL, 'aaku', NULL, NULL, NULL, 118, 119, 57, 56, 72, 65, 66, 58, 64, 7, 2, 2, 1, 2, 16, NULL),
(1892, 'ウィーズ', NULL, NULL, 'uiizu', NULL, NULL, NULL, 117, 123, 78, 67, 62, 53, 48, 46, 67, 15, 2, 1, 1, 2, 16, NULL),
(1893, 'ウルビダ', NULL, NULL, 'urubida', NULL, NULL, NULL, 112, 130, 64, 60, 69, 55, 62, 55, 60, 17, 1, 2, 2, 2, 16, NULL),
(1894, 'キーブ', NULL, NULL, 'kiibu', NULL, NULL, NULL, 120, 136, 56, 63, 77, 54, 62, 57, 58, 4, 3, 3, 2, 2, 16, NULL),
(1895, 'クィール', NULL, NULL, 'kyiiru', NULL, NULL, NULL, 115, 135, 58, 58, 68, 57, 60, 59, 61, 10, 2, 2, 2, 2, 16, NULL),
(1896, 'グラン', NULL, NULL, 'guran', NULL, NULL, NULL, 125, 128, 71, 71, 63, 64, 61, 62, 61, 6, 3, 1, 1, 2, 16, 1396),
(1897, 'ゲイル', NULL, NULL, 'geiru', NULL, NULL, NULL, 117, 118, 57, 53, 60, 55, 79, 60, 56, 24, 1, 3, 1, 2, 16, NULL),
(1898, 'コーマ', NULL, NULL, 'kooma', NULL, NULL, NULL, 125, 121, 57, 61, 72, 58, 62, 52, 57, 24, 3, 2, 1, 2, 16, NULL),
(1899, 'ゾーハン', NULL, NULL, 'zoohan', NULL, NULL, NULL, 115, 118, 68, 76, 53, 70, 53, 56, 56, 10, 4, 3, 1, 2, 16, NULL),
(1900, 'ネロ', NULL, NULL, 'nero', NULL, NULL, NULL, 104, 113, 59, 60, 57, 73, 72, 56, 58, 8, 1, 4, 1, 2, 16, NULL),
(1901, 'ハウザー', NULL, NULL, 'hauzaa', NULL, NULL, NULL, 119, 120, 60, 61, 60, 61, 53, 63, 61, 22, 4, 3, 1, 2, 16, NULL),
(1902, 'ロボB', NULL, NULL, 'robo B', NULL, NULL, NULL, 0, 0, 0, 0, 0, 0, 0, 0, 0, 0, 2, 2, 1, 2, 16, NULL),
(1903, 'ロボC', NULL, NULL, 'Robo C', NULL, NULL, NULL, 0, 0, 0, 0, 0, 0, 0, 0, 0, 0, 4, 3, 2, 2, 16, NULL),
(1904, 'ロボF', NULL, NULL, 'Robo F', NULL, NULL, NULL, 0, 0, 0, 0, 0, 0, 0, 0, 0, 0, 3, 1, 1, 2, 16, NULL),
(1905, 'ロボG', NULL, NULL, 'Robo G', NULL, NULL, NULL, 0, 0, 0, 0, 0, 0, 0, 0, 0, 0, 1, 2, 1, 2, 16, NULL),
(1906, 'ロボK', NULL, NULL, 'Robo K', NULL, NULL, NULL, 0, 0, 0, 0, 0, 0, 0, 0, 0, 0, 4, 1, 1, 2, 16, NULL),
(1907, 'ロボL', NULL, NULL, 'Robo L', NULL, NULL, NULL, 0, 0, 0, 0, 0, 0, 0, 0, 0, 0, 2, 1, 1, 2, 16, NULL),
(1908, 'ロボO', NULL, NULL, 'Robo O', NULL, NULL, NULL, 0, 0, 0, 0, 0, 0, 0, 0, 0, 0, 3, 2, 1, 2, 16, NULL),
(1909, 'ロボP', NULL, NULL, 'Robo P', NULL, NULL, NULL, 0, 0, 0, 0, 0, 0, 0, 0, 0, 0, 3, 3, 1, 2, 16, NULL),
(1910, 'ロボS', NULL, NULL, 'Robo S', NULL, NULL, NULL, 0, 0, 0, 0, 0, 0, 0, 0, 0, 0, 4, 4, 1, 2, 16, NULL),
(1911, 'ロボT', NULL, NULL, 'Robo T', NULL, NULL, NULL, 0, 0, 0, 0, 0, 0, 0, 0, 0, 0, 2, 3, 1, 2, 16, NULL),
(1912, 'ロボV', NULL, NULL, 'Robo V', NULL, NULL, NULL, 0, 0, 0, 0, 0, 0, 0, 0, 0, 0, 1, 3, 1, 2, 16, NULL),
(1913, 'かぜまる', NULL, NULL, 'kazemaru', NULL, NULL, 1, 127, 125, 68, 59, 69, 58, 77, 63, 45, 14, 1, 1, 1, 2, 16, 327),
(1914, 'くりまつ', NULL, NULL, 'kurimatsu', NULL, NULL, 1, 116, 116, 55, 56, 54, 60, 60, 61, 70, 24, 3, 2, 1, 2, 16, 471),
(1915, 'ししど', NULL, NULL, 'shishido', NULL, NULL, 1, 128, 126, 66, 61, 57, 57, 59, 61, 81, 8, 3, 2, 1, 2, 16, 643),
(1916, 'シャドウ', NULL, NULL, 'shadou', NULL, NULL, 1, 106, 120, 64, 75, 69, 69, 64, 57, 61, 6, 2, 1, 1, 2, 16, 673),
(1917, 'しょうりん', NULL, NULL, 'shourin', NULL, NULL, 1, 135, 117, 64, 80, 62, 61, 56, 53, 63, 12, 2, 2, 1, 2, 16, 698),
(1918, 'じん', NULL, NULL, 'jin', NULL, NULL, 1, 116, 131, 59, 54, 76, 67, 54, 67, 65, 10, 2, 3, 1, 2, 16, 712),
(1919, 'そめおか', NULL, NULL, 'someoka', NULL, NULL, 1, 125, 109, 83, 61, 50, 54, 52, 69, 75, 12, 2, 1, 1, 2, 16, 789),
(1920, 'たけし', NULL, NULL, 'takeshi', NULL, NULL, 1, 140, 135, 57, 70, 59, 80, 69, 55, 57, 7, 2, 4, 1, 2, 16, 1662),
(1921, 'にしがき', NULL, NULL, 'nishigaki', NULL, NULL, 1, 107, 125, 64, 70, 55, 66, 68, 58, 57, 8, 3, 3, 1, 2, 16, 1741),
(1922, 'はんだ', NULL, NULL, 'handa', NULL, NULL, 1, 123, 123, 61, 64, 63, 61, 63, 69, 67, 8, 1, 2, 1, 2, 16, 1161),
(1923, 'マックス', NULL, NULL, 'makkusu', NULL, NULL, 1, 128, 121, 52, 61, 73, 65, 61, 61, 62, 9, 1, 2, 1, 2, 16, 1348),
(1924, 'グレント', NULL, NULL, 'gurento', NULL, NULL, NULL, 108, 121, 68, 60, 52, 68, 52, 56, 48, 37, 3, 4, 1, 2, 16, NULL),
(1925, 'サイデン', NULL, NULL, 'saiden', NULL, NULL, NULL, 125, 110, 52, 77, 59, 52, 62, 54, 69, 22, 3, 1, 1, 2, 16, NULL),
(1926, 'サトス', NULL, NULL, 'satosu', NULL, NULL, NULL, 124, 120, 64, 64, 63, 62, 56, 56, 61, 18, 2, 3, 1, 2, 16, NULL),
(1927, 'ネッパー', NULL, NULL, 'neppaa', NULL, NULL, NULL, 123, 118, 63, 60, 61, 59, 61, 67, 60, 11, 2, 1, 1, 2, 16, NULL),
(1928, 'バーラ', NULL, NULL, 'baara', NULL, NULL, NULL, 115, 132, 62, 64, 62, 59, 61, 58, 51, 15, 2, 3, 2, 2, 16, NULL),
(1929, 'バーン', NULL, NULL, 'baan', NULL, NULL, NULL, 120, 128, 74, 71, 64, 58, 66, 52, 60, 8, 3, 1, 1, 2, 16, 2071),
(1930, 'バクレー', NULL, NULL, 'bakuree', NULL, NULL, NULL, 120, 118, 66, 62, 57, 58, 57, 60, 62, 19, 3, 3, 1, 2, 16, NULL),
(1931, 'ヒート', NULL, NULL, 'hiito', NULL, NULL, NULL, 133, 128, 52, 79, 60, 60, 62, 71, 55, 50, 2, 2, 1, 2, 16, NULL),
(1932, 'ボニトナ', NULL, NULL, 'bonitona', NULL, NULL, NULL, 121, 132, 63, 62, 67, 59, 63, 52, 51, 16, 2, 2, 2, 2, 16, NULL),
(1933, 'ボンバ', NULL, NULL, 'bonba', NULL, NULL, NULL, 135, 115, 55, 63, 52, 62, 58, 70, 65, 21, 3, 2, 1, 2, 16, NULL),
(1934, 'レアン', NULL, NULL, 'rean', NULL, NULL, NULL, 117, 133, 65, 59, 58, 56, 61, 61, 52, 17, 3, 2, 2, 2, 16, NULL),
(1935, 'アイキュー', NULL, NULL, 'aikyuu', NULL, NULL, NULL, 108, 112, 64, 67, 56, 64, 62, 52, 60, 19, 1, 3, 1, 2, 16, NULL),
(1936, 'アイシー', NULL, NULL, 'aishii', NULL, NULL, 3, 116, 132, 53, 55, 63, 68, 65, 52, 54, 22, 1, 2, 2, 2, 16, NULL),
(1937, 'ガゼル', NULL, NULL, 'gazeru', NULL, NULL, NULL, 110, 125, 62, 65, 65, 68, 66, 56, 60, 11, 1, 1, 1, 2, 16, 2062),
(1938, 'クララ', NULL, NULL, 'kurara', NULL, NULL, 3, 115, 138, 52, 58, 60, 73, 50, 60, 56, 24, 1, 3, 2, 2, 16, NULL),
(1939, 'ゴッカ', NULL, NULL, 'gokka', NULL, NULL, NULL, 125, 110, 57, 70, 52, 70, 53, 66, 63, 17, 4, 3, 1, 2, 16, NULL),
(1940, 'ドロル', NULL, NULL, 'dororu', NULL, NULL, NULL, 120, 115, 62, 59, 62, 64, 59, 62, 61, 12, 1, 2, 1, 2, 16, NULL),
(1941, 'バレン', NULL, NULL, 'baren', NULL, NULL, NULL, 110, 115, 58, 62, 62, 61, 64, 60, 61, 10, 4, 2, 1, 2, 16, NULL),
(1942, 'ブロウ', NULL, NULL, 'burou', NULL, NULL, NULL, 106, 120, 66, 60, 56, 55, 68, 57, 52, 31, 1, 1, 1, 2, 16, NULL),
(1943, 'フロスト', NULL, NULL, 'furosuto', NULL, NULL, NULL, 108, 122, 52, 68, 62, 56, 60, 68, 63, 15, 4, 1, 1, 2, 16, NULL),
(1944, 'ベルガ', NULL, NULL, 'beruga', NULL, NULL, NULL, 105, 124, 61, 60, 53, 71, 60, 52, 52, 32, 4, 4, 1, 2, 16, NULL),
(1945, 'リオーネ', NULL, NULL, 'rioone', NULL, NULL, 3, 112, 135, 63, 61, 54, 58, 60, 60, 60, 17, 1, 2, 2, 2, 16, NULL),
(1946, 'あおしま', NULL, NULL, 'aoshima', NULL, NULL, NULL, 112, 96, 46, 48, 47, 44, 51, 46, 48, 71, 4, 2, 1, 2, 16, NULL),
(1947, 'あまい', NULL, NULL, 'amai', NULL, NULL, NULL, 120, 100, 48, 50, 42, 45, 58, 41, 51, 64, 1, 1, 1, 2, 16, NULL),
(1948, 'いつき', NULL, NULL, 'itsuki', NULL, NULL, NULL, 107, 85, 42, 40, 48, 41, 41, 48, 44, 101, 2, 3, 1, 2, 16, NULL),
(1949, 'おおしま', NULL, NULL, 'ooshima', NULL, NULL, NULL, 102, 115, 45, 42, 37, 71, 30, 32, 58, 77, 2, 4, 1, 2, 16, NULL),
(1950, 'かいと', NULL, NULL, 'kaito', NULL, NULL, NULL, 109, 104, 41, 41, 48, 40, 60, 40, 46, 90, 1, 3, 1, 2, 16, NULL),
(1951, 'そうた', NULL, NULL, 'souta', NULL, NULL, NULL, 98, 80, 45, 44, 48, 60, 43, 49, 47, 82, 4, 3, 1, 2, 16, NULL),
(1952, 'そら', NULL, NULL, 'sora', NULL, NULL, NULL, 108, 96, 47, 40, 44, 48, 52, 52, 51, 77, 1, 2, 1, 2, 16, NULL),
(1953, 'てらさか', NULL, NULL, 'terasaka', NULL, NULL, NULL, 114, 85, 44, 43, 50, 48, 40, 48, 40, 106, 1, 2, 1, 2, 16, NULL),
(1954, 'はせべ', NULL, NULL, 'hasebe', NULL, NULL, NULL, 111, 85, 48, 48, 43, 48, 40, 46, 41, 99, 1, 2, 1, 2, 16, NULL),
(1955, 'はる', NULL, NULL, 'haru', NULL, NULL, NULL, 131, 89, 40, 48, 51, 53, 41, 40, 41, 100, 2, 2, 1, 2, 16, NULL),
(1956, 'ひらた', NULL, NULL, 'hirata', NULL, NULL, NULL, 122, 108, 49, 40, 40, 40, 51, 49, 46, 76, 4, 1, 1, 2, 16, NULL),
(1957, 'ひろと', NULL, NULL, 'hiroto', NULL, NULL, NULL, 100, 119, 40, 50, 44, 58, 44, 46, 45, 78, 1, 4, 1, 2, 16, NULL),
(1958, 'まこ', NULL, NULL, 'mako', NULL, NULL, NULL, 95, 148, 44, 40, 60, 42, 61, 40, 46, 75, 2, 1, 2, 2, 16, NULL),
(1959, 'りくと', NULL, NULL, 'rikuto', NULL, NULL, NULL, 106, 97, 51, 46, 50, 49, 40, 43, 48, 89, 4, 2, 1, 2, 16, NULL),
(1960, 'りゅうすけ', NULL, NULL, 'ryuusuke', NULL, NULL, NULL, 107, 120, 65, 55, 44, 52, 52, 58, 58, 51, 3, 1, 1, 2, 16, NULL),
(1961, 'りょうた', NULL, NULL, 'ryouta', NULL, NULL, NULL, 113, 93, 46, 41, 51, 44, 41, 48, 44, 93, 1, 3, 1, 2, 16, NULL),
(1962, 'いえもり', NULL, NULL, 'iemori', NULL, NULL, NULL, 100, 128, 37, 38, 62, 70, 57, 55, 77, 12, 2, 4, 1, 2, 16, NULL),
(1963, 'いくじ', NULL, NULL, 'ikuji', NULL, NULL, NULL, 104, 128, 58, 54, 58, 56, 59, 63, 51, 3, 4, 3, 1, 2, 16, NULL),
(1964, 'うたがわ', NULL, NULL, 'utagawa', NULL, NULL, NULL, 121, 120, 63, 65, 51, 57, 59, 58, 55, 4, 4, 2, 1, 2, 16, NULL),
(1965, 'えじ', NULL, NULL, 'eji', NULL, NULL, NULL, 116, 126, 75, 41, 46, 48, 64, 64, 44, 9, 1, 1, 1, 2, 16, NULL),
(1966, 'えびす', NULL, NULL, 'ebisu', NULL, NULL, NULL, 89, 142, 78, 49, 62, 51, 49, 50, 51, 10, 2, 3, 1, 2, 16, NULL),
(1967, 'おおたま', NULL, NULL, 'ootama', NULL, NULL, NULL, 128, 122, 55, 53, 51, 57, 52, 62, 54, 14, 1, 3, 2, 2, 16, NULL),
(1968, 'ごいんきょ', NULL, NULL, 'goinkyo', NULL, NULL, NULL, 82, 150, 57, 51, 80, 51, 43, 42, 51, 6, 2, 2, 1, 2, 16, NULL),
(1969, 'こつばん', NULL, NULL, 'kotsuban', NULL, NULL, NULL, 136, 128, 60, 72, 51, 49, 45, 48, 66, 13, 3, 3, 1, 2, 16, NULL),
(1970, 'サブちゃん', NULL, NULL, 'sabuchan', NULL, NULL, NULL, 110, 124, 70, 67, 41, 52, 45, 55, 70, 7, 3, 2, 1, 2, 16, NULL),
(1971, 'さやか', NULL, NULL, 'sayaka', NULL, NULL, NULL, 99, 145, 58, 59, 49, 74, 49, 40, 43, 40, 2, 3, 2, 2, 16, NULL),
(1972, 'サリー', NULL, NULL, 'sarii', NULL, NULL, NULL, 108, 130, 59, 65, 66, 54, 51, 52, 50, 5, 1, 1, 2, 2, 16, NULL),
(1973, 'しっとう', NULL, NULL, 'shittou', NULL, NULL, NULL, 105, 129, 42, 68, 68, 68, 42, 68, 43, 4, 4, 3, 1, 2, 16, NULL),
(1974, 'トメ', NULL, NULL, 'tome', NULL, NULL, NULL, 80, 132, 44, 49, 62, 58, 75, 44, 58, 10, 2, 3, 2, 2, 16, NULL),
(1975, 'プログレ', NULL, NULL, 'purogure', NULL, NULL, NULL, 116, 128, 62, 70, 56, 58, 65, 48, 49, 5, 4, 1, 1, 2, 16, NULL),
(1976, 'やおの', NULL, NULL, 'yaono', NULL, NULL, NULL, 85, 140, 44, 60, 43, 77, 49, 46, 80, 4, 4, 4, 2, 2, 16, NULL),
(1977, 'りつこ', NULL, NULL, 'ritsuko', NULL, NULL, NULL, 92, 137, 61, 66, 50, 45, 72, 45, 44, 15, 1, 2, 2, 2, 16, NULL),
(1978, 'かがみ', NULL, NULL, 'kagami', NULL, NULL, NULL, 97, 128, 57, 59, 66, 63, 60, 59, 57, 17, 3, 1, 2, 2, 16, NULL),
(1979, 'きそく', NULL, NULL, 'kisoku', NULL, NULL, NULL, 115, 104, 56, 68, 65, 64, 53, 57, 56, 10, 2, 1, 1, 2, 16, NULL),
(1980, 'ごくひ', NULL, NULL, 'gokuhi', NULL, NULL, NULL, 103, 109, 57, 52, 62, 66, 57, 56, 57, 15, 1, 2, 1, 2, 16, NULL),
(1981, 'ごよう', NULL, NULL, 'goyou', NULL, NULL, NULL, 115, 119, 52, 60, 70, 61, 58, 53, 63, 18, 1, 3, 1, 2, 16, NULL),
(1982, 'さきて', NULL, NULL, 'sakite', NULL, NULL, NULL, 101, 115, 51, 58, 55, 60, 68, 57, 62, 19, 2, 2, 1, 2, 16, NULL),
(1983, 'さくら', NULL, NULL, 'sakura', NULL, NULL, NULL, 124, 113, 64, 60, 56, 60, 54, 60, 54, 12, 2, 3, 1, 2, 16, NULL),
(1984, 'スミス', NULL, NULL, 'sumisu', NULL, NULL, NULL, 120, 118, 71, 63, 54, 58, 52, 60, 61, 15, 2, 3, 1, 2, 16, NULL),
(1985, 'たまくら', NULL, NULL, 'tamakura', NULL, NULL, NULL, 104, 132, 52, 51, 69, 63, 60, 48, 57, 21, 4, 4, 1, 2, 16, NULL),
(1986, 'てつかべ', NULL, NULL, 'tetsukabe', NULL, NULL, NULL, 118, 130, 59, 69, 51, 72, 52, 68, 56, 3, 4, 4, 1, 2, 16, NULL),
(1987, 'でんじゅ', NULL, NULL, 'denju', NULL, NULL, NULL, 94, 128, 68, 48, 68, 52, 54, 58, 59, 11, 2, 2, 1, 2, 16, NULL),
(1988, 'とうこ', NULL, NULL, 'touko', NULL, NULL, NULL, 108, 130, 61, 51, 62, 61, 52, 61, 52, 38, 1, 2, 2, 2, 16, NULL),
(1989, 'とくべ', NULL, NULL, 'tokube', NULL, NULL, NULL, 123, 104, 63, 67, 54, 51, 52, 68, 62, 14, 1, 3, 1, 2, 16, NULL),
(1990, 'はやて', NULL, NULL, 'hayate', NULL, NULL, NULL, 108, 107, 59, 57, 64, 56, 73, 49, 53, 31, 1, 3, 1, 2, 16, NULL),
(1991, 'まい', NULL, NULL, 'mai', NULL, NULL, NULL, 129, 129, 60, 58, 64, 53, 69, 58, 60, 26, 1, 2, 2, 2, 16, NULL),
(1992, 'みのべ', NULL, NULL, 'minobe', NULL, NULL, NULL, 126, 117, 62, 67, 53, 65, 53, 61, 58, 21, 3, 3, 1, 2, 16, NULL),
(1993, 'リンダ', NULL, NULL, 'rinda', NULL, NULL, NULL, 102, 134, 69, 56, 70, 46, 59, 57, 56, 24, 1, 1, 2, 2, 16, NULL),
(1994, 'アッサイ', NULL, NULL, 'assai', NULL, NULL, NULL, 98, 124, 46, 57, 49, 48, 68, 60, 53, 34, 2, 2, 1, 2, 16, NULL),
(1995, 'ヴィークス', NULL, NULL, 'vyiikusu', NULL, NULL, NULL, 104, 131, 54, 52, 60, 50, 63, 56, 52, 29, 1, 1, 1, 2, 16, NULL),
(1996, 'ゲンスン', NULL, NULL, 'gensun', NULL, NULL, NULL, 105, 117, 62, 58, 51, 55, 61, 67, 51, 15, 3, 3, 1, 2, 16, NULL),
(1997, 'シャン', NULL, NULL, 'shan', NULL, NULL, NULL, 102, 127, 53, 53, 56, 60, 60, 54, 47, 35, 2, 3, 1, 2, 16, NULL),
(1998, 'スターガ', NULL, NULL, 'sutaaga', NULL, NULL, NULL, 108, 121, 57, 60, 52, 57, 58, 62, 54, 19, 1, 3, 1, 2, 16, NULL),
(1999, 'トッフェン', NULL, NULL, 'toffen', NULL, NULL, NULL, 99, 125, 54, 57, 61, 59, 62, 58, 55, 20, 1, 3, 1, 2, 16, NULL),
(2000, 'ブン', NULL, NULL, 'bun', NULL, NULL, NULL, 117, 141, 59, 61, 53, 70, 59, 63, 61, 8, 4, 4, 1, 2, 16, NULL),
(2001, 'マンソン', NULL, NULL, 'manson', NULL, NULL, NULL, 113, 121, 63, 60, 48, 43, 59, 57, 54, 38, 3, 1, 1, 2, 16, NULL),
(2002, 'ラシプレー', NULL, NULL, 'rashipuree', NULL, NULL, NULL, 106, 122, 58, 62, 52, 56, 57, 57, 58, 17, 4, 2, 1, 2, 16, NULL),
(2003, 'ルッサイ', NULL, NULL, 'russai', NULL, NULL, NULL, 97, 119, 56, 51, 55, 49, 66, 53, 42, 42, 3, 2, 1, 2, 16, NULL),
(2004, 'ロアル', NULL, NULL, 'roaru', NULL, NULL, NULL, 100, 128, 59, 55, 57, 46, 64, 58, 51, 36, 2, 1, 1, 2, 16, NULL),
(2005, 'あいだ', NULL, NULL, 'aida', NULL, NULL, NULL, 132, 129, 52, 67, 65, 66, 67, 60, 63, 8, 4, 3, 1, 2, 16, NULL),
(2006, 'いかり', NULL, NULL, 'ikari', NULL, NULL, NULL, 118, 109, 60, 62, 64, 60, 61, 53, 69, 5, 3, 2, 1, 2, 16, NULL),
(2007, 'うきしま', NULL, NULL, 'ukishima', NULL, NULL, NULL, 114, 118, 66, 62, 61, 68, 60, 52, 54, 10, 2, 3, 1, 2, 16, NULL),
(2008, 'かみむら', NULL, NULL, 'kamimura', NULL, NULL, NULL, 105, 120, 50, 55, 64, 64, 63, 61, 51, 16, 1, 3, 1, 2, 16, NULL),
(2009, 'すがた', NULL, NULL, 'sugata', NULL, NULL, NULL, 115, 120, 66, 68, 50, 61, 57, 63, 62, 8, 3, 2, 1, 2, 16, NULL),
(2010, 'テーラー', NULL, NULL, 'teeraa', NULL, NULL, NULL, 122, 114, 65, 65, 70, 62, 67, 52, 50, 5, 4, 2, 1, 2, 16, NULL),
(2011, 'なかま', NULL, NULL, 'nakama', NULL, NULL, NULL, 107, 117, 60, 60, 60, 60, 60, 60, 60, 8, 2, 2, 1, 2, 16, NULL),
(2012, 'バトラー', NULL, NULL, 'batoraa', NULL, NULL, NULL, 106, 120, 57, 57, 66, 69, 58, 68, 62, 3, 2, 2, 1, 2, 16, NULL),
(2013, 'ひびき', NULL, NULL, 'hibiki', NULL, NULL, NULL, 118, 132, 51, 67, 63, 74, 48, 55, 71, 14, 4, 4, 1, 2, 16, NULL),
(2014, 'ビルダー', NULL, NULL, 'birudaa', NULL, NULL, NULL, 129, 128, 73, 63, 68, 43, 61, 70, 73, 6, 3, 1, 1, 2, 16, NULL),
(2015, 'マスター', NULL, NULL, 'masutaa', NULL, NULL, NULL, 123, 126, 51, 52, 68, 65, 65, 62, 65, 5, 1, 1, 1, 2, 16, NULL),
(2016, 'あいだ', NULL, NULL, 'aida', NULL, NULL, NULL, 132, 129, 52, 67, 65, 66, 67, 60, 63, 3, 4, 3, 1, 2, 16, NULL),
(2017, 'いかり', NULL, NULL, 'ikari', NULL, NULL, NULL, 130, 117, 62, 64, 67, 62, 61, 54, 71, 3, 3, 2, 1, 2, 16, NULL),
(2018, 'うきしま', NULL, NULL, 'ukishima', NULL, NULL, NULL, 126, 126, 69, 64, 63, 70, 62, 54, 56, 3, 2, 3, 1, 2, 16, NULL),
(2019, 'かみむら', NULL, NULL, 'kamimura', NULL, NULL, NULL, 117, 128, 53, 57, 65, 66, 65, 63, 54, 3, 1, 3, 1, 2, 16, NULL),
(2020, 'すがた', NULL, NULL, 'sugata', NULL, NULL, NULL, 127, 128, 66, 70, 55, 63, 59, 62, 64, 3, 3, 2, 1, 2, 16, NULL),
(2021, 'テーラー', NULL, NULL, 'teeraa', NULL, NULL, NULL, 134, 126, 67, 67, 64, 64, 69, 56, 52, 3, 4, 2, 1, 2, 16, NULL),
(2022, 'なかま', NULL, NULL, 'nakama', NULL, NULL, NULL, 119, 125, 62, 62, 66, 62, 62, 61, 62, 3, 2, 2, 1, 2, 16, NULL),
(2023, 'バトラー', NULL, NULL, 'batoraa', NULL, NULL, NULL, 118, 128, 59, 59, 68, 68, 60, 68, 64, 3, 2, 2, 1, 2, 16, NULL),
(2024, 'ひびき', NULL, NULL, 'hibiki', NULL, NULL, NULL, 130, 140, 53, 70, 65, 77, 50, 57, 73, 3, 4, 4, 1, 2, 16, NULL),
(2025, 'ビルダー', NULL, NULL, 'birudaa', NULL, NULL, NULL, 129, 128, 73, 63, 68, 43, 61, 70, 73, 3, 3, 1, 1, 2, 16, NULL),
(2026, 'マスター', NULL, NULL, 'masutaa', NULL, NULL, NULL, 135, 134, 55, 54, 70, 67, 65, 61, 68, 3, 1, 1, 1, 2, 16, NULL),
(2027, 'アングラー', NULL, NULL, 'anguraa', NULL, NULL, 5, 117, 105, 60, 62, 60, 56, 61, 50, 68, 19, 3, 2, 1, 2, 2, NULL),
(2028, 'ウォーター', NULL, NULL, 'uootaa', NULL, NULL, 5, 127, 108, 60, 56, 48, 60, 59, 50, 71, 23, 1, 3, 1, 2, 2, NULL),
(2029, 'クラーケン', NULL, NULL, 'kuraaken', NULL, NULL, 5, 119, 118, 52, 61, 62, 68, 52, 48, 62, 40, 2, 3, 1, 2, 2, NULL),
(2030, 'クラブ', NULL, NULL, 'kurabu', NULL, NULL, 5, 120, 109, 58, 72, 49, 63, 42, 53, 62, 29, 4, 2, 1, 2, 2, NULL),
(2031, 'サーフィン', NULL, NULL, 'saafyin', NULL, NULL, 5, 123, 110, 49, 59, 69, 52, 71, 49, 59, 49, 1, 2, 1, 2, 2, NULL),
(2032, 'サマー', NULL, NULL, 'samaa', NULL, NULL, 5, 136, 118, 49, 59, 61, 60, 70, 52, 67, 30, 3, 2, 1, 2, 2, NULL),
(2033, 'シーホース', NULL, NULL, 'shiihoosu', NULL, NULL, 5, 121, 130, 53, 60, 62, 64, 69, 53, 53, 19, 2, 4, 1, 2, 2, NULL),
(2034, 'シュリンプ', NULL, NULL, 'shurinpu', NULL, NULL, 5, 122, 94, 48, 70, 63, 56, 67, 53, 62, 31, 3, 2, 1, 2, 2, NULL),
(2035, 'ジョーズ', NULL, NULL, 'joozu', NULL, NULL, 5, 122, 112, 83, 56, 46, 40, 42, 44, 70, 46, 3, 1, 1, 2, 2, NULL),
(2036, 'ジンベイ', NULL, NULL, 'jinbei', NULL, NULL, 5, 126, 138, 58, 69, 49, 76, 57, 48, 73, 29, 1, 4, 1, 2, 2, NULL),
(2037, 'タートル', NULL, NULL, 'taatoru', NULL, NULL, 5, 126, 107, 69, 52, 52, 72, 56, 54, 64, 21, 2, 3, 1, 2, 2, NULL),
(2038, 'ドルフィン', NULL, NULL, 'dorufyin', NULL, NULL, 5, 119, 126, 63, 92, 71, 57, 57, 49, 67, 23, 1, 2, 1, 2, 2, NULL),
(2039, 'バラクーダ', NULL, NULL, 'barakuuda', NULL, NULL, 5, 119, 109, 60, 62, 51, 66, 55, 50, 55, 35, 1, 3, 1, 2, 2, NULL),
(2040, 'ビーチ', NULL, NULL, 'biichi', NULL, NULL, 5, 122, 115, 53, 68, 57, 58, 64, 51, 64, 31, 3, 3, 1, 2, 2, NULL),
(2041, 'マーリン', NULL, NULL, 'maarin', NULL, NULL, 5, 122, 112, 70, 56, 50, 48, 62, 54, 59, 22, 4, 1, 1, 2, 2, NULL),
(2042, 'リーフ', NULL, NULL, 'riifu', NULL, NULL, 5, 127, 117, 76, 61, 61, 57, 57, 55, 63, 23, 2, 1, 1, 2, 2, NULL),
(2043, 'アデル', NULL, NULL, 'aderu', NULL, NULL, 5, 134, 107, 55, 59, 55, 58, 67, 72, 49, 24, 4, 1, 1, 2, 2, NULL),
(2044, 'ザック', NULL, NULL, 'zakku', NULL, NULL, 5, 135, 107, 96, 49, 50, 46, 61, 75, 52, 26, 3, 1, 1, 2, 2, NULL),
(2045, 'ジャメル', NULL, NULL, 'jameru', NULL, NULL, 5, 130, 109, 48, 53, 57, 66, 78, 70, 57, 14, 4, 3, 1, 2, 2, NULL),
(2046, 'スライ', NULL, NULL, 'surai', NULL, NULL, 5, 128, 114, 58, 52, 53, 56, 62, 76, 52, 32, 1, 2, 1, 2, 2, NULL),
(2047, 'セイド', NULL, NULL, 'seido', NULL, NULL, 5, 133, 108, 56, 62, 51, 64, 51, 99, 48, 21, 1, 2, 1, 2, 2, NULL),
(2048, 'タラル', NULL, NULL, 'tararu', NULL, NULL, 5, 140, 130, 48, 65, 50, 79, 55, 73, 64, 19, 4, 4, 1, 2, 2, NULL),
(2049, 'ナセル', NULL, NULL, 'naseru', NULL, NULL, 5, 136, 138, 56, 55, 46, 72, 49, 76, 51, 32, 3, 4, 1, 2, 2, NULL),
(2050, 'ハッサン', NULL, NULL, 'hassan', NULL, NULL, 5, 139, 103, 54, 58, 56, 62, 53, 80, 51, 28, 3, 3, 1, 2, 2, NULL),
(2051, 'ハルファン', NULL, NULL, 'harufuan', NULL, NULL, 5, 128, 124, 47, 63, 63, 61, 49, 73, 69, 26, 2, 3, 1, 2, 2, NULL),
(2052, 'ビヨン', NULL, NULL, 'biyon', NULL, NULL, 5, 124, 116, 51, 62, 65, 72, 58, 75, 61, 7, 2, 3, 1, 2, 2, NULL),
(2053, 'ファル', NULL, NULL, 'fuaru', NULL, NULL, 5, 144, 96, 54, 60, 52, 56, 48, 82, 62, 30, 2, 3, 1, 2, 2, NULL),
(2054, 'マジディ', NULL, NULL, 'majidei', NULL, NULL, 5, 137, 119, 61, 60, 62, 54, 71, 80, 54, 4, 2, 1, 1, 2, 2, NULL),
(2055, 'ムサ', NULL, NULL, 'musa', NULL, NULL, 5, 138, 105, 57, 64, 53, 68, 49, 73, 55, 32, 2, 3, 1, 2, 2, NULL),
(2056, 'メッサー', NULL, NULL, 'messaa', NULL, NULL, 5, 130, 112, 57, 54, 58, 62, 48, 86, 52, 28, 4, 2, 1, 2, 2, NULL),
(2057, 'ユスフ', NULL, NULL, 'yusufu', NULL, NULL, 5, 131, 110, 62, 67, 63, 57, 48, 80, 60, 24, 1, 2, 1, 2, 2, NULL),
(2058, 'ラジャブ', NULL, NULL, 'rajabu', NULL, NULL, 5, 123, 115, 50, 56, 54, 72, 56, 79, 59, 16, 3, 2, 1, 2, 2, NULL),
(2059, 'アフロディ', NULL, NULL, 'afurodei', NULL, NULL, 5, 130, 130, 63, 60, 77, 59, 61, 59, 58, 22, 2, 2, 1, 2, 2, NULL),
(2060, 'ウミャン', NULL, NULL, 'umyan', NULL, NULL, NULL, 133, 110, 52, 54, 65, 70, 66, 55, 64, 14, 1, 3, 1, 2, 2, NULL),
(2061, 'ウンヨン', NULL, NULL, 'un\'yon', NULL, NULL, NULL, 108, 117, 48, 76, 48, 77, 46, 40, 45, 23, 4, 2, 1, 2, 2, NULL),
(2062, 'ガゼル', NULL, NULL, 'gazeru', NULL, NULL, 5, 129, 118, 65, 65, 65, 68, 66, 57, 60, 9, 1, 1, 1, 2, 2, NULL),
(2063, 'ジョンオン', NULL, NULL, 'jon\'on', NULL, NULL, NULL, 128, 120, 53, 50, 60, 56, 62, 60, 74, 7, 4, 2, 1, 2, 2, NULL),
(2064, 'ジョンス', NULL, NULL, 'jonsu', NULL, NULL, NULL, 125, 132, 54, 56, 52, 72, 48, 54, 103, 1, 2, 4, 1, 2, 2, NULL),
(2065, 'ソンジュン', NULL, NULL, 'sonjun', NULL, NULL, NULL, 127, 124, 75, 48, 49, 57, 54, 48, 64, 33, 4, 1, 1, 2, 2, NULL),
(2066, 'ソンファン', NULL, NULL, 'sonfuan', NULL, NULL, NULL, 119, 127, 48, 54, 51, 70, 49, 50, 61, 30, 2, 3, 1, 2, 2, NULL),
(2067, 'チナン', NULL, NULL, 'chinan', NULL, NULL, NULL, 115, 128, 51, 48, 52, 65, 48, 48, 68, 30, 1, 4, 1, 2, 2, NULL),
(2068, 'チャンスウ', NULL, NULL, 'chansuu', NULL, NULL, 5, 102, 109, 52, 65, 85, 60, 54, 50, 63, 13, 3, 2, 1, 2, 2, NULL),
(2069, 'チョンユン', NULL, NULL, 'chon\'yun', NULL, NULL, NULL, 127, 123, 49, 67, 68, 66, 51, 51, 69, 8, 2, 2, 1, 2, 2, NULL),
(2070, 'ドゥユン', NULL, NULL, 'douyun', NULL, NULL, NULL, 129, 128, 53, 57, 56, 59, 63, 50, 60, 22, 1, 3, 1, 2, 2, NULL),
(2071, 'バーン', NULL, NULL, 'baan', NULL, NULL, 5, 133, 108, 75, 71, 55, 58, 58, 61, 67, 10, 3, 1, 1, 2, 2, NULL),
(2072, 'ヒョンデ', NULL, NULL, 'hyonde', NULL, NULL, NULL, 130, 106, 65, 64, 53, 52, 54, 48, 68, 11, 3, 3, 1, 2, 2, NULL),
(2073, 'ペクヨン', NULL, NULL, 'pekuyon', NULL, NULL, NULL, 122, 129, 48, 76, 53, 79, 43, 54, 48, 5, 4, 2, 1, 2, 2, NULL),
(2074, 'ミョンホ', NULL, NULL, 'myonho', NULL, NULL, NULL, 124, 134, 65, 52, 50, 69, 48, 63, 60, 8, 3, 3, 1, 2, 2, NULL),
(2075, 'ウイーズ', NULL, NULL, 'uiizu', NULL, NULL, NULL, 117, 123, 78, 67, 62, 53, 48, 46, 67, 15, 2, 1, 1, 2, 2, NULL),
(2076, 'げんおう', NULL, NULL, 'genou', NULL, NULL, NULL, 129, 129, 55, 53, 69, 75, 55, 64, 60, 13, 3, 4, 1, 2, 2, NULL),
(2077, 'さぎぬま', NULL, NULL, 'saginuma', NULL, NULL, NULL, 124, 128, 75, 68, 61, 63, 59, 57, 48, 16, 3, 2, 1, 2, 2, NULL),
(2078, 'ゼル', NULL, NULL, 'zeru', NULL, NULL, NULL, 125, 128, 58, 57, 52, 75, 63, 68, 60, 9, 1, 1, 1, 2, 2, NULL),
(2079, 'アズベル', NULL, NULL, 'azuberu', NULL, NULL, NULL, 113, 116, 53, 53, 52, 71, 44, 54, 65, 36, 1, 3, 1, 2, 2, NULL),
(2080, 'アズロ', NULL, NULL, 'azuro', NULL, NULL, NULL, 107, 128, 44, 64, 64, 63, 40, 45, 52, 38, 1, 3, 1, 2, 2, NULL),
(2081, 'アマラント', NULL, NULL, 'amaranto', NULL, NULL, NULL, 106, 120, 58, 63, 40, 62, 46, 41, 72, 47, 3, 2, 1, 2, 2, NULL),
(2082, 'インディゴ', NULL, NULL, 'indeigo', NULL, NULL, NULL, 114, 134, 52, 50, 51, 76, 36, 42, 68, 37, 4, 4, 1, 2, 2, NULL),
(2083, 'グリッジョ', NULL, NULL, 'gurijjo', NULL, NULL, NULL, 114, 94, 42, 64, 48, 67, 32, 63, 38, 45, 2, 4, 1, 2, 2, NULL),
(2084, 'ジャッロ', NULL, NULL, 'jarro', NULL, NULL, NULL, 118, 103, 63, 51, 48, 50, 68, 41, 64, 37, 4, 2, 1, 2, 2, NULL),
(2085, 'デモーニオ', NULL, NULL, 'demoonio', NULL, NULL, 5, 118, 114, 76, 69, 76, 48, 72, 53, 52, 12, 3, 2, 1, 2, 2, NULL),
(2086, 'ネッロ', NULL, NULL, 'nerro', NULL, NULL, NULL, 109, 122, 41, 62, 46, 54, 67, 33, 56, 49, 4, 3, 1, 2, 2, NULL),
(2087, 'パルド', NULL, NULL, 'parudo', NULL, NULL, NULL, 107, 120, 40, 64, 50, 52, 44, 52, 55, 39, 2, 3, 1, 2, 2, NULL),
(2088, 'ビアンコ', NULL, NULL, 'bianko', NULL, NULL, NULL, 109, 99, 74, 56, 56, 42, 47, 40, 59, 35, 4, 1, 1, 2, 2, NULL),
(2089, 'ビオレテ', NULL, NULL, 'biorete', NULL, NULL, NULL, 116, 116, 52, 53, 60, 51, 57, 48, 52, 41, 1, 1, 1, 2, 2, NULL),
(2090, 'ベルディオ', NULL, NULL, 'berudeio', NULL, NULL, NULL, 115, 117, 37, 57, 68, 52, 51, 45, 73, 53, 2, 2, 1, 2, 2, NULL),
(2091, 'マッローネ', NULL, NULL, 'marroone', NULL, NULL, NULL, 107, 117, 56, 59, 52, 53, 49, 57, 51, 54, 4, 2, 1, 2, 2, NULL),
(2092, 'ラッティモ', NULL, NULL, 'ratteimo', NULL, NULL, NULL, 110, 109, 71, 44, 45, 44, 74, 61, 41, 40, 2, 1, 1, 2, 2, NULL),
(2093, 'ロゼオ', NULL, NULL, 'rozeo', NULL, NULL, NULL, 115, 126, 40, 44, 40, 69, 52, 45, 70, 49, 3, 3, 1, 2, 2, NULL),
(2094, 'ロッソ', NULL, NULL, 'rosso', NULL, NULL, NULL, 108, 107, 71, 57, 52, 62, 53, 48, 46, 29, 4, 2, 1, 2, 2, NULL),
(2095, 'オウル', NULL, NULL, 'ouru', NULL, NULL, NULL, 139, 127, 54, 59, 54, 61, 49, 56, 54, 23, 1, 2, 1, 2, 2, NULL),
(2096, 'ガビアル', NULL, NULL, 'gabiaru', NULL, NULL, NULL, 137, 128, 70, 62, 56, 57, 56, 52, 56, 13, 1, 1, 1, 2, 2, NULL),
(2097, 'クロウ', NULL, NULL, 'kurou', NULL, NULL, NULL, 122, 130, 53, 64, 51, 53, 72, 48, 64, 6, 1, 2, 1, 2, 2, NULL),
(2098, 'コヨーテ', NULL, NULL, 'koyoote', NULL, NULL, NULL, 124, 129, 59, 56, 51, 50, 60, 52, 72, 22, 1, 1, 1, 2, 2, NULL),
(2099, 'ゴライアス', NULL, NULL, 'goraiasu', NULL, NULL, NULL, 133, 138, 67, 64, 52, 59, 54, 49, 48, 22, 3, 4, 1, 2, 2, NULL),
(2100, 'ジャッカル', NULL, NULL, 'jakkaru', NULL, NULL, NULL, 120, 132, 62, 49, 52, 68, 55, 55, 52, 17, 2, 3, 1, 2, 2, NULL),
(2101, 'ジラフ', NULL, NULL, 'jirafu', NULL, NULL, NULL, 130, 129, 62, 76, 48, 53, 52, 70, 55, 9, 4, 2, 1, 2, 2, NULL),
(2102, 'スコーピオ', NULL, NULL, 'sukoopio', NULL, NULL, NULL, 122, 137, 69, 79, 51, 53, 50, 53, 48, 5, 2, 1, 1, 2, 2, NULL),
(2103, 'スパイダー', NULL, NULL, 'supaidaa', NULL, NULL, NULL, 138, 136, 52, 69, 55, 73, 48, 68, 51, 0, 2, 3, 1, 2, 2, NULL),
(2104, 'ディンゴ', NULL, NULL, 'deingo', NULL, NULL, NULL, 116, 136, 50, 60, 61, 57, 61, 60, 52, 6, 4, 3, 1, 2, 2, NULL),
(2105, 'パピヨン', NULL, NULL, 'papiyon', NULL, NULL, NULL, 136, 136, 53, 50, 77, 51, 74, 52, 59, 3, 1, 3, 1, 2, 2, NULL),
(2106, 'バファロ', NULL, NULL, 'bafuaro', NULL, NULL, NULL, 114, 128, 60, 56, 52, 60, 53, 52, 58, 13, 2, 3, 1, 2, 2, NULL),
(2107, 'フォクス', NULL, NULL, 'fuokusu', NULL, NULL, NULL, 127, 139, 57, 50, 60, 70, 65, 49, 52, 17, 4, 4, 1, 2, 2, NULL),
(2108, 'ヘッジ', NULL, NULL, 'hejji', NULL, NULL, NULL, 133, 129, 49, 57, 52, 57, 58, 66, 60, 13, 4, 2, 1, 2, 2, NULL),
(2109, 'ヘンク', NULL, NULL, 'henku', NULL, NULL, NULL, 128, 135, 52, 68, 77, 69, 52, 54, 64, 1, 3, 3, 1, 2, 2, NULL),
(2110, 'マンティス', NULL, NULL, 'manteisu', NULL, NULL, NULL, 132, 130, 60, 70, 49, 48, 60, 52, 57, 12, 2, 2, 1, 2, 2, NULL),
(2111, 'エッジ', NULL, NULL, 'ejji', NULL, NULL, NULL, 123, 117, 72, 54, 53, 71, 69, 58, 62, 27, 2, 3, 1, 2, 2, NULL),
(2112, 'エドガー', NULL, NULL, 'edogaa', NULL, NULL, NULL, 126, 119, 96, 71, 58, 47, 57, 48, 57, 26, 2, 1, 1, 2, 2, NULL),
(2113, 'エリック', NULL, NULL, 'erikku', NULL, NULL, NULL, 127, 116, 65, 63, 52, 55, 64, 51, 55, 44, 3, 2, 1, 2, 2, NULL),
(2114, 'ギャレス', NULL, NULL, 'gyaresu', NULL, NULL, NULL, 134, 136, 43, 57, 68, 69, 62, 56, 48, 38, 4, 4, 1, 2, 2, NULL),
(2115, 'ゲイリー', NULL, NULL, 'geirii', NULL, NULL, NULL, 124, 116, 54, 84, 72, 59, 52, 47, 54, 14, 4, 2, 1, 2, 2, NULL),
(2116, 'ジョニーG', NULL, NULL, 'joniiG', NULL, NULL, NULL, 128, 127, 52, 62, 67, 68, 62, 62, 54, 13, 2, 3, 1, 2, 2, NULL),
(2117, 'デービッド', NULL, NULL, 'deebiddo', NULL, NULL, NULL, 127, 108, 54, 60, 78, 66, 53, 55, 50, 15, 4, 3, 1, 2, 2, NULL),
(2118, 'ニック', NULL, NULL, 'nikku', NULL, NULL, NULL, 125, 114, 67, 59, 51, 54, 51, 62, 56, 39, 1, 1, 1, 2, 2, NULL),
(2119, 'ピーター', NULL, NULL, 'piitaa', NULL, NULL, NULL, 133, 103, 51, 66, 60, 53, 56, 71, 57, 15, 3, 2, 1, 2, 2, NULL),
(2120, 'ビート', NULL, NULL, 'biito', NULL, NULL, NULL, 137, 107, 65, 62, 44, 43, 56, 64, 66, 38, 4, 2, 1, 2, 2, NULL),
(2121, 'フィリップ', NULL, NULL, 'fyirippu', NULL, NULL, NULL, 122, 121, 90, 44, 52, 50, 68, 60, 63, 16, 4, 1, 1, 2, 2, NULL),
(2122, 'フレディ', NULL, NULL, 'furedei', NULL, NULL, NULL, 120, 140, 50, 67, 48, 82, 51, 46, 64, 22, 3, 4, 1, 2, 2, NULL),
(2123, 'ポール', NULL, NULL, 'pooru', NULL, NULL, NULL, 125, 109, 55, 58, 60, 54, 59, 60, 57, 47, 2, 2, 1, 2, 2, NULL),
(2124, 'マーティン', NULL, NULL, 'maatein', NULL, NULL, NULL, 105, 109, 51, 48, 69, 56, 62, 34, 62, 65, 3, 3, 1, 2, 2, NULL),
(2125, 'マイキー', NULL, NULL, 'maikii', NULL, NULL, NULL, 130, 122, 55, 53, 69, 51, 71, 60, 51, 43, 2, 2, 1, 2, 2, NULL),
(2126, 'ランス', NULL, NULL, 'ransu', NULL, NULL, NULL, 126, 120, 65, 71, 56, 58, 54, 54, 77, 9, 1, 3, 1, 2, 2, NULL),
(2127, 'エステバン', NULL, NULL, 'esuteban', NULL, NULL, NULL, 127, 103, 58, 59, 58, 64, 59, 58, 69, 13, 1, 2, 1, 2, 2, NULL),
(2128, 'エルナン', NULL, NULL, 'erunan', NULL, NULL, NULL, 128, 99, 52, 60, 60, 75, 60, 52, 76, 6, 1, 3, 1, 2, 2, NULL),
(2129, 'ゴルド', NULL, NULL, 'gorudo', NULL, NULL, NULL, 126, 102, 49, 58, 60, 73, 52, 42, 77, 20, 2, 3, 1, 2, 2, NULL),
(2130, 'セルヒオ', NULL, NULL, 'seruhio', NULL, NULL, NULL, 126, 105, 47, 60, 52, 70, 65, 55, 64, 22, 2, 2, 1, 2, 2, NULL),
(2131, 'ディエゴ', NULL, NULL, 'deiego', NULL, NULL, NULL, 125, 117, 61, 59, 66, 60, 56, 60, 71, 6, 4, 1, 1, 2, 2, NULL),
(2132, 'テレス', NULL, NULL, 'teresu', NULL, NULL, NULL, 134, 129, 52, 62, 60, 82, 59, 51, 70, 17, 3, 3, 1, 2, 2, NULL),
(2133, 'パブロ', NULL, NULL, 'paburo', NULL, NULL, NULL, 128, 99, 68, 71, 48, 60, 60, 52, 60, 15, 1, 2, 1, 2, 2, NULL),
(2134, 'フリオ', NULL, NULL, 'furio', NULL, NULL, NULL, 134, 118, 67, 70, 48, 74, 62, 51, 36, 25, 2, 3, 1, 2, 2, NULL),
(2135, 'ヘルマン', NULL, NULL, 'heruman', NULL, NULL, NULL, 124, 115, 53, 77, 40, 60, 52, 45, 40, 64, 2, 2, 1, 2, 2, NULL),
(2136, 'ホルヘ', NULL, NULL, 'horuhe', NULL, NULL, NULL, 125, 128, 56, 54, 49, 80, 60, 60, 59, 24, 3, 4, 1, 2, 2, NULL),
(2137, 'マリオ', NULL, NULL, 'mario', NULL, NULL, NULL, 136, 103, 50, 61, 52, 57, 58, 50, 52, 52, 3, 1, 1, 2, 2, NULL),
(2138, 'ラモン', NULL, NULL, 'ramon', NULL, NULL, NULL, 122, 126, 53, 59, 51, 69, 56, 54, 78, 15, 4, 3, 1, 2, 2, NULL),
(2139, 'リオネル', NULL, NULL, 'rioneru', NULL, NULL, NULL, 133, 128, 52, 60, 49, 56, 57, 60, 56, 46, 1, 4, 1, 2, 2, NULL),
(2140, 'リカルド', NULL, NULL, 'rikarudo', NULL, NULL, NULL, 128, 106, 43, 40, 40, 56, 41, 67, 40, 108, 4, 1, 1, 2, 2, NULL),
(2141, 'レオーネ', NULL, NULL, 'reoone', NULL, NULL, NULL, 130, 120, 68, 58, 44, 68, 76, 41, 52, 30, 3, 1, 1, 2, 2, NULL),
(2142, 'ロベルト', NULL, NULL, 'roberuto', NULL, NULL, NULL, 122, 108, 68, 60, 54, 65, 79, 62, 58, 3, 1, 2, 1, 2, 2, NULL),
(2143, 'アレックス', NULL, NULL, 'arekkusu', NULL, NULL, NULL, 105, 114, 92, 76, 39, 47, 35, 32, 89, 16, 4, 4, 1, 2, 2, NULL);
INSERT INTO `player` (`player_id`, `player_name_ja`, `player_name_hiragana`, `player_name_kanji`, `player_name_romanji`, `player_name_en`, `player_name_en_full`, `player_initial_lv`, `player_gp_99`, `player_tp_99`, `player_kick_99`, `player_body_99`, `player_control_99`, `player_guard_99`, `player_speed_99`, `player_stamina_99`, `player_guts_99`, `player_freedom_99`, `attri_id`, `positi_id`, `gender_id`, `body_type_id`, `player_obtention_method_id`, `original_version`) VALUES
(2144, 'イチノセ', NULL, NULL, 'ichinose', NULL, NULL, 5, 130, 128, 79, 60, 72, 64, 63, 53, 71, 0, 2, 2, 1, 2, 2, NULL),
(2145, 'エディ', NULL, NULL, 'edei', NULL, NULL, NULL, 128, 102, 59, 57, 63, 56, 56, 58, 52, 27, 3, 1, 1, 2, 2, NULL),
(2146, 'キッド', NULL, NULL, 'kiddo', NULL, NULL, NULL, 100, 129, 72, 40, 44, 75, 75, 37, 67, 20, 2, 4, 1, 2, 2, NULL),
(2147, 'サミー', NULL, NULL, 'samii', NULL, NULL, NULL, 132, 98, 32, 37, 36, 36, 75, 76, 78, 62, 2, 2, 1, 2, 2, NULL),
(2148, 'ショーン', NULL, NULL, 'shoon', NULL, NULL, NULL, 118, 135, 49, 58, 72, 43, 40, 40, 44, 69, 4, 2, 1, 2, 2, NULL),
(2149, 'スティーブ', NULL, NULL, 'suteiibu', NULL, NULL, NULL, 132, 107, 52, 68, 52, 54, 49, 64, 70, 20, 3, 2, 1, 2, 2, NULL),
(2150, 'ダイク', NULL, NULL, 'daiku', NULL, NULL, NULL, 128, 86, 76, 73, 34, 80, 37, 32, 73, 27, 1, 3, 1, 2, 2, NULL),
(2151, 'ディラン', NULL, NULL, 'deiran', NULL, NULL, NULL, 125, 110, 95, 52, 60, 47, 51, 60, 62, 8, 3, 1, 1, 2, 2, NULL),
(2152, 'テッド', NULL, NULL, 'teddo', NULL, NULL, NULL, 121, 144, 47, 40, 45, 55, 68, 48, 62, 56, 4, 3, 1, 2, 2, NULL),
(2153, 'トニー', NULL, NULL, 'tonii', NULL, NULL, NULL, 140, 115, 52, 68, 53, 74, 52, 54, 49, 28, 3, 3, 1, 2, 2, NULL),
(2154, 'ドモン', NULL, NULL, 'domon', NULL, NULL, 5, 129, 125, 56, 61, 62, 76, 60, 65, 61, 9, 2, 3, 1, 2, 2, NULL),
(2155, 'ボブ', NULL, NULL, 'bobu', NULL, NULL, NULL, 127, 122, 69, 54, 55, 51, 52, 49, 54, 52, 1, 3, 1, 2, 2, NULL),
(2156, 'マーク', NULL, NULL, 'maaku', NULL, NULL, NULL, 131, 130, 68, 88, 64, 57, 58, 57, 54, 4, 2, 2, 1, 2, 2, NULL),
(2157, 'ミケーレ', NULL, NULL, 'mikeere', NULL, NULL, NULL, 125, 124, 62, 66, 69, 55, 50, 60, 53, 10, 4, 1, 1, 2, 2, NULL),
(2158, 'ロブ', NULL, NULL, 'robu', NULL, NULL, NULL, 118, 112, 63, 51, 52, 50, 62, 56, 56, 34, 1, 3, 1, 2, 2, NULL),
(2159, 'アレサンド', NULL, NULL, 'aresando', NULL, NULL, NULL, 100, 148, 61, 62, 62, 57, 63, 58, 56, 0, 2, 2, 1, 2, 2, NULL),
(2160, 'アンジェロ', NULL, NULL, 'anjero', NULL, NULL, 5, 115, 133, 50, 53, 64, 68, 72, 48, 58, 23, 1, 2, 1, 2, 2, NULL),
(2161, 'エンリコ', NULL, NULL, 'enriko', NULL, NULL, NULL, 128, 126, 65, 77, 52, 53, 52, 54, 56, 19, 4, 2, 1, 2, 2, NULL),
(2162, 'オットリ', NULL, NULL, 'ottori', NULL, NULL, NULL, 140, 126, 60, 66, 61, 72, 53, 56, 61, 13, 2, 3, 1, 2, 2, NULL),
(2163, 'ガッツ', NULL, NULL, 'gattsu', NULL, NULL, 5, 135, 115, 58, 52, 62, 76, 51, 47, 86, 3, 3, 3, 1, 2, 2, NULL),
(2164, 'ジャンルカ', NULL, NULL, 'janruka', NULL, NULL, NULL, 122, 123, 56, 65, 64, 57, 64, 52, 56, 11, 2, 2, 1, 2, 2, NULL),
(2165, 'ジュゼッペ', NULL, NULL, 'juzeppe', NULL, NULL, NULL, 140, 122, 49, 48, 55, 77, 52, 48, 64, 45, 1, 3, 1, 2, 2, NULL),
(2166, 'ジョジョ', NULL, NULL, 'jojo', NULL, NULL, NULL, 132, 126, 56, 74, 61, 59, 59, 54, 61, 6, 4, 2, 1, 2, 2, NULL),
(2167, 'ダニエレ', NULL, NULL, 'daniere', NULL, NULL, NULL, 136, 136, 48, 68, 53, 75, 66, 37, 61, 21, 3, 4, 1, 2, 2, NULL),
(2168, 'ダンテ', NULL, NULL, 'dante', NULL, NULL, NULL, 140, 124, 83, 70, 52, 51, 51, 42, 76, 7, 3, 2, 1, 2, 2, NULL),
(2169, 'ヒデナカタ', NULL, NULL, 'hidenakata', NULL, NULL, 50, 144, 120, 85, 70, 70, 60, 64, 68, 62, 1, 4, 2, 1, 2, 2, NULL),
(2170, 'フィディオ', NULL, NULL, 'fyideio', NULL, NULL, NULL, 115, 130, 62, 78, 79, 46, 66, 58, 66, 5, 2, 1, 1, 2, 2, NULL),
(2171, 'ブラージ', NULL, NULL, 'buraaji', NULL, NULL, NULL, 107, 124, 63, 50, 72, 86, 32, 36, 83, 12, 1, 4, 1, 2, 2, NULL),
(2172, 'ベント', NULL, NULL, 'bento', NULL, NULL, NULL, 126, 122, 42, 52, 56, 77, 80, 56, 56, 11, 1, 3, 1, 2, 2, NULL),
(2173, 'マルコ', NULL, NULL, 'maruko', NULL, NULL, NULL, 132, 122, 56, 61, 65, 66, 62, 68, 56, 5, 4, 3, 1, 2, 2, NULL),
(2174, 'ラファエレ', NULL, NULL, 'rafuaere', NULL, NULL, NULL, 120, 118, 70, 60, 52, 63, 71, 48, 60, 16, 4, 1, 1, 2, 2, NULL),
(2175, 'ウルソ', NULL, NULL, 'uruso', NULL, NULL, NULL, 130, 122, 50, 58, 56, 66, 53, 51, 51, 38, 3, 3, 1, 2, 2, NULL),
(2176, 'ガト', NULL, NULL, 'gato', NULL, NULL, NULL, 130, 121, 76, 68, 57, 63, 63, 55, 60, 0, 3, 1, 1, 2, 2, NULL),
(2177, 'カバーロ', NULL, NULL, 'kabaaro', NULL, NULL, NULL, 110, 132, 68, 60, 68, 64, 44, 44, 71, 13, 3, 3, 1, 2, 2, NULL),
(2178, 'グリロ', NULL, NULL, 'guriro', NULL, NULL, NULL, 133, 125, 63, 58, 57, 55, 58, 49, 62, 19, 2, 1, 1, 2, 2, NULL),
(2179, 'コルジァ', NULL, NULL, 'korujia', NULL, NULL, NULL, 127, 122, 50, 57, 55, 75, 70, 67, 64, 0, 4, 2, 1, 2, 2, NULL),
(2180, 'シャバリー', NULL, NULL, 'shabarii', NULL, NULL, NULL, 121, 137, 76, 56, 63, 76, 40, 47, 75, 5, 4, 4, 1, 2, 2, NULL),
(2181, 'ティグレ', NULL, NULL, 'teigure', NULL, NULL, NULL, 127, 118, 52, 74, 58, 50, 69, 60, 51, 11, 1, 2, 1, 2, 2, NULL),
(2182, 'バーグレ', NULL, NULL, 'baagure', NULL, NULL, NULL, 122, 116, 47, 59, 58, 66, 48, 60, 61, 9, 1, 3, 1, 2, 2, NULL),
(2183, 'ファルカオ', NULL, NULL, 'fuarukao', NULL, NULL, NULL, 120, 136, 49, 61, 52, 72, 59, 62, 56, 40, 4, 4, 1, 2, 2, NULL),
(2184, 'フォルミガ', NULL, NULL, 'fuorumiga', NULL, NULL, NULL, 123, 121, 51, 56, 62, 70, 60, 56, 57, 17, 4, 3, 1, 2, 2, NULL),
(2185, 'プレザ', NULL, NULL, 'pureza', NULL, NULL, NULL, 115, 129, 52, 58, 74, 48, 75, 50, 77, 0, 1, 2, 1, 2, 2, NULL),
(2186, 'ボルボレタ', NULL, NULL, 'boruboreta', NULL, NULL, NULL, 118, 110, 67, 60, 69, 62, 65, 64, 48, 5, 1, 2, 1, 2, 2, NULL),
(2187, 'モンストロ', NULL, NULL, 'monsutoro', NULL, NULL, NULL, 128, 115, 96, 64, 40, 58, 51, 48, 67, 14, 3, 3, 1, 2, 2, NULL),
(2188, 'ラガルート', NULL, NULL, 'ragaruuto', NULL, NULL, NULL, 124, 117, 50, 51, 50, 68, 69, 64, 68, 20, 2, 3, 1, 2, 2, NULL),
(2189, 'レオナルド', NULL, NULL, 'reonarudo', NULL, NULL, NULL, 130, 125, 68, 100, 51, 68, 45, 39, 60, 9, 2, 2, 1, 2, 2, NULL),
(2190, 'ロニージョ', NULL, NULL, 'roniijo', NULL, NULL, NULL, 130, 114, 85, 60, 70, 60, 60, 63, 54, 8, 3, 1, 1, 2, 2, NULL),
(2191, 'ウィンディ', NULL, NULL, 'uindei', NULL, NULL, NULL, 115, 104, 68, 57, 69, 60, 78, 50, 45, 17, 1, 3, 1, 2, 2, NULL),
(2192, 'ウォルター', NULL, NULL, 'uorutaa', NULL, NULL, NULL, 130, 120, 63, 65, 60, 71, 45, 48, 49, 40, 4, 3, 1, 2, 2, NULL),
(2193, 'キート', NULL, NULL, 'kiito', NULL, NULL, NULL, 128, 114, 64, 60, 61, 60, 49, 61, 76, 1, 3, 2, 1, 2, 2, NULL),
(2194, 'ケーン', NULL, NULL, 'keen', NULL, NULL, NULL, 114, 130, 55, 52, 55, 52, 68, 52, 52, 48, 2, 4, 1, 2, 2, NULL),
(2195, 'ゴーシュ', NULL, NULL, 'gooshu', NULL, NULL, NULL, 133, 124, 79, 66, 58, 62, 66, 64, 56, 7, 3, 1, 1, 2, 2, NULL),
(2196, 'ジニー', NULL, NULL, 'jinii', NULL, NULL, NULL, 123, 115, 56, 52, 68, 67, 52, 62, 61, 12, 2, 3, 1, 2, 2, NULL),
(2197, 'シンティ', NULL, NULL, 'shintei', NULL, NULL, NULL, 120, 120, 62, 62, 62, 62, 62, 65, 62, 3, 1, 2, 1, 2, 2, NULL),
(2198, 'スキッド', NULL, NULL, 'sukiddo', NULL, NULL, NULL, 119, 132, 43, 70, 57, 71, 53, 55, 70, 18, 3, 1, 1, 2, 2, NULL),
(2199, 'ドラゴ', NULL, NULL, 'dorago', NULL, NULL, NULL, 124, 117, 85, 56, 62, 50, 30, 71, 67, 31, 2, 1, 1, 2, 2, NULL),
(2200, 'マキシ', NULL, NULL, 'makishi', NULL, NULL, NULL, 127, 120, 60, 62, 79, 70, 56, 58, 62, 4, 1, 2, 1, 2, 2, NULL),
(2201, 'マッコール', NULL, NULL, 'makkooru', NULL, NULL, NULL, 123, 122, 52, 52, 69, 55, 55, 56, 50, 42, 3, 3, 1, 2, 2, NULL),
(2202, 'マロン', NULL, NULL, 'maron', NULL, NULL, NULL, 124, 127, 48, 48, 52, 56, 60, 62, 66, 50, 3, 3, 1, 2, 2, NULL),
(2203, 'メイガー', NULL, NULL, 'meigaa', NULL, NULL, NULL, 122, 128, 58, 61, 62, 60, 59, 62, 60, 17, 4, 2, 1, 2, 2, NULL),
(2204, 'ユーム', NULL, NULL, 'yuumu', NULL, NULL, NULL, 128, 108, 59, 76, 62, 58, 48, 48, 61, 26, 2, 2, 1, 2, 2, NULL),
(2205, 'リュー', NULL, NULL, 'ryuu', NULL, NULL, NULL, 136, 125, 73, 63, 50, 52, 60, 60, 55, 13, 1, 2, 1, 2, 2, NULL),
(2206, 'ロココ', NULL, NULL, 'rokoko', NULL, NULL, 5, 110, 132, 58, 50, 57, 85, 55, 69, 73, 8, 4, 4, 1, 2, 2, NULL),
(2207, 'アントニオ', NULL, NULL, 'antonio', NULL, NULL, NULL, 130, 103, 54, 62, 48, 65, 52, 40, 79, 29, 4, 3, 1, 2, 2, NULL),
(2208, 'イゴル', NULL, NULL, 'igoru', NULL, NULL, NULL, 130, 119, 52, 68, 78, 55, 60, 67, 44, 27, 3, 2, 1, 2, 2, NULL),
(2209, 'イサーク', NULL, NULL, 'isaaku', NULL, NULL, NULL, 125, 114, 67, 76, 56, 49, 82, 42, 52, 16, 1, 1, 1, 2, 2, NULL),
(2210, 'カルロス', NULL, NULL, 'karurosu', NULL, NULL, NULL, 128, 115, 51, 73, 56, 56, 51, 79, 47, 6, 4, 2, 1, 2, 2, NULL),
(2211, 'ケラルド', NULL, NULL, 'kerarudo', NULL, NULL, NULL, 134, 101, 68, 61, 45, 63, 66, 67, 51, 22, 4, 3, 1, 2, 2, NULL),
(2212, 'サムエル', NULL, NULL, 'samueru', NULL, NULL, NULL, 120, 109, 66, 74, 59, 43, 71, 44, 64, 25, 4, 1, 1, 2, 2, NULL),
(2213, 'ダビ', NULL, NULL, 'dabi', NULL, NULL, NULL, 117, 103, 70, 66, 55, 40, 56, 52, 63, 7, 2, 1, 1, 2, 2, NULL),
(2214, 'ファン', NULL, NULL, 'fuan', NULL, NULL, NULL, 133, 125, 58, 51, 40, 76, 67, 39, 52, 42, 4, 4, 1, 2, 2, NULL),
(2215, 'フェデリコ', NULL, NULL, 'fyederiko', NULL, NULL, NULL, 134, 100, 47, 81, 67, 60, 59, 61, 60, 9, 3, 1, 1, 2, 2, NULL),
(2216, 'フェルミン', NULL, NULL, 'fyerumin', NULL, NULL, NULL, 129, 134, 45, 45, 47, 97, 40, 66, 70, 28, 3, 4, 1, 2, 2, NULL),
(2217, 'ペドロ', NULL, NULL, 'pedoro', NULL, NULL, NULL, 124, 102, 69, 58, 60, 33, 76, 54, 49, 39, 1, 2, 1, 2, 2, NULL),
(2218, 'ホアン', NULL, NULL, 'hoan', NULL, NULL, NULL, 125, 121, 40, 75, 70, 44, 64, 70, 44, 20, 2, 2, 1, 2, 2, NULL),
(2219, 'ホセ', NULL, NULL, 'hose', NULL, NULL, NULL, 118, 110, 43, 45, 61, 73, 52, 56, 55, 45, 1, 3, 1, 2, 2, NULL),
(2220, 'ミケル', NULL, NULL, 'mikeru', NULL, NULL, NULL, 126, 114, 68, 57, 73, 51, 78, 49, 47, 13, 1, 2, 1, 2, 2, NULL),
(2221, 'ラウディ', NULL, NULL, 'raudei', NULL, NULL, NULL, 123, 108, 57, 66, 40, 64, 63, 54, 59, 5, 2, 3, 1, 2, 2, NULL),
(2222, 'ラファエル', NULL, NULL, 'rafuaeru', NULL, NULL, NULL, 122, 120, 45, 59, 55, 76, 48, 74, 62, 21, 2, 3, 1, 2, 2, NULL),
(2223, 'アラン', NULL, NULL, 'aran', NULL, NULL, NULL, 117, 113, 62, 61, 72, 47, 58, 60, 52, 5, 3, 1, 1, 2, 2, NULL),
(2224, 'アンドレ', NULL, NULL, 'andore', NULL, NULL, NULL, 110, 118, 52, 67, 68, 58, 58, 56, 59, 4, 3, 3, 1, 2, 2, NULL),
(2225, 'エミール', NULL, NULL, 'emiiru', NULL, NULL, NULL, 127, 136, 50, 69, 60, 67, 55, 54, 66, 19, 4, 4, 1, 2, 2, NULL),
(2226, 'クロード', NULL, NULL, 'kuroodo', NULL, NULL, NULL, 125, 115, 58, 70, 71, 57, 50, 48, 56, 16, 1, 2, 1, 2, 2, NULL),
(2227, 'ケビン', NULL, NULL, 'kebin', NULL, NULL, NULL, 120, 121, 50, 67, 67, 56, 61, 60, 53, 7, 3, 3, 1, 2, 2, NULL),
(2228, 'ジェローム', NULL, NULL, 'jeroomu', NULL, NULL, NULL, 133, 118, 60, 66, 70, 51, 57, 64, 52, 12, 3, 1, 1, 2, 2, NULL),
(2229, 'ジャン', NULL, NULL, 'jan', NULL, NULL, NULL, 109, 121, 52, 51, 64, 60, 54, 42, 55, 35, 2, 3, 1, 2, 2, NULL),
(2230, 'ジュリアン', NULL, NULL, 'jurian', NULL, NULL, NULL, 129, 124, 56, 62, 79, 61, 57, 52, 68, 20, 4, 2, 1, 2, 2, NULL),
(2231, 'ステファン', NULL, NULL, 'sutefuan', NULL, NULL, NULL, 115, 120, 51, 54, 64, 56, 52, 49, 53, 68, 3, 2, 1, 2, 2, NULL),
(2232, 'ピエール', NULL, NULL, 'pieeru', NULL, NULL, NULL, 116, 127, 53, 55, 74, 55, 56, 51, 63, 35, 1, 3, 1, 2, 2, NULL),
(2233, 'フランツ', NULL, NULL, 'furantsu', NULL, NULL, NULL, 122, 120, 53, 59, 63, 60, 48, 49, 52, 43, 1, 3, 1, 2, 2, NULL),
(2234, 'ミゲル', NULL, NULL, 'migeru', NULL, NULL, NULL, 113, 119, 50, 62, 62, 72, 47, 44, 53, 28, 2, 3, 1, 2, 2, NULL),
(2235, 'ミシェル', NULL, NULL, 'misheru', NULL, NULL, NULL, 119, 124, 63, 61, 68, 50, 63, 50, 50, 23, 1, 1, 1, 2, 2, NULL),
(2236, 'ラッジ', NULL, NULL, 'rajji', NULL, NULL, NULL, 116, 143, 48, 66, 63, 72, 58, 56, 54, 19, 2, 4, 1, 2, 2, NULL),
(2237, 'ローラン', NULL, NULL, 'rooran', NULL, NULL, NULL, 112, 131, 55, 52, 70, 59, 65, 48, 52, 52, 2, 2, 1, 2, 2, NULL),
(2238, 'ロニー', NULL, NULL, 'ronii', NULL, NULL, NULL, 127, 117, 57, 55, 66, 52, 60, 48, 55, 32, 1, 2, 1, 2, 2, NULL),
(2239, 'アレク', NULL, NULL, 'areku', NULL, NULL, NULL, 125, 116, 62, 63, 61, 65, 57, 59, 58, 4, 3, 3, 1, 2, 2, NULL),
(2240, 'イェンス', NULL, NULL, 'iensu', NULL, NULL, NULL, 127, 106, 61, 73, 67, 57, 60, 63, 49, 8, 2, 1, 1, 2, 2, NULL),
(2241, 'エルビン', NULL, NULL, 'erubin', NULL, NULL, NULL, 120, 113, 65, 65, 66, 55, 66, 46, 65, 15, 4, 1, 1, 2, 2, NULL),
(2242, 'エルン', NULL, NULL, 'erun', NULL, NULL, NULL, 125, 105, 57, 77, 62, 58, 56, 49, 53, 12, 3, 2, 1, 2, 2, NULL),
(2243, 'クルト', NULL, NULL, 'kuruto', NULL, NULL, NULL, 126, 104, 57, 73, 62, 54, 57, 51, 57, 12, 2, 3, 1, 2, 2, NULL),
(2244, 'ゲル', NULL, NULL, 'geru', NULL, NULL, NULL, 118, 129, 61, 64, 55, 79, 62, 58, 46, 12, 1, 4, 1, 2, 2, NULL),
(2245, 'テオ', NULL, NULL, 'teo', NULL, NULL, NULL, 130, 108, 65, 77, 58, 56, 68, 51, 44, 16, 4, 2, 1, 2, 2, NULL),
(2246, 'トルステン', NULL, NULL, 'torusuten', NULL, NULL, NULL, 120, 132, 64, 63, 62, 73, 52, 57, 56, 4, 2, 4, 1, 2, 2, NULL),
(2247, '二クラス', NULL, NULL, 'nikurasu', NULL, NULL, NULL, 131, 112, 68, 71, 58, 57, 65, 46, 57, 18, 3, 2, 1, 2, 2, NULL),
(2248, 'ハインリヒ', NULL, NULL, 'hainrihi', NULL, NULL, NULL, 125, 109, 63, 73, 65, 64, 58, 56, 61, 7, 1, 3, 1, 2, 2, NULL),
(2249, 'ペーター', NULL, NULL, 'peetaa', NULL, NULL, NULL, 116, 110, 67, 62, 55, 55, 64, 47, 63, 14, 3, 1, 1, 2, 2, NULL),
(2250, 'マキシム', NULL, NULL, 'makishimu', NULL, NULL, NULL, 117, 109, 67, 63, 58, 56, 63, 56, 65, 11, 1, 1, 1, 2, 2, NULL),
(2251, 'マヌエル', NULL, NULL, 'manueru', NULL, NULL, NULL, 119, 118, 69, 73, 61, 66, 56, 45, 50, 12, 1, 3, 1, 2, 2, NULL),
(2252, 'ヤン', NULL, NULL, 'yan', NULL, NULL, NULL, 129, 117, 56, 64, 66, 55, 62, 42, 54, 20, 2, 2, 1, 2, 2, NULL),
(2253, 'ヨナス', NULL, NULL, 'yonasu', NULL, NULL, NULL, 124, 123, 66, 64, 65, 56, 65, 64, 59, 13, 1, 2, 1, 2, 2, NULL),
(2254, 'ルーカ', NULL, NULL, 'ruuka', NULL, NULL, NULL, 118, 120, 64, 80, 65, 63, 60, 50, 50, 6, 4, 3, 1, 2, 2, NULL),
(2255, 'アソール', NULL, NULL, 'asooru', NULL, NULL, NULL, 149, 91, 59, 70, 49, 51, 57, 68, 79, 6, 4, 2, 1, 2, 2, NULL),
(2256, 'アバリ', NULL, NULL, 'abari', NULL, NULL, NULL, 147, 97, 68, 79, 53, 58, 72, 50, 60, 6, 1, 2, 1, 2, 2, NULL),
(2257, 'カシアス', NULL, NULL, 'kashiasu', NULL, NULL, NULL, 152, 89, 61, 68, 49, 49, 59, 71, 78, 7, 2, 3, 1, 2, 2, NULL),
(2258, 'ケネデ', NULL, NULL, 'kenede', NULL, NULL, NULL, 143, 82, 63, 60, 51, 51, 65, 60, 61, 11, 2, 3, 1, 2, 2, NULL),
(2259, 'ジェイク', NULL, NULL, 'jeiku', NULL, NULL, NULL, 154, 75, 63, 66, 45, 50, 58, 60, 75, 11, 3, 3, 1, 2, 2, NULL),
(2260, 'スラニ', NULL, NULL, 'surani', NULL, NULL, NULL, 146, 93, 60, 61, 54, 53, 51, 56, 63, 23, 3, 2, 1, 2, 2, NULL),
(2261, 'ゾラニ', NULL, NULL, 'zorani', NULL, NULL, NULL, 153, 108, 71, 64, 52, 63, 63, 56, 67, 4, 4, 4, 1, 2, 2, NULL),
(2262, 'ディンガ', NULL, NULL, 'deinga', NULL, NULL, NULL, 148, 89, 62, 76, 45, 54, 66, 62, 67, 4, 3, 3, 1, 2, 2, NULL),
(2263, 'テンバ', NULL, NULL, 'tenba', NULL, NULL, NULL, 158, 97, 68, 63, 54, 52, 55, 56, 68, 14, 3, 2, 1, 2, 2, NULL),
(2264, 'ナタル', NULL, NULL, 'nataru', NULL, NULL, NULL, 144, 94, 66, 83, 57, 48, 65, 59, 65, 7, 1, 1, 1, 2, 2, NULL),
(2265, 'ヒュー', NULL, NULL, 'hyuu', NULL, NULL, NULL, 144, 105, 72, 67, 50, 58, 60, 56, 64, 14, 4, 4, 1, 2, 2, NULL),
(2266, 'ヘゼキエル', NULL, NULL, 'hezekieru', NULL, NULL, NULL, 138, 94, 81, 74, 40, 45, 75, 35, 64, 43, 3, 1, 1, 2, 2, NULL),
(2267, 'ムゾンゲ', NULL, NULL, 'muzonge', NULL, NULL, NULL, 153, 88, 66, 63, 48, 56, 75, 60, 64, 8, 2, 3, 1, 2, 2, NULL),
(2268, 'ムブレロ', NULL, NULL, 'muburero', NULL, NULL, NULL, 147, 98, 60, 61, 50, 55, 61, 64, 63, 14, 1, 3, 1, 2, 2, NULL),
(2269, 'ムラムリ', NULL, NULL, 'muramuri', NULL, NULL, NULL, 145, 100, 75, 66, 40, 40, 73, 60, 60, 12, 3, 1, 1, 2, 2, NULL),
(2270, 'レジー', NULL, NULL, 'rejii', NULL, NULL, NULL, 139, 95, 75, 64, 58, 57, 66, 55, 65, 7, 1, 2, 1, 2, 2, NULL),
(2271, 'アイエル', NULL, NULL, 'aieru', NULL, NULL, 5, 107, 136, 61, 63, 74, 69, 67, 49, 60, 7, 2, 2, 2, 2, 16, NULL),
(2272, 'ウイネル', NULL, NULL, 'uineru', NULL, NULL, 5, 113, 121, 64, 72, 67, 61, 71, 52, 60, 8, 3, 2, 1, 2, 16, NULL),
(2273, 'エカデル', NULL, NULL, 'ekaderu', NULL, NULL, 5, 120, 119, 63, 67, 69, 78, 71, 48, 56, 7, 1, 3, 1, 2, 16, NULL),
(2274, 'エヌエル', NULL, NULL, 'enueru', NULL, NULL, 5, 115, 115, 60, 61, 68, 61, 69, 51, 58, 8, 2, 2, 1, 2, 16, NULL),
(2275, 'エノレル', NULL, NULL, 'enoreru', NULL, NULL, 5, 112, 146, 58, 53, 60, 73, 67, 51, 56, 21, 2, 4, 1, 2, 16, NULL),
(2276, 'エルフェル', NULL, NULL, 'erufyeru', NULL, NULL, 5, 125, 127, 58, 67, 62, 65, 80, 48, 59, 7, 4, 3, 1, 2, 16, NULL),
(2277, 'ギュエール', NULL, NULL, 'gyueeru', NULL, NULL, 5, 109, 139, 65, 61, 62, 64, 88, 50, 59, 8, 1, 1, 2, 2, 16, NULL),
(2278, 'ゲネル', NULL, NULL, 'generu', NULL, NULL, 5, 124, 118, 60, 55, 69, 75, 72, 53, 60, 8, 4, 3, 1, 2, 16, NULL),
(2279, 'サキネル', NULL, NULL, 'sakineru', NULL, NULL, 5, 121, 120, 59, 61, 63, 64, 72, 52, 56, 11, 4, 2, 1, 2, 16, NULL),
(2280, 'セイン', NULL, NULL, 'sein', NULL, NULL, 5, 125, 114, 71, 64, 76, 62, 69, 51, 60, 6, 2, 1, 1, 2, 16, NULL),
(2281, 'ネネル', NULL, NULL, 'neneru', NULL, NULL, 5, 127, 124, 64, 58, 64, 80, 67, 52, 56, 7, 3, 3, 1, 2, 16, NULL),
(2282, 'アスタロス', NULL, NULL, 'asutarosu', NULL, NULL, 5, 123, 134, 65, 56, 48, 66, 57, 54, 71, 15, 3, 4, 1, 2, 16, NULL),
(2283, 'アビゴール', NULL, NULL, 'abigooru', NULL, NULL, 5, 125, 117, 69, 56, 52, 67, 60, 52, 73, 16, 1, 3, 1, 2, 16, NULL),
(2284, 'アラクネス', NULL, NULL, 'arakunesu', NULL, NULL, 5, 114, 132, 68, 74, 51, 46, 61, 53, 72, 14, 3, 2, 2, 2, 16, NULL),
(2285, 'グラーシャ', NULL, NULL, 'guraasha', NULL, NULL, 5, 131, 110, 80, 77, 50, 50, 54, 51, 71, 13, 4, 2, 1, 2, 16, NULL),
(2286, 'サタナトス', NULL, NULL, 'satanatosu', NULL, NULL, 5, 134, 104, 73, 75, 46, 46, 70, 49, 71, 16, 2, 1, 1, 2, 16, NULL),
(2287, 'デスタ', NULL, NULL, 'desuta', NULL, NULL, 5, 137, 121, 80, 73, 55, 49, 58, 55, 78, 9, 4, 1, 1, 2, 16, NULL),
(2288, 'バルバトス', NULL, NULL, 'barubatosu', NULL, NULL, 5, 112, 130, 71, 68, 61, 56, 55, 54, 77, 11, 3, 2, 2, 2, 16, NULL),
(2289, 'ヘビーモス', NULL, NULL, 'hebiimosu', NULL, NULL, 5, 126, 108, 66, 72, 48, 66, 61, 54, 78, 8, 2, 3, 1, 2, 16, NULL),
(2290, 'ベリアル', NULL, NULL, 'beriaru', NULL, NULL, 5, 130, 107, 69, 68, 50, 50, 66, 52, 74, 12, 1, 3, 1, 2, 16, NULL),
(2291, 'ベルゼブ', NULL, NULL, 'beruzebu', NULL, NULL, 5, 135, 119, 65, 69, 47, 71, 56, 50, 77, 11, 4, 3, 1, 2, 16, NULL),
(2292, 'メフィスト', NULL, NULL, 'mefyisuto', NULL, NULL, 5, 127, 116, 67, 68, 46, 52, 58, 52, 74, 11, 1, 2, 1, 2, 16, NULL),
(2293, 'カノン', NULL, NULL, 'kanon', NULL, NULL, NULL, 132, 72, 60, 64, 69, 60, 60, 62, 67, 14, 1, 1, 1, 2, 1, NULL),
(2294, 'ザゴメル', NULL, NULL, 'zagomeru', NULL, NULL, NULL, 160, 180, 50, 50, 50, 99, 58, 60, 63, 2, 4, 4, 1, 2, 12, NULL),
(2295, 'ブボー', NULL, NULL, 'buboo', NULL, NULL, NULL, 127, 154, 49, 73, 48, 81, 63, 49, 59, 14, 1, 3, 1, 2, 2, NULL),
(2296, 'ゲボー', NULL, NULL, 'geboo', NULL, NULL, NULL, 127, 142, 48, 71, 49, 76, 62, 50, 60, 12, 3, 3, 1, 2, 12, NULL),
(2297, 'ダイッコ', NULL, NULL, 'daikko', NULL, NULL, NULL, 124, 156, 52, 74, 50, 78, 55, 70, 57, 7, 2, 3, 1, 2, 12, NULL),
(2298, 'ジニスキー', NULL, NULL, 'jinisukii', NULL, NULL, NULL, 131, 145, 49, 73, 46, 76, 54, 68, 64, 10, 2, 3, 1, 2, 2, NULL),
(2299, 'サンダユウ', NULL, NULL, 'sandayuu', NULL, NULL, NULL, 126, 149, 50, 80, 71, 53, 58, 64, 65, 11, 2, 2, 1, 2, 2, NULL),
(2300, 'ドラッヘ', NULL, NULL, 'dorahhe', NULL, NULL, NULL, 135, 153, 51, 75, 53, 50, 60, 68, 71, 13, 3, 2, 1, 2, 2, NULL),
(2301, 'イッカス', NULL, NULL, 'ikkasu', NULL, NULL, NULL, 128, 140, 51, 72, 74, 49, 54, 68, 59, 12, 4, 2, 1, 2, 2, NULL),
(2302, 'エスカバ', NULL, NULL, 'esukaba', NULL, NULL, NULL, 126, 150, 78, 48, 54, 48, 72, 60, 63, 24, 4, 1, 1, 2, 2, NULL),
(2303, 'バダップ', NULL, NULL, 'badappu', NULL, NULL, NULL, 127, 152, 81, 51, 52, 52, 72, 72, 65, 11, 2, 1, 1, 2, 2, NULL),
(2304, 'ミストレ', NULL, NULL, 'misutore', NULL, NULL, NULL, 130, 158, 73, 53, 51, 54, 76, 59, 58, 14, 4, 1, 1, 2, 2, NULL),
(2305, 'えんどう', NULL, NULL, 'endou', NULL, NULL, NULL, 155, 185, 71, 80, 49, 118, 80, 80, 80, 0, 4, 4, 1, 2, 16, NULL),
(2306, 'かぜまる', NULL, NULL, 'kazemaru', NULL, NULL, NULL, 154, 172, 82, 70, 68, 70, 99, 90, 80, 0, 1, 3, 1, 2, 16, NULL),
(2307, 'かべやま', NULL, NULL, 'kabeyama', NULL, NULL, NULL, 143, 166, 58, 53, 62, 99, 60, 75, 54, 0, 4, 3, 1, 2, 16, NULL),
(2308, 'つなみ', NULL, NULL, 'tsunami', NULL, NULL, NULL, 162, 167, 128, 80, 51, 80, 70, 71, 65, 0, 1, 3, 1, 2, 16, NULL),
(2309, 'こぐれ', NULL, NULL, 'kogure', NULL, NULL, NULL, 156, 164, 62, 58, 80, 80, 70, 72, 50, 0, 2, 3, 1, 2, 16, NULL),
(2310, 'とびたか', NULL, NULL, 'tobitaka', NULL, NULL, NULL, 155, 174, 118, 54, 52, 80, 52, 75, 74, 0, 1, 3, 1, 2, 16, NULL),
(2311, 'ふどう', NULL, NULL, 'fudou', NULL, NULL, NULL, 156, 180, 77, 90, 99, 90, 65, 53, 64, 0, 3, 2, 1, 2, 16, NULL),
(2312, 'ふぶき', NULL, NULL, 'fubuki', NULL, NULL, NULL, 150, 170, 106, 59, 72, 59, 77, 80, 57, 0, 1, 1, 1, 2, 16, NULL),
(2313, 'ごうえんじ', NULL, NULL, 'gouenji', NULL, NULL, NULL, 163, 173, 138, 99, 62, 70, 70, 80, 60, 0, 3, 1, 1, 2, 16, NULL),
(2314, 'とらまる', NULL, NULL, 'toramaru', NULL, NULL, NULL, 150, 180, 118, 56, 90, 55, 70, 80, 57, 0, 2, 1, 1, 2, 16, NULL),
(2315, 'ライデン', NULL, NULL, 'raiden', NULL, NULL, NULL, 154, 187, 74, 80, 53, 80, 60, 71, 68, 0, 1, 2, 1, 2, 16, NULL),
(2316, 'きどう', NULL, NULL, 'kidou', NULL, NULL, NULL, 153, 176, 81, 59, 79, 52, 90, 56, 68, 0, 1, 2, 1, 2, 16, NULL),
(2317, 'ヒロト', NULL, NULL, 'hiroto', NULL, NULL, NULL, 141, 179, 98, 63, 67, 58, 90, 80, 60, 0, 3, 1, 1, 2, 16, NULL),
(2318, 'たちむかい', NULL, NULL, 'tachimukai', NULL, NULL, NULL, 143, 192, 77, 54, 66, 99, 56, 60, 80, 0, 2, 4, 1, 2, 16, NULL),
(2319, 'さくま', NULL, NULL, 'sakuma', NULL, NULL, NULL, 154, 176, 108, 100, 61, 53, 80, 70, 67, 0, 2, 1, 1, 2, 16, NULL),
(2320, 'そめおか', NULL, NULL, 'someoka', NULL, NULL, NULL, 152, 174, 148, 70, 49, 53, 51, 100, 100, 0, 2, 1, 1, 2, 16, NULL),
(2321, 'はいじん', NULL, NULL, 'haijin', NULL, NULL, NULL, 119, 128, 44, 62, 68, 69, 59, 64, 69, 6, 2, 1, 1, 2, 16, NULL),
(2322, 'みちば', NULL, NULL, 'michiba', NULL, NULL, NULL, 105, 104, 52, 68, 60, 53, 58, 60, 66, 11, 1, 1, 1, 2, 16, NULL),
(2323, 'こうじ', NULL, NULL, 'kouji', NULL, NULL, NULL, 108, 121, 62, 61, 59, 60, 49, 75, 62, 4, 4, 2, 1, 2, 16, NULL),
(2324, 'かけやま', NULL, NULL, 'kakeyama', NULL, NULL, NULL, 120, 125, 56, 56, 63, 59, 64, 56, 61, 20, 3, 3, 1, 2, 16, NULL),
(2325, 'あつた', NULL, NULL, 'atsuta', NULL, NULL, NULL, 122, 124, 52, 64, 67, 57, 57, 56, 57, 21, 4, 3, 1, 2, 16, NULL),
(2326, 'かきがわ', NULL, NULL, 'kakigawa', NULL, NULL, NULL, 120, 99, 58, 59, 56, 62, 60, 58, 56, 15, 2, 3, 1, 2, 16, NULL),
(2327, 'おいお', NULL, NULL, 'oio', NULL, NULL, NULL, 115, 101, 55, 60, 57, 53, 59, 54, 53, 49, 2, 2, 1, 2, 16, NULL);

-- --------------------------------------------------------

--
-- Table structure for table `player_decrypted_with_passwd`
--

CREATE TABLE `player_decrypted_with_passwd` (
  `player_id` int(11) NOT NULL,
  `passwd_id` int(11) NOT NULL
) ENGINE=InnoDB DEFAULT CHARSET=utf8mb4 COLLATE=utf8mb4_general_ci;

--
-- Dumping data for table `player_decrypted_with_passwd`
--

INSERT INTO `player_decrypted_with_passwd` (`player_id`, `passwd_id`) VALUES
(44, 20),
(107, 8),
(234, 1),
(242, 21),
(281, 8),
(290, 7),
(431, 6),
(482, 4),
(652, 5),
(653, 7),
(740, 6),
(752, 6),
(784, 5),
(882, 8),
(917, 9),
(963, 5),
(1085, 5),
(1127, 7),
(1222, 7),
(1284, 8),
(1354, 20),
(1354, 21),
(1364, 3),
(1396, 11),
(1396, 12),
(1396, 13),
(1396, 14),
(1405, 20),
(1405, 21),
(1428, 10),
(1478, 6),
(1550, 2),
(2077, 15),
(2077, 16),
(2077, 17),
(2077, 18),
(2077, 19);

-- --------------------------------------------------------

--
-- Table structure for table `player_found_at_zone`
--

CREATE TABLE `player_found_at_zone` (
  `player_id` int(11) NOT NULL,
  `zone_id` int(11) NOT NULL,
  `is_random` tinyint(1) DEFAULT NULL,
  `hint_ja` varchar(200) DEFAULT NULL,
  `hint_en` varchar(200) DEFAULT NULL,
  `hint_es` varchar(200) DEFAULT NULL
) ENGINE=InnoDB DEFAULT CHARSET=utf8mb4 COLLATE=utf8mb4_general_ci;

-- --------------------------------------------------------

--
-- Table structure for table `player_has_recommended_gear_equipment`
--

CREATE TABLE `player_has_recommended_gear_equipment` (
  `player_id` int(11) NOT NULL,
  `item_equipment_id` int(11) NOT NULL
) ENGINE=InnoDB DEFAULT CHARSET=utf8mb4 COLLATE=utf8mb4_general_ci;

-- --------------------------------------------------------

--
-- Table structure for table `player_has_recommended_routine_tm`
--

CREATE TABLE `player_has_recommended_routine_tm` (
  `player_id` int(11) NOT NULL,
  `training_method_id` int(11) NOT NULL
) ENGINE=InnoDB DEFAULT CHARSET=utf8mb4 COLLATE=utf8mb4_general_ci;

-- --------------------------------------------------------

--
-- Table structure for table `player_has_recommended_slot_hissatsu`
--

CREATE TABLE `player_has_recommended_slot_hissatsu` (
  `player_id` int(11) NOT NULL,
  `item_hissatsu_id` int(11) NOT NULL
) ENGINE=InnoDB DEFAULT CHARSET=utf8mb4 COLLATE=utf8mb4_general_ci;

-- --------------------------------------------------------

--
-- Table structure for table `player_is_part_of_team`
--

CREATE TABLE `player_is_part_of_team` (
  `player_id` int(11) NOT NULL,
  `team_id` int(11) NOT NULL,
  `place` int(11) DEFAULT NULL
) ENGINE=InnoDB DEFAULT CHARSET=utf8mb4 COLLATE=utf8mb4_general_ci;

--
-- Dumping data for table `player_is_part_of_team`
--

INSERT INTO `player_is_part_of_team` (`player_id`, `team_id`, `place`) VALUES
(11, 93, 13),
(17, 129, 12),
(17, 150, 12),
(23, 177, 5),
(24, 142, 5),
(25, 93, 9),
(28, 82, 3),
(28, 154, 15),
(33, 140, 8),
(35, 124, 6),
(38, 168, 2),
(50, 129, 6),
(52, 141, 12),
(54, 152, 1),
(63, 172, 15),
(63, 176, 16),
(67, 152, 7),
(68, 159, 16),
(69, 11, 6),
(69, 52, 8),
(69, 129, 5),
(69, 162, 6),
(69, 175, 7),
(72, 82, 4),
(84, 67, 1),
(84, 75, 7),
(84, 127, 1),
(85, 67, 12),
(85, 75, 1),
(86, 67, 13),
(86, 164, 1),
(95, 177, 13),
(98, 167, 16),
(102, 140, 12),
(106, 146, 16),
(113, 140, 6),
(116, 40, 7),
(116, 60, 13),
(116, 64, 7),
(116, 103, 14),
(116, 121, 9),
(116, 123, 10),
(116, 155, 13),
(116, 161, 8),
(127, 107, 9),
(129, 139, 7),
(133, 130, 12),
(135, 179, 14),
(136, 93, 10),
(143, 131, 6),
(146, 159, 5),
(154, 93, 2),
(163, 82, 10),
(163, 126, 10),
(165, 169, 3),
(173, 154, 6),
(201, 169, 14),
(202, 99, 2),
(211, 116, 2),
(216, 99, 6),
(219, 167, 8),
(220, 58, 1),
(220, 62, 1),
(220, 95, 1),
(220, 121, 1),
(220, 148, 1),
(220, 158, 1),
(220, 160, 1),
(220, 176, 1),
(220, 185, 1),
(224, 144, 8),
(224, 146, 15),
(224, 150, 7),
(227, 169, 13),
(230, 112, 9),
(231, 140, 14),
(231, 177, 1),
(242, 125, 9),
(242, 135, 13),
(243, 140, 7),
(244, 124, 2),
(248, 106, 6),
(254, 179, 15),
(262, 112, 4),
(271, 139, 14),
(273, 156, 2),
(274, 139, 10),
(281, 101, 7),
(282, 111, 8),
(282, 163, 5),
(282, 172, 4),
(282, 176, 5),
(286, 156, 15),
(290, 101, 13),
(290, 102, 2),
(291, 124, 8),
(293, 179, 7),
(295, 26, 2),
(295, 61, 2),
(295, 79, 2),
(300, 154, 14),
(301, 140, 3),
(301, 146, 4),
(301, 147, 16),
(303, 127, 4),
(303, 143, 2),
(303, 155, 4),
(304, 100, 10),
(304, 145, 9),
(304, 159, 10),
(306, 112, 10),
(308, 120, 8),
(308, 147, 7),
(309, 179, 8),
(316, 151, 2),
(316, 171, 5),
(317, 80, 1),
(318, 153, 4),
(324, 172, 11),
(324, 176, 13),
(325, 94, 3),
(325, 105, 9),
(325, 172, 13),
(327, 62, 2),
(327, 63, 2),
(327, 80, 8),
(327, 94, 2),
(327, 95, 2),
(327, 135, 10),
(327, 148, 5),
(327, 152, 2),
(327, 158, 6),
(327, 160, 2),
(327, 185, 2),
(328, 130, 15),
(336, 141, 4),
(344, 106, 4),
(345, 93, 12),
(346, 141, 14),
(352, 75, 10),
(352, 160, 9),
(352, 176, 11),
(356, 130, 9),
(356, 171, 16),
(358, 134, 15),
(359, 82, 7),
(360, 106, 11),
(361, 62, 3),
(361, 95, 3),
(361, 121, 2),
(361, 147, 2),
(361, 148, 2),
(361, 158, 3),
(361, 160, 3),
(361, 185, 3),
(364, 140, 16),
(367, 142, 14),
(370, 143, 4),
(373, 143, 3),
(374, 12, 14),
(374, 117, 4),
(375, 89, 3),
(375, 154, 4),
(377, 130, 14),
(381, 151, 1),
(381, 153, 1),
(383, 100, 11),
(384, 141, 1),
(385, 168, 10),
(388, 89, 11),
(390, 105, 2),
(391, 127, 10),
(391, 170, 11),
(392, 107, 6),
(393, 131, 10),
(395, 89, 4),
(395, 129, 4),
(397, 131, 9),
(400, 166, 12),
(414, 6, 10),
(414, 58, 9),
(414, 62, 6),
(414, 63, 5),
(414, 83, 10),
(414, 94, 11),
(414, 97, 6),
(414, 121, 13),
(414, 155, 14),
(414, 160, 13),
(414, 163, 12),
(414, 172, 5),
(414, 176, 14),
(414, 185, 13),
(415, 63, 6),
(416, 111, 1),
(416, 123, 1),
(416, 165, 4),
(417, 177, 15),
(418, 177, 8),
(419, 93, 15),
(422, 99, 1),
(423, 80, 15),
(423, 100, 9),
(423, 102, 14),
(423, 156, 10),
(423, 173, 9),
(423, 179, 11),
(424, 134, 12),
(425, 145, 13),
(426, 82, 2),
(427, 106, 2),
(430, 139, 9),
(431, 101, 4),
(434, 145, 8),
(434, 178, 7),
(437, 150, 6),
(438, 76, 1),
(438, 123, 9),
(438, 145, 6),
(439, 123, 2),
(439, 166, 3),
(451, 120, 2),
(452, 177, 7),
(455, 153, 5),
(456, 151, 9),
(457, 130, 11),
(461, 112, 2),
(464, 128, 3),
(467, 67, 2),
(467, 127, 2),
(467, 164, 4),
(467, 171, 4),
(468, 67, 4),
(468, 75, 2),
(469, 67, 3),
(469, 164, 8),
(469, 178, 9),
(471, 94, 5),
(471, 95, 5),
(471, 135, 5),
(471, 148, 15),
(471, 171, 7),
(474, 140, 15),
(477, 124, 4),
(479, 100, 3),
(479, 143, 14),
(482, 142, 7),
(485, 127, 3),
(486, 93, 4),
(488, 160, 11),
(493, 144, 16),
(494, 99, 11),
(495, 143, 11),
(498, 100, 7),
(498, 155, 16),
(501, 58, 12),
(501, 62, 10),
(501, 94, 10),
(501, 95, 10),
(501, 110, 6),
(501, 121, 10),
(501, 153, 10),
(501, 160, 10),
(501, 163, 10),
(501, 176, 10),
(501, 185, 9),
(502, 132, 10),
(502, 179, 9),
(503, 14, 2),
(503, 52, 3),
(503, 74, 2),
(503, 87, 2),
(503, 106, 8),
(503, 142, 4),
(505, 112, 15),
(512, 178, 11),
(516, 132, 5),
(516, 134, 9),
(521, 131, 8),
(522, 146, 2),
(522, 154, 5),
(524, 12, 12),
(524, 62, 13),
(524, 64, 4),
(524, 94, 4),
(524, 121, 3),
(524, 158, 2),
(524, 185, 5),
(525, 88, 5),
(525, 102, 4),
(525, 129, 9),
(525, 134, 10),
(526, 143, 9),
(528, 141, 8),
(531, 141, 13),
(531, 179, 16),
(538, 126, 11),
(548, 105, 11),
(557, 80, 4),
(557, 88, 4),
(563, 93, 8),
(567, 134, 16),
(568, 75, 3),
(569, 88, 9),
(569, 129, 13),
(571, 134, 14),
(572, 169, 9),
(574, 112, 16),
(578, 106, 14),
(579, 177, 10),
(581, 141, 7),
(581, 168, 8),
(582, 141, 10),
(583, 151, 12),
(585, 6, 11),
(585, 62, 15),
(585, 73, 5),
(585, 152, 13),
(585, 163, 7),
(585, 173, 11),
(585, 185, 15),
(587, 131, 2),
(596, 82, 8),
(598, 140, 4),
(603, 169, 12),
(605, 33, 10),
(605, 53, 8),
(605, 133, 8),
(609, 169, 16),
(618, 131, 11),
(619, 166, 4),
(623, 131, 12),
(627, 150, 2),
(628, 134, 7),
(628, 154, 7),
(629, 82, 5),
(629, 126, 9),
(631, 169, 11),
(632, 177, 9),
(635, 126, 6),
(636, 15, 6),
(636, 144, 3),
(636, 162, 7),
(637, 112, 14),
(638, 73, 15),
(638, 144, 14),
(638, 146, 10),
(638, 150, 14),
(643, 95, 8),
(643, 135, 3),
(645, 93, 11),
(645, 128, 10),
(650, 171, 12),
(652, 101, 3),
(660, 112, 11),
(671, 144, 11),
(671, 152, 14),
(671, 168, 3),
(671, 179, 2),
(673, 94, 6),
(673, 101, 11),
(673, 135, 9),
(673, 155, 6),
(676, 178, 10),
(677, 150, 15),
(683, 120, 11),
(688, 150, 1),
(689, 144, 9),
(689, 146, 14),
(691, 105, 12),
(698, 88, 2),
(698, 95, 7),
(698, 135, 7),
(704, 128, 6),
(705, 144, 10),
(707, 142, 11),
(708, 116, 8),
(712, 95, 4),
(712, 135, 4),
(712, 152, 4),
(714, 128, 11),
(717, 178, 1),
(719, 177, 12),
(723, 107, 11),
(726, 123, 5),
(727, 132, 15),
(727, 168, 16),
(731, 82, 1),
(732, 100, 8),
(732, 102, 3),
(732, 155, 5),
(735, 129, 11),
(736, 123, 7),
(738, 171, 2),
(738, 179, 5),
(740, 101, 8),
(745, 106, 1),
(746, 151, 13),
(751, 140, 5),
(752, 101, 10),
(754, 142, 6),
(755, 100, 6),
(755, 116, 9),
(760, 177, 3),
(772, 170, 13),
(775, 179, 3),
(776, 131, 3),
(781, 150, 4),
(782, 100, 2),
(782, 143, 13),
(783, 128, 8),
(784, 101, 5),
(785, 140, 11),
(789, 62, 16),
(789, 63, 14),
(789, 73, 13),
(789, 95, 11),
(789, 135, 11),
(789, 148, 10),
(789, 152, 11),
(789, 158, 9),
(789, 185, 12),
(792, 106, 12),
(793, 132, 1),
(794, 156, 5),
(797, 100, 5),
(797, 143, 15),
(803, 107, 4),
(803, 132, 7),
(805, 151, 11),
(805, 153, 13),
(805, 155, 11),
(812, 82, 9),
(817, 139, 8),
(818, 151, 16),
(819, 106, 7),
(827, 177, 11),
(829, 134, 6),
(841, 170, 12),
(847, 126, 12),
(849, 15, 1),
(849, 62, 12),
(849, 94, 1),
(849, 102, 1),
(849, 121, 12),
(849, 163, 1),
(849, 185, 11),
(866, 88, 1),
(866, 135, 1),
(866, 178, 12),
(867, 106, 9),
(869, 116, 1),
(878, 179, 4),
(880, 99, 14),
(882, 101, 12),
(884, 99, 8),
(884, 168, 9),
(887, 129, 1),
(889, 93, 7),
(889, 178, 14),
(894, 145, 16),
(896, 167, 4),
(897, 106, 16),
(898, 131, 13),
(899, 107, 2),
(899, 141, 15),
(901, 107, 8),
(908, 16, 4),
(908, 62, 4),
(908, 121, 5),
(908, 154, 2),
(908, 163, 3),
(908, 185, 4),
(916, 167, 15),
(920, 152, 12),
(923, 139, 4),
(924, 171, 14),
(927, 106, 10),
(929, 179, 13),
(931, 144, 15),
(931, 146, 13),
(941, 131, 5),
(942, 134, 11),
(943, 126, 13),
(945, 146, 3),
(958, 126, 4),
(962, 112, 5),
(963, 101, 2),
(964, 124, 1),
(967, 93, 6),
(969, 145, 3),
(970, 62, 14),
(970, 141, 2),
(970, 155, 2),
(970, 160, 4),
(970, 163, 4),
(970, 185, 14),
(973, 129, 8),
(974, 126, 1),
(977, 40, 5),
(977, 60, 16),
(977, 103, 3),
(977, 121, 4),
(977, 123, 8),
(977, 133, 5),
(977, 161, 5),
(977, 170, 2),
(979, 107, 10),
(979, 156, 8),
(979, 170, 9),
(980, 80, 13),
(981, 62, 8),
(981, 79, 10),
(981, 94, 7),
(981, 160, 6),
(981, 163, 8),
(981, 185, 10),
(985, 147, 6),
(988, 99, 9),
(989, 147, 9),
(989, 150, 9),
(991, 129, 14),
(991, 151, 5),
(992, 171, 13),
(1000, 112, 1),
(1003, 106, 5),
(1006, 156, 16),
(1019, 128, 12),
(1019, 168, 1),
(1022, 146, 1),
(1024, 167, 13),
(1025, 134, 8),
(1027, 111, 11),
(1027, 167, 10),
(1031, 166, 13),
(1034, 139, 2),
(1034, 177, 14),
(1035, 142, 15),
(1036, 154, 16),
(1039, 177, 4),
(1044, 169, 15),
(1050, 173, 1),
(1051, 93, 1),
(1062, 116, 11),
(1062, 130, 16),
(1069, 143, 6),
(1069, 178, 6),
(1072, 134, 1),
(1081, 178, 13),
(1082, 89, 6),
(1085, 101, 9),
(1092, 134, 5),
(1097, 123, 11),
(1103, 100, 4),
(1103, 143, 12),
(1106, 179, 10),
(1108, 178, 4),
(1110, 89, 15),
(1120, 80, 3),
(1120, 125, 2),
(1120, 126, 2),
(1120, 156, 3),
(1125, 131, 7),
(1125, 144, 6),
(1125, 146, 8),
(1127, 101, 15),
(1129, 144, 1),
(1138, 125, 5),
(1138, 171, 3),
(1141, 139, 5),
(1156, 89, 16),
(1160, 140, 13),
(1161, 95, 6),
(1161, 135, 6),
(1161, 148, 7),
(1164, 134, 3),
(1165, 80, 16),
(1165, 126, 16),
(1166, 126, 8),
(1167, 89, 14),
(1168, 150, 5),
(1169, 99, 3),
(1170, 140, 10),
(1172, 141, 3),
(1172, 153, 3),
(1173, 128, 5),
(1174, 100, 12),
(1174, 125, 1),
(1174, 128, 1),
(1174, 142, 12),
(1174, 156, 1),
(1174, 167, 1),
(1175, 125, 11),
(1175, 128, 7),
(1175, 142, 10),
(1178, 143, 7),
(1181, 139, 1),
(1184, 130, 1),
(1185, 166, 2),
(1188, 82, 12),
(1188, 154, 12),
(1189, 89, 9),
(1190, 99, 4),
(1201, 144, 12),
(1201, 146, 12),
(1202, 100, 1),
(1202, 102, 12),
(1202, 155, 12),
(1203, 153, 8),
(1205, 112, 8),
(1210, 88, 11),
(1213, 106, 13),
(1214, 99, 7),
(1216, 178, 8),
(1217, 26, 1),
(1217, 61, 1),
(1217, 62, 9),
(1217, 63, 7),
(1217, 79, 12),
(1217, 158, 10),
(1217, 160, 7),
(1217, 185, 16),
(1219, 67, 8),
(1219, 75, 8),
(1219, 127, 8),
(1220, 67, 9),
(1220, 75, 5),
(1220, 132, 6),
(1221, 67, 6),
(1221, 164, 11),
(1222, 101, 14),
(1224, 80, 2),
(1238, 112, 6),
(1238, 127, 6),
(1238, 132, 16),
(1241, 93, 16),
(1242, 178, 2),
(1245, 89, 5),
(1249, 140, 9),
(1253, 168, 5),
(1254, 126, 15),
(1256, 146, 7),
(1256, 177, 16),
(1259, 62, 5),
(1259, 94, 8),
(1259, 163, 6),
(1259, 169, 8),
(1259, 173, 10),
(1259, 185, 7),
(1260, 150, 8),
(1260, 170, 16),
(1261, 171, 9),
(1264, 11, 9),
(1264, 62, 11),
(1264, 63, 3),
(1264, 80, 9),
(1264, 102, 15),
(1264, 121, 11),
(1264, 158, 5),
(1264, 160, 5),
(1264, 176, 4),
(1264, 185, 8),
(1265, 63, 9),
(1266, 172, 8),
(1266, 176, 12),
(1268, 155, 3),
(1269, 111, 3),
(1270, 164, 2),
(1275, 145, 11),
(1277, 67, 7),
(1277, 127, 9),
(1277, 164, 7),
(1278, 67, 14),
(1278, 75, 4),
(1279, 67, 5),
(1279, 164, 5),
(1281, 179, 12),
(1284, 101, 6),
(1285, 159, 12),
(1288, 141, 11),
(1288, 155, 15),
(1310, 179, 1),
(1311, 134, 2),
(1316, 145, 15),
(1319, 178, 16),
(1320, 99, 13),
(1325, 177, 6),
(1329, 76, 10),
(1329, 126, 7),
(1330, 99, 15),
(1330, 125, 6),
(1335, 120, 3),
(1339, 151, 14),
(1341, 102, 9),
(1341, 164, 9),
(1341, 176, 8),
(1348, 95, 9),
(1348, 135, 8),
(1348, 148, 9),
(1353, 156, 9),
(1362, 143, 8),
(1366, 170, 4),
(1366, 177, 2),
(1367, 170, 14),
(1373, 116, 3),
(1374, 141, 6),
(1376, 99, 10),
(1379, 142, 13),
(1383, 131, 4),
(1386, 154, 8),
(1388, 139, 13),
(1394, 128, 9),
(1395, 63, 10),
(1395, 94, 9),
(1403, 93, 3),
(1406, 112, 3),
(1407, 66, 6),
(1407, 153, 7),
(1413, 156, 6),
(1413, 170, 7),
(1420, 134, 4),
(1425, 167, 14),
(1427, 126, 3),
(1427, 129, 15),
(1427, 150, 3),
(1428, 95, 12),
(1428, 105, 8),
(1428, 111, 13),
(1428, 121, 8),
(1428, 124, 7),
(1428, 148, 13),
(1428, 160, 12),
(1428, 172, 14),
(1431, 107, 7),
(1431, 141, 16),
(1434, 130, 10),
(1439, 127, 7),
(1439, 143, 10),
(1442, 107, 3),
(1461, 123, 6),
(1465, 147, 8),
(1468, 93, 14),
(1470, 112, 12),
(1472, 147, 3),
(1475, 93, 5),
(1477, 128, 2),
(1478, 101, 1),
(1483, 151, 6),
(1489, 125, 3),
(1489, 141, 5),
(1494, 133, 13),
(1494, 150, 11),
(1504, 128, 4),
(1507, 151, 8),
(1508, 126, 14),
(1508, 167, 7),
(1509, 99, 12),
(1511, 172, 1),
(1511, 176, 15),
(1515, 164, 3),
(1516, 123, 4),
(1517, 88, 10),
(1527, 178, 3),
(1528, 173, 3),
(1534, 107, 1),
(1537, 167, 12),
(1538, 151, 3),
(1539, 62, 7),
(1539, 158, 4),
(1539, 164, 6),
(1539, 185, 6),
(1541, 151, 15),
(1542, 82, 6),
(1542, 130, 8),
(1549, 107, 5),
(1551, 141, 9),
(1551, 142, 16),
(1552, 142, 8),
(1555, 152, 16),
(1556, 99, 5),
(1558, 43, 15),
(1562, 131, 1),
(1563, 144, 5),
(1563, 146, 9),
(1565, 150, 13),
(1567, 171, 6),
(1570, 140, 2),
(1571, 125, 10),
(1572, 151, 4),
(1574, 107, 12),
(1575, 82, 11),
(1575, 173, 14),
(1576, 151, 10),
(1577, 140, 1),
(1578, 67, 10),
(1578, 75, 9),
(1578, 127, 11),
(1579, 67, 11),
(1579, 75, 11),
(1580, 67, 15),
(1580, 164, 10),
(1586, 43, 1),
(1586, 66, 11),
(1586, 70, 1),
(1586, 71, 13),
(1586, 72, 1),
(1586, 79, 1),
(1586, 103, 12),
(1586, 148, 12),
(1586, 161, 1),
(1586, 165, 7),
(1589, 127, 5),
(1591, 132, 9),
(1591, 179, 6),
(1593, 116, 4),
(1594, 129, 16),
(1597, 112, 7),
(1599, 134, 13),
(1605, 168, 13),
(1607, 89, 13),
(1608, 1, 15),
(1609, 1, 7),
(1609, 178, 5),
(1610, 1, 3),
(1611, 1, 16),
(1612, 1, 1),
(1612, 78, 11),
(1613, 1, 8),
(1613, 78, 7),
(1614, 1, 6),
(1614, 78, 14),
(1615, 1, 12),
(1616, 1, 9),
(1616, 78, 8),
(1617, 1, 13),
(1617, 114, 6),
(1618, 1, 4),
(1619, 1, 2),
(1620, 1, 14),
(1621, 1, 11),
(1621, 78, 13),
(1622, 1, 5),
(1623, 1, 10),
(1623, 78, 6),
(1623, 157, 8),
(1624, 2, 15),
(1624, 119, 11),
(1625, 2, 2),
(1625, 108, 2),
(1626, 2, 1),
(1626, 66, 16),
(1626, 108, 1),
(1626, 143, 1),
(1627, 2, 10),
(1628, 2, 14),
(1629, 2, 13),
(1630, 2, 12),
(1630, 113, 5),
(1631, 2, 5),
(1631, 170, 3),
(1632, 2, 11),
(1633, 2, 4),
(1633, 90, 3),
(1634, 2, 16),
(1634, 117, 6),
(1635, 2, 7),
(1635, 81, 16),
(1636, 2, 8),
(1637, 2, 3),
(1637, 90, 5),
(1638, 2, 9),
(1638, 35, 8),
(1638, 54, 9),
(1638, 157, 11),
(1639, 2, 6),
(1640, 3, 15),
(1640, 113, 8),
(1641, 3, 1),
(1642, 3, 12),
(1642, 89, 1),
(1643, 3, 4),
(1644, 3, 6),
(1644, 166, 6),
(1645, 3, 13),
(1645, 89, 8),
(1645, 119, 7),
(1646, 3, 9),
(1646, 90, 11),
(1647, 3, 3),
(1647, 154, 3),
(1648, 3, 8),
(1648, 108, 8),
(1649, 3, 11),
(1649, 89, 12),
(1650, 3, 2),
(1651, 3, 16),
(1651, 118, 6),
(1652, 3, 14),
(1652, 89, 10),
(1653, 3, 10),
(1653, 90, 10),
(1654, 3, 5),
(1654, 89, 2),
(1655, 3, 7),
(1655, 89, 7),
(1655, 108, 7),
(1655, 157, 6),
(1656, 4, 11),
(1656, 35, 6),
(1656, 54, 6),
(1656, 108, 6),
(1656, 157, 10),
(1657, 4, 6),
(1657, 90, 6),
(1658, 4, 4),
(1658, 108, 4),
(1659, 4, 7),
(1660, 4, 10),
(1660, 124, 5),
(1661, 4, 9),
(1662, 4, 1),
(1662, 63, 1),
(1662, 135, 12),
(1662, 155, 1),
(1663, 4, 13),
(1663, 117, 7),
(1664, 4, 3),
(1665, 4, 15),
(1666, 4, 5),
(1666, 90, 4),
(1667, 4, 8),
(1667, 108, 10),
(1668, 4, 14),
(1668, 118, 7),
(1669, 4, 12),
(1669, 66, 4),
(1669, 119, 8),
(1670, 4, 16),
(1670, 113, 2),
(1671, 4, 2),
(1672, 5, 11),
(1672, 109, 11),
(1673, 5, 1),
(1673, 90, 1),
(1673, 105, 1),
(1673, 109, 1),
(1674, 5, 6),
(1674, 109, 6),
(1674, 152, 15),
(1675, 5, 13),
(1676, 5, 9),
(1676, 105, 10),
(1676, 109, 9),
(1677, 5, 5),
(1677, 105, 3),
(1677, 109, 5),
(1678, 5, 7),
(1678, 105, 4),
(1678, 109, 7),
(1678, 116, 7),
(1679, 5, 15),
(1679, 119, 2),
(1680, 5, 2),
(1680, 90, 2),
(1680, 105, 13),
(1680, 109, 2),
(1681, 5, 12),
(1681, 115, 11),
(1682, 5, 16),
(1682, 113, 4),
(1683, 5, 3),
(1683, 105, 6),
(1683, 108, 3),
(1683, 109, 3),
(1683, 124, 9),
(1683, 157, 2),
(1683, 168, 4),
(1684, 5, 4),
(1684, 105, 14),
(1684, 108, 11),
(1684, 109, 4),
(1684, 178, 15),
(1685, 5, 14),
(1685, 119, 5),
(1686, 5, 10),
(1686, 73, 4),
(1686, 90, 9),
(1686, 105, 15),
(1686, 109, 10),
(1686, 124, 11),
(1687, 5, 8),
(1687, 105, 16),
(1687, 109, 8),
(1688, 6, 13),
(1689, 6, 16),
(1689, 118, 10),
(1690, 6, 5),
(1690, 108, 5),
(1690, 116, 5),
(1690, 122, 5),
(1691, 6, 7),
(1691, 90, 7),
(1691, 168, 7),
(1691, 169, 7),
(1692, 6, 15),
(1693, 6, 9),
(1693, 35, 5),
(1693, 54, 2),
(1693, 83, 9),
(1693, 108, 9),
(1693, 168, 14),
(1694, 6, 2),
(1694, 83, 2),
(1694, 122, 2),
(1694, 152, 3),
(1695, 6, 8),
(1695, 81, 2),
(1695, 83, 8),
(1695, 88, 7),
(1695, 90, 8),
(1695, 168, 15),
(1696, 6, 4),
(1696, 35, 2),
(1696, 54, 5),
(1696, 122, 4),
(1696, 169, 2),
(1697, 6, 3),
(1697, 122, 3),
(1698, 6, 12),
(1698, 119, 4),
(1699, 6, 6),
(1699, 83, 7),
(1700, 6, 14),
(1701, 7, 15),
(1701, 119, 6),
(1702, 7, 14),
(1702, 120, 14),
(1703, 7, 12),
(1703, 115, 1),
(1703, 120, 16),
(1704, 7, 11),
(1704, 35, 7),
(1704, 54, 8),
(1704, 120, 10),
(1704, 138, 11),
(1704, 170, 8),
(1705, 7, 7),
(1705, 91, 7),
(1705, 120, 7),
(1706, 7, 3),
(1706, 120, 4),
(1707, 7, 5),
(1707, 91, 5),
(1708, 7, 8),
(1708, 91, 11),
(1708, 120, 5),
(1709, 7, 4),
(1710, 7, 16),
(1710, 114, 3),
(1710, 120, 15),
(1711, 7, 13),
(1711, 117, 11),
(1711, 120, 13),
(1712, 7, 10),
(1712, 120, 9),
(1712, 138, 10),
(1713, 7, 6),
(1713, 91, 10),
(1713, 120, 6),
(1713, 166, 15),
(1714, 7, 2),
(1714, 157, 3),
(1715, 7, 1),
(1715, 120, 1),
(1716, 7, 9),
(1716, 120, 12),
(1716, 138, 9),
(1717, 8, 1),
(1717, 91, 1),
(1717, 157, 1),
(1718, 8, 7),
(1718, 138, 7),
(1719, 8, 14),
(1720, 8, 8),
(1720, 138, 8),
(1721, 8, 12),
(1721, 115, 2),
(1722, 8, 5),
(1723, 8, 2),
(1723, 91, 2),
(1724, 8, 3),
(1724, 91, 3),
(1725, 8, 10),
(1726, 8, 11),
(1726, 73, 16),
(1727, 8, 9),
(1727, 65, 6),
(1728, 8, 15),
(1728, 112, 13),
(1729, 8, 16),
(1729, 114, 9),
(1730, 8, 4),
(1730, 35, 16),
(1730, 54, 15),
(1730, 65, 2),
(1730, 91, 4),
(1730, 149, 1),
(1731, 8, 6),
(1731, 138, 6),
(1732, 8, 13),
(1732, 65, 5),
(1733, 9, 16),
(1733, 118, 5),
(1734, 9, 5),
(1734, 110, 5),
(1734, 138, 5),
(1734, 157, 4),
(1735, 9, 12),
(1735, 114, 4),
(1736, 9, 11),
(1736, 35, 14),
(1736, 54, 13),
(1736, 91, 8),
(1736, 110, 11),
(1736, 172, 12),
(1737, 9, 6),
(1738, 9, 10),
(1738, 110, 10),
(1738, 172, 10),
(1739, 9, 15),
(1740, 9, 1),
(1740, 110, 1),
(1741, 9, 2),
(1741, 102, 5),
(1741, 110, 2),
(1741, 123, 3),
(1741, 135, 2),
(1742, 9, 13),
(1743, 9, 9),
(1743, 91, 6),
(1743, 110, 9),
(1743, 139, 11),
(1743, 172, 9),
(1744, 9, 14),
(1745, 9, 4),
(1745, 110, 4),
(1745, 138, 2),
(1746, 9, 3),
(1746, 110, 3),
(1747, 9, 8),
(1747, 110, 8),
(1748, 9, 7),
(1748, 110, 7),
(1749, 10, 13),
(1749, 55, 13),
(1749, 114, 7),
(1750, 10, 8),
(1750, 55, 8),
(1751, 10, 10),
(1751, 34, 9),
(1751, 53, 9),
(1751, 55, 10),
(1751, 64, 8),
(1751, 72, 14),
(1751, 86, 9),
(1751, 91, 9),
(1751, 97, 11),
(1751, 102, 8),
(1751, 103, 8),
(1751, 155, 10),
(1751, 159, 14),
(1751, 182, 9),
(1752, 10, 2),
(1752, 55, 2),
(1752, 97, 4),
(1752, 138, 4),
(1752, 182, 3),
(1753, 10, 6),
(1753, 55, 6),
(1753, 143, 5),
(1753, 182, 5),
(1754, 10, 4),
(1754, 55, 4),
(1754, 97, 2),
(1755, 10, 12),
(1755, 55, 12),
(1755, 117, 1),
(1756, 10, 15),
(1756, 55, 15),
(1756, 115, 9),
(1757, 10, 5),
(1757, 55, 5),
(1757, 97, 3),
(1757, 182, 16),
(1758, 10, 9),
(1758, 35, 15),
(1758, 54, 16),
(1758, 55, 9),
(1758, 86, 10),
(1758, 132, 11),
(1758, 182, 7),
(1759, 10, 3),
(1759, 55, 3),
(1759, 86, 2),
(1759, 97, 5),
(1759, 138, 3),
(1760, 10, 11),
(1760, 35, 13),
(1760, 54, 14),
(1760, 55, 11),
(1760, 182, 14),
(1761, 10, 14),
(1761, 55, 14),
(1761, 119, 3),
(1762, 10, 7),
(1762, 55, 7),
(1762, 86, 11),
(1762, 130, 6),
(1762, 157, 7),
(1762, 168, 12),
(1763, 10, 1),
(1763, 55, 1),
(1763, 86, 1),
(1763, 97, 1),
(1763, 138, 1),
(1763, 165, 2),
(1763, 182, 1),
(1764, 10, 16),
(1764, 55, 16),
(1764, 118, 8),
(1766, 11, 7),
(1767, 11, 3),
(1768, 11, 11),
(1768, 92, 11),
(1769, 11, 15),
(1769, 118, 3),
(1770, 11, 14),
(1770, 113, 11),
(1770, 115, 7),
(1771, 11, 13),
(1771, 114, 5),
(1772, 11, 12),
(1773, 11, 8),
(1774, 11, 16),
(1774, 117, 10),
(1775, 11, 1),
(1775, 66, 8),
(1775, 92, 1),
(1776, 176, 9),
(1777, 11, 2),
(1777, 52, 2),
(1777, 92, 4),
(1777, 125, 4),
(1778, 11, 4),
(1779, 11, 5),
(1779, 65, 14),
(1779, 92, 2),
(1780, 11, 10),
(1780, 80, 10),
(1780, 92, 9),
(1781, 12, 9),
(1781, 122, 9),
(1781, 172, 6),
(1781, 176, 7),
(1782, 12, 8),
(1782, 122, 8),
(1783, 12, 13),
(1784, 12, 11),
(1784, 122, 11),
(1784, 170, 15),
(1784, 172, 7),
(1784, 175, 9),
(1784, 176, 6),
(1785, 12, 16),
(1785, 115, 10),
(1786, 12, 1),
(1786, 64, 1),
(1786, 175, 1),
(1787, 12, 10),
(1787, 122, 10),
(1787, 175, 11),
(1789, 12, 15),
(1789, 113, 6),
(1790, 12, 6),
(1790, 92, 8),
(1790, 122, 6),
(1790, 132, 8),
(1790, 144, 2),
(1791, 12, 2),
(1791, 130, 2),
(1791, 162, 3),
(1792, 12, 4),
(1792, 130, 5),
(1792, 175, 4),
(1793, 12, 3),
(1793, 130, 3),
(1794, 12, 5),
(1795, 12, 7),
(1795, 116, 6),
(1795, 122, 7),
(1796, 13, 16),
(1796, 65, 15),
(1796, 115, 5),
(1797, 13, 3),
(1797, 83, 4),
(1797, 162, 4),
(1797, 169, 4),
(1798, 13, 12),
(1798, 113, 1),
(1799, 6, 1),
(1799, 35, 1),
(1799, 54, 1),
(1799, 122, 1),
(1799, 165, 12),
(1800, 13, 4),
(1800, 35, 4),
(1800, 54, 4),
(1800, 83, 3),
(1800, 149, 13),
(1801, 13, 11),
(1801, 83, 11),
(1802, 13, 5),
(1803, 13, 14),
(1803, 117, 3),
(1804, 13, 13),
(1804, 114, 10),
(1805, 13, 2),
(1805, 83, 5),
(1806, 13, 8),
(1806, 52, 11),
(1806, 76, 12),
(1806, 97, 8),
(1806, 125, 7),
(1807, 13, 9),
(1807, 97, 9),
(1808, 13, 7),
(1808, 144, 4),
(1809, 13, 10),
(1809, 83, 6),
(1809, 97, 10),
(1809, 139, 6),
(1810, 13, 15),
(1810, 118, 9),
(1811, 13, 6),
(1811, 97, 7),
(1812, 14, 14),
(1812, 113, 10),
(1813, 14, 5),
(1813, 74, 5),
(1814, 14, 1),
(1814, 52, 1),
(1814, 74, 1),
(1814, 87, 1),
(1814, 142, 1),
(1814, 147, 12),
(1816, 14, 12),
(1816, 52, 12),
(1816, 118, 1),
(1817, 14, 7),
(1817, 74, 7),
(1818, 14, 16),
(1818, 66, 7),
(1819, 14, 8),
(1819, 74, 8),
(1819, 142, 9),
(1820, 14, 4),
(1820, 52, 4),
(1820, 74, 4),
(1821, 14, 13),
(1821, 52, 5),
(1821, 105, 7),
(1821, 114, 2),
(1822, 14, 6),
(1822, 52, 9),
(1822, 74, 6),
(1822, 87, 8),
(1822, 116, 10),
(1822, 129, 7),
(1823, 14, 15),
(1823, 117, 8),
(1824, 14, 9),
(1824, 74, 9),
(1825, 14, 3),
(1825, 74, 3),
(1825, 87, 3),
(1825, 149, 5),
(1825, 162, 5),
(1825, 167, 2),
(1826, 14, 10),
(1826, 52, 10),
(1826, 74, 10),
(1826, 121, 7),
(1826, 158, 12),
(1826, 167, 11),
(1827, 14, 11),
(1827, 74, 11),
(1827, 87, 9),
(1827, 167, 9),
(1828, 15, 5),
(1828, 65, 13),
(1829, 15, 3),
(1830, 15, 16),
(1830, 66, 5),
(1830, 117, 2),
(1831, 15, 13),
(1831, 118, 11),
(1832, 15, 9),
(1832, 175, 8),
(1833, 15, 4),
(1833, 175, 3),
(1835, 15, 15),
(1835, 113, 7),
(1836, 15, 2),
(1836, 175, 5),
(1837, 15, 10),
(1837, 170, 10),
(1837, 175, 10),
(1838, 15, 14),
(1838, 115, 6),
(1839, 15, 12),
(1840, 15, 11),
(1841, 15, 8),
(1841, 92, 5),
(1842, 15, 7),
(1842, 92, 7),
(1843, 16, 5),
(1843, 92, 3),
(1844, 16, 10),
(1845, 16, 12),
(1845, 119, 1),
(1846, 16, 7),
(1846, 64, 6),
(1846, 124, 10),
(1846, 162, 8),
(1847, 16, 13),
(1847, 114, 11),
(1848, 16, 3),
(1848, 147, 4),
(1848, 175, 2),
(1849, 16, 8),
(1849, 52, 6),
(1849, 88, 8),
(1849, 92, 6),
(1849, 125, 8),
(1850, 16, 9),
(1850, 92, 10),
(1851, 16, 16),
(1851, 52, 13),
(1851, 113, 9),
(1852, 16, 11),
(1853, 16, 1),
(1853, 162, 1),
(1854, 16, 14),
(1854, 117, 9),
(1855, 16, 2),
(1855, 149, 16),
(1856, 16, 15),
(1856, 119, 9),
(1857, 16, 6),
(1857, 175, 6),
(1858, 17, 8),
(1859, 17, 4),
(1859, 84, 3),
(1860, 17, 5),
(1861, 17, 3),
(1861, 85, 4),
(1861, 96, 2),
(1861, 149, 2),
(1862, 17, 7),
(1862, 65, 7),
(1862, 88, 6),
(1862, 96, 7),
(1862, 132, 14),
(1862, 144, 7),
(1862, 170, 5),
(1863, 17, 2),
(1863, 85, 2),
(1863, 144, 13),
(1864, 17, 1),
(1864, 66, 2),
(1864, 84, 1),
(1865, 17, 11),
(1865, 85, 7),
(1866, 17, 6),
(1866, 76, 5),
(1866, 81, 3),
(1866, 84, 5),
(1866, 96, 5),
(1867, 17, 9),
(1867, 76, 11),
(1867, 84, 9),
(1867, 152, 9),
(1867, 162, 10),
(1867, 173, 15),
(1868, 17, 10),
(1868, 63, 8),
(1868, 85, 9),
(1868, 96, 13),
(1869, 18, 7),
(1869, 19, 7),
(1869, 76, 6),
(1869, 85, 6),
(1869, 136, 6),
(1870, 18, 4),
(1870, 19, 4),
(1871, 18, 2),
(1871, 19, 2),
(1871, 84, 2),
(1872, 18, 8),
(1872, 19, 8),
(1872, 85, 8),
(1873, 18, 11),
(1873, 19, 1),
(1873, 35, 11),
(1873, 54, 11),
(1873, 80, 11),
(1873, 84, 11),
(1873, 96, 11),
(1873, 165, 9),
(1874, 18, 5),
(1874, 19, 5),
(1875, 63, 11),
(1875, 85, 1),
(1875, 96, 12),
(1875, 136, 1),
(1875, 165, 8),
(1876, 18, 6),
(1876, 19, 6),
(1876, 84, 6),
(1876, 96, 6),
(1877, 18, 9),
(1877, 19, 9),
(1877, 76, 9),
(1877, 136, 9),
(1877, 162, 9),
(1878, 18, 10),
(1878, 19, 10),
(1878, 168, 11),
(1879, 18, 3),
(1879, 19, 3),
(1879, 64, 2),
(1879, 76, 2),
(1879, 85, 3),
(1879, 96, 3),
(1879, 142, 2),
(1886, 18, 1),
(1886, 19, 11),
(1891, 20, 8),
(1891, 85, 10),
(1891, 136, 8),
(1892, 20, 9),
(1892, 35, 9),
(1892, 54, 10),
(1892, 85, 5),
(1892, 136, 14),
(1892, 147, 11),
(1892, 162, 11),
(1893, 20, 10),
(1893, 76, 13),
(1893, 81, 9),
(1893, 84, 10),
(1893, 86, 8),
(1893, 96, 8),
(1893, 136, 10),
(1894, 20, 3),
(1894, 76, 16),
(1894, 84, 4),
(1894, 96, 4),
(1894, 136, 5),
(1894, 142, 3),
(1895, 20, 7),
(1895, 76, 7),
(1895, 84, 8),
(1895, 86, 7),
(1895, 129, 2),
(1895, 136, 13),
(1896, 20, 11),
(1896, 63, 12),
(1896, 85, 11),
(1896, 86, 6),
(1896, 96, 14),
(1896, 102, 13),
(1896, 136, 11),
(1897, 20, 2),
(1897, 86, 3),
(1897, 136, 2),
(1898, 20, 6),
(1898, 84, 7),
(1898, 136, 7),
(1899, 20, 4),
(1899, 35, 3),
(1899, 54, 3),
(1899, 86, 4),
(1899, 136, 3),
(1900, 20, 1),
(1900, 96, 1),
(1900, 136, 12),
(1900, 170, 1),
(1900, 171, 1),
(1901, 20, 5),
(1901, 86, 5),
(1901, 136, 4),
(1901, 149, 12),
(1902, 21, 7),
(1903, 21, 5),
(1904, 21, 10),
(1905, 21, 8),
(1906, 21, 9),
(1907, 21, 11),
(1908, 21, 6),
(1909, 21, 2),
(1910, 21, 1),
(1911, 21, 3),
(1912, 21, 4),
(1913, 22, 10),
(1913, 63, 13),
(1913, 111, 9),
(1914, 22, 5),
(1914, 111, 12),
(1915, 22, 3),
(1915, 111, 6),
(1916, 22, 9),
(1917, 22, 7),
(1917, 111, 5),
(1918, 22, 4),
(1918, 111, 2),
(1919, 22, 11),
(1919, 63, 15),
(1919, 111, 10),
(1920, 22, 1),
(1920, 63, 16),
(1921, 22, 2),
(1922, 22, 6),
(1922, 111, 4),
(1923, 22, 8),
(1923, 111, 7),
(1924, 23, 1),
(1924, 25, 1),
(1924, 165, 3),
(1924, 183, 12),
(1924, 184, 12),
(1925, 23, 9),
(1925, 98, 11),
(1925, 184, 13),
(1926, 23, 4),
(1926, 98, 4),
(1926, 137, 14),
(1926, 184, 14),
(1927, 23, 11),
(1927, 25, 10),
(1927, 96, 15),
(1927, 137, 10),
(1927, 153, 14),
(1927, 184, 6),
(1928, 23, 2),
(1928, 25, 2),
(1928, 76, 3),
(1928, 153, 2),
(1928, 183, 16),
(1928, 184, 16),
(1929, 34, 10),
(1929, 53, 14),
(1929, 73, 10),
(1929, 153, 11),
(1929, 171, 10),
(1929, 183, 9),
(1929, 184, 11),
(1930, 23, 3),
(1930, 98, 3),
(1930, 137, 15),
(1930, 173, 13),
(1930, 184, 8),
(1931, 23, 6),
(1931, 25, 6),
(1931, 35, 12),
(1931, 54, 12),
(1931, 155, 8),
(1931, 166, 16),
(1931, 183, 13),
(1932, 23, 8),
(1932, 98, 8),
(1932, 167, 5),
(1933, 23, 5),
(1933, 25, 5),
(1933, 183, 3),
(1933, 184, 15),
(1934, 23, 7),
(1934, 76, 8),
(1934, 98, 7),
(1934, 137, 11),
(1934, 153, 6),
(1934, 184, 4),
(1935, 24, 2),
(1935, 98, 2),
(1935, 137, 4),
(1935, 172, 2),
(1935, 176, 2),
(1935, 180, 4),
(1936, 24, 5),
(1936, 76, 14),
(1936, 98, 5),
(1936, 102, 6),
(1936, 137, 7),
(1936, 167, 3),
(1936, 172, 3),
(1936, 176, 3),
(1936, 180, 16),
(1937, 34, 11),
(1937, 53, 15),
(1937, 73, 12),
(1937, 80, 14),
(1937, 154, 10),
(1937, 171, 11),
(1937, 180, 13),
(1937, 183, 14),
(1938, 24, 3),
(1938, 25, 3),
(1938, 76, 4),
(1938, 180, 5),
(1938, 183, 6),
(1939, 24, 4),
(1939, 25, 4),
(1939, 183, 2),
(1940, 24, 7),
(1940, 25, 7),
(1940, 183, 15),
(1941, 24, 6),
(1941, 98, 6),
(1941, 137, 16),
(1941, 173, 5),
(1942, 24, 9),
(1942, 98, 9),
(1942, 154, 13),
(1943, 24, 11),
(1943, 98, 10),
(1943, 180, 14),
(1944, 24, 1),
(1944, 98, 1),
(1944, 137, 1),
(1944, 165, 16),
(1944, 180, 12),
(1945, 24, 8),
(1945, 25, 8),
(1945, 76, 15),
(1945, 80, 6),
(1945, 96, 16),
(1945, 180, 15),
(1946, 26, 13),
(1946, 79, 6),
(1947, 26, 14),
(1947, 119, 10),
(1948, 26, 4),
(1948, 61, 4),
(1948, 79, 3),
(1948, 124, 3),
(1949, 26, 12),
(1949, 79, 16),
(1949, 115, 3),
(1951, 26, 5),
(1951, 61, 5),
(1951, 79, 4),
(1952, 26, 8),
(1952, 61, 8),
(1952, 79, 15),
(1953, 26, 7),
(1953, 61, 7),
(1953, 78, 16),
(1953, 79, 5),
(1954, 26, 16),
(1954, 79, 7),
(1954, 114, 8),
(1955, 26, 6),
(1955, 61, 6),
(1955, 78, 5),
(1955, 79, 14),
(1956, 26, 15),
(1958, 26, 11),
(1958, 52, 14),
(1958, 61, 11),
(1958, 78, 12),
(1958, 79, 11),
(1958, 87, 10),
(1958, 129, 10),
(1958, 156, 11),
(1959, 26, 10),
(1959, 61, 10),
(1959, 79, 8),
(1960, 26, 9),
(1960, 61, 9),
(1960, 78, 9),
(1960, 79, 9),
(1961, 26, 3),
(1961, 61, 3),
(1961, 79, 13),
(1961, 88, 3),
(1962, 27, 12),
(1963, 27, 14),
(1964, 27, 8),
(1965, 27, 15),
(1966, 27, 13),
(1966, 115, 8),
(1967, 27, 3),
(1967, 77, 7),
(1967, 78, 3),
(1967, 87, 6),
(1968, 27, 7),
(1968, 78, 4),
(1969, 27, 4),
(1969, 77, 4),
(1970, 27, 10),
(1971, 27, 16),
(1971, 78, 15),
(1971, 87, 5),
(1971, 118, 4),
(1971, 133, 16),
(1972, 27, 9),
(1972, 52, 15),
(1972, 78, 10),
(1972, 87, 11),
(1973, 27, 5),
(1973, 77, 5),
(1974, 27, 2),
(1974, 77, 3),
(1974, 78, 2),
(1974, 87, 4),
(1974, 129, 3),
(1974, 157, 5),
(1975, 27, 11),
(1976, 27, 1),
(1976, 77, 1),
(1976, 78, 1),
(1977, 27, 6),
(1977, 87, 7),
(1978, 28, 9),
(1978, 77, 11),
(1979, 28, 11),
(1979, 77, 9),
(1980, 28, 6),
(1980, 77, 8),
(1981, 28, 2),
(1982, 28, 8),
(1982, 77, 6),
(1983, 28, 4),
(1984, 28, 5),
(1984, 64, 3),
(1984, 77, 2),
(1984, 162, 2),
(1985, 28, 12),
(1985, 114, 1),
(1986, 28, 1),
(1986, 66, 3),
(1986, 165, 5),
(1987, 28, 14),
(1987, 113, 3),
(1987, 115, 4),
(1988, 28, 10),
(1988, 52, 7),
(1988, 81, 4),
(1988, 102, 7),
(1988, 121, 6),
(1988, 158, 8),
(1989, 28, 13),
(1989, 118, 2),
(1990, 28, 3),
(1990, 80, 5),
(1991, 28, 7),
(1991, 52, 16),
(1991, 77, 10),
(1991, 156, 7),
(1991, 167, 6),
(1992, 28, 16),
(1992, 117, 5),
(1993, 28, 15),
(1994, 29, 7),
(1995, 29, 9),
(1995, 132, 13),
(1996, 29, 5),
(1997, 29, 4),
(1998, 29, 3),
(1998, 132, 2),
(1999, 29, 2),
(2000, 29, 1),
(2000, 132, 12),
(2001, 29, 11),
(2001, 147, 10),
(2002, 29, 8),
(2002, 152, 5),
(2003, 29, 6),
(2004, 29, 10),
(2004, 64, 16),
(2004, 166, 14),
(2005, 30, 4),
(2005, 31, 4),
(2005, 147, 14),
(2006, 30, 7),
(2006, 31, 7),
(2006, 157, 9),
(2007, 30, 2),
(2007, 31, 2),
(2007, 152, 6),
(2008, 30, 3),
(2008, 31, 3),
(2009, 30, 10),
(2009, 31, 10),
(2009, 153, 16),
(2010, 30, 8),
(2010, 31, 8),
(2011, 30, 6),
(2011, 31, 6),
(2012, 30, 5),
(2012, 31, 5),
(2013, 30, 1),
(2013, 31, 1),
(2013, 165, 1),
(2014, 30, 11),
(2014, 31, 11),
(2015, 30, 9),
(2015, 31, 9),
(2027, 32, 7),
(2027, 56, 15),
(2028, 32, 2),
(2028, 56, 3),
(2029, 32, 5),
(2029, 53, 4),
(2030, 32, 14),
(2030, 65, 8),
(2031, 32, 8),
(2031, 56, 10),
(2032, 32, 13),
(2033, 32, 12),
(2033, 56, 16),
(2034, 32, 6),
(2035, 32, 11),
(2035, 56, 9),
(2036, 32, 1),
(2036, 53, 12),
(2036, 80, 12),
(2036, 154, 1),
(2036, 165, 13),
(2037, 32, 4),
(2037, 53, 5),
(2038, 32, 9),
(2038, 53, 7),
(2038, 72, 7),
(2038, 81, 5),
(2038, 103, 6),
(2038, 133, 14),
(2038, 154, 9),
(2038, 166, 10),
(2039, 32, 15),
(2040, 32, 3),
(2040, 56, 5),
(2041, 32, 16),
(2042, 32, 10),
(2042, 53, 11),
(2042, 73, 8),
(2042, 104, 9),
(2042, 159, 11),
(2043, 33, 16),
(2045, 33, 4),
(2045, 56, 2),
(2045, 65, 4),
(2046, 33, 7),
(2046, 56, 8),
(2047, 33, 8),
(2047, 53, 2),
(2047, 104, 2),
(2048, 33, 12),
(2048, 65, 1),
(2049, 33, 1),
(2049, 53, 1),
(2050, 33, 13),
(2051, 33, 14),
(2052, 33, 3),
(2052, 53, 6),
(2052, 72, 2),
(2052, 149, 10),
(2053, 33, 2),
(2053, 56, 6),
(2054, 33, 11),
(2054, 56, 11),
(2054, 171, 15),
(2055, 33, 5),
(2056, 33, 9),
(2056, 56, 7),
(2057, 33, 6),
(2057, 53, 3),
(2058, 33, 15),
(2058, 81, 6),
(2058, 103, 7),
(2060, 34, 2),
(2060, 53, 13),
(2060, 104, 3),
(2061, 34, 8),
(2061, 56, 13),
(2061, 146, 6),
(2062, 24, 10),
(2062, 25, 11),
(2062, 96, 10),
(2062, 102, 10),
(2063, 34, 16),
(2064, 34, 1),
(2064, 56, 1),
(2064, 153, 12),
(2065, 34, 15),
(2065, 65, 9),
(2065, 73, 11),
(2066, 34, 5),
(2066, 56, 4),
(2066, 106, 15),
(2067, 34, 12),
(2068, 34, 6),
(2068, 53, 10),
(2068, 72, 6),
(2068, 81, 7),
(2068, 103, 9),
(2069, 34, 14),
(2070, 34, 3),
(2070, 53, 16),
(2071, 23, 10),
(2071, 25, 9),
(2071, 96, 9),
(2071, 102, 11),
(2072, 34, 13),
(2072, 149, 6),
(2073, 34, 7),
(2073, 56, 12),
(2073, 153, 15),
(2074, 34, 4),
(2074, 56, 14),
(2076, 13, 1),
(2076, 83, 1),
(2077, 35, 10),
(2077, 54, 7),
(2077, 63, 4),
(2077, 156, 14),
(2079, 36, 3),
(2079, 103, 2),
(2079, 149, 14),
(2080, 36, 5),
(2081, 36, 15),
(2082, 36, 1),
(2082, 65, 12),
(2083, 36, 12),
(2083, 165, 6),
(2084, 36, 8),
(2084, 81, 8),
(2085, 36, 10),
(2085, 81, 10),
(2085, 103, 15),
(2085, 104, 10),
(2085, 155, 9),
(2085, 173, 8),
(2086, 36, 4),
(2087, 36, 13),
(2088, 36, 11),
(2089, 36, 9),
(2089, 170, 6),
(2090, 36, 6),
(2090, 64, 5),
(2091, 36, 14),
(2092, 36, 16),
(2093, 36, 2),
(2094, 36, 7),
(2094, 173, 6),
(2095, 37, 6),
(2096, 37, 15),
(2097, 37, 9),
(2098, 37, 10),
(2098, 159, 13),
(2099, 37, 12),
(2100, 37, 2),
(2100, 169, 6),
(2101, 37, 14),
(2102, 37, 11),
(2103, 37, 13),
(2104, 37, 5),
(2105, 37, 16),
(2105, 159, 15),
(2106, 37, 4),
(2106, 64, 13),
(2107, 37, 1),
(2107, 159, 1),
(2107, 169, 1),
(2108, 37, 7),
(2109, 37, 3),
(2109, 103, 5),
(2109, 139, 3),
(2109, 168, 6),
(2110, 37, 8),
(2111, 38, 5),
(2112, 38, 10),
(2112, 58, 10),
(2112, 64, 10),
(2112, 69, 10),
(2112, 72, 11),
(2112, 73, 9),
(2112, 103, 10),
(2112, 133, 10),
(2112, 158, 11),
(2112, 161, 10),
(2112, 166, 11),
(2113, 38, 9),
(2114, 38, 12),
(2114, 145, 12),
(2115, 38, 7),
(2116, 38, 2),
(2116, 130, 4),
(2117, 38, 3),
(2117, 57, 2),
(2117, 105, 5),
(2117, 149, 7),
(2117, 173, 2),
(2118, 38, 14),
(2119, 38, 6),
(2120, 38, 16),
(2121, 38, 11),
(2121, 58, 7),
(2121, 65, 10),
(2121, 69, 11),
(2122, 38, 1),
(2122, 57, 1),
(2122, 156, 12),
(2123, 38, 8),
(2123, 57, 5),
(2124, 38, 13),
(2125, 38, 15),
(2126, 38, 4),
(2126, 58, 4),
(2126, 69, 3),
(2126, 104, 4),
(2126, 132, 4),
(2127, 39, 6),
(2127, 58, 5),
(2127, 59, 6),
(2128, 39, 14),
(2128, 59, 2),
(2129, 39, 4),
(2129, 59, 3),
(2129, 60, 3),
(2129, 75, 6),
(2130, 39, 7),
(2130, 68, 8),
(2131, 39, 11),
(2131, 59, 7),
(2131, 60, 11),
(2132, 39, 2),
(2132, 58, 2),
(2132, 60, 2),
(2132, 68, 6),
(2132, 72, 5),
(2132, 103, 4),
(2132, 133, 2),
(2132, 149, 3),
(2132, 161, 3),
(2132, 163, 2),
(2133, 39, 9),
(2133, 60, 6),
(2133, 68, 4),
(2134, 39, 3),
(2134, 68, 2),
(2135, 39, 15),
(2135, 59, 15),
(2136, 39, 1),
(2136, 60, 1),
(2136, 68, 1),
(2136, 104, 1),
(2137, 39, 13),
(2137, 59, 10),
(2138, 39, 5),
(2138, 58, 3),
(2138, 68, 3),
(2139, 39, 12),
(2139, 59, 1),
(2140, 39, 16),
(2140, 59, 8),
(2141, 39, 10),
(2141, 60, 8),
(2141, 68, 7),
(2142, 39, 8),
(2142, 68, 5),
(2142, 147, 13),
(2143, 40, 12),
(2143, 165, 10),
(2145, 40, 16),
(2146, 40, 1),
(2147, 40, 15),
(2148, 40, 8),
(2148, 156, 4),
(2149, 40, 6),
(2149, 169, 5),
(2150, 40, 4),
(2151, 40, 10),
(2151, 58, 13),
(2151, 60, 10),
(2151, 104, 7),
(2151, 133, 9),
(2151, 161, 11),
(2151, 163, 11),
(2152, 40, 2),
(2153, 40, 3),
(2153, 58, 14),
(2153, 60, 4),
(2153, 133, 15),
(2153, 149, 8),
(2155, 40, 14),
(2156, 40, 9),
(2156, 58, 8),
(2156, 60, 15),
(2156, 64, 9),
(2156, 72, 10),
(2156, 133, 7),
(2156, 161, 13),
(2156, 163, 9),
(2157, 40, 11),
(2157, 60, 9),
(2158, 40, 13),
(2159, 41, 14),
(2160, 41, 6),
(2160, 57, 4),
(2160, 80, 7),
(2160, 126, 5),
(2160, 159, 7),
(2161, 41, 13),
(2162, 41, 3),
(2162, 57, 3),
(2163, 41, 4),
(2163, 57, 6),
(2163, 149, 4),
(2164, 41, 16),
(2164, 57, 7),
(2164, 64, 14),
(2164, 81, 11),
(2165, 41, 15),
(2166, 41, 8),
(2166, 145, 7),
(2167, 41, 12),
(2168, 41, 9),
(2168, 81, 1),
(2168, 146, 5),
(2169, 41, 7),
(2169, 155, 7),
(2170, 41, 10),
(2170, 58, 11),
(2170, 64, 11),
(2170, 69, 7),
(2170, 72, 9),
(2170, 103, 11),
(2170, 158, 7),
(2170, 160, 8),
(2170, 161, 9),
(2170, 166, 9),
(2171, 41, 1),
(2171, 58, 15),
(2171, 66, 13),
(2171, 69, 1),
(2171, 72, 15),
(2171, 103, 1),
(2171, 133, 12),
(2171, 165, 15),
(2172, 41, 2),
(2172, 133, 4),
(2172, 161, 7),
(2173, 41, 5),
(2173, 58, 6),
(2173, 69, 4),
(2173, 104, 16),
(2173, 166, 5),
(2174, 41, 11),
(2174, 65, 11),
(2174, 69, 14),
(2174, 104, 8),
(2175, 42, 13),
(2175, 59, 13),
(2176, 42, 11),
(2176, 68, 11),
(2176, 70, 11),
(2176, 73, 1),
(2177, 42, 14),
(2177, 59, 14),
(2178, 42, 16),
(2178, 59, 16),
(2179, 42, 8),
(2179, 68, 10),
(2179, 81, 13),
(2179, 104, 5),
(2180, 42, 12),
(2180, 59, 12),
(2180, 139, 12),
(2181, 42, 15),
(2181, 59, 11),
(2181, 152, 10),
(2182, 42, 3),
(2182, 59, 4),
(2183, 42, 1),
(2183, 60, 14),
(2183, 68, 16),
(2183, 165, 11),
(2184, 42, 5),
(2184, 68, 14),
(2185, 42, 6),
(2185, 68, 13),
(2185, 130, 7),
(2186, 42, 7),
(2186, 59, 9),
(2186, 70, 7),
(2187, 42, 4),
(2187, 59, 5),
(2187, 60, 5),
(2187, 104, 6),
(2187, 149, 9),
(2188, 42, 2),
(2188, 68, 15),
(2189, 42, 9),
(2189, 60, 7),
(2189, 68, 12),
(2189, 133, 6),
(2189, 161, 6),
(2189, 166, 7),
(2190, 42, 10),
(2190, 60, 12),
(2190, 68, 9),
(2190, 70, 10),
(2190, 72, 8),
(2190, 73, 7),
(2190, 133, 11),
(2190, 171, 8),
(2191, 43, 2),
(2191, 70, 2),
(2191, 71, 2),
(2191, 103, 13),
(2191, 148, 4),
(2191, 149, 11),
(2192, 43, 3),
(2192, 65, 3),
(2192, 148, 3),
(2193, 43, 8),
(2194, 43, 12),
(2194, 64, 12),
(2194, 166, 1),
(2195, 43, 10),
(2195, 153, 9),
(2196, 43, 4),
(2196, 71, 3),
(2196, 72, 16),
(2197, 43, 6),
(2197, 71, 6),
(2197, 81, 12),
(2197, 148, 6),
(2198, 43, 16),
(2198, 154, 11),
(2199, 43, 11),
(2199, 70, 12),
(2199, 71, 10),
(2199, 73, 6),
(2199, 103, 16),
(2199, 104, 11),
(2199, 148, 11),
(2200, 43, 9),
(2200, 71, 7),
(2200, 148, 8),
(2201, 43, 13),
(2202, 43, 5),
(2202, 71, 14),
(2202, 148, 16),
(2203, 43, 14),
(2203, 148, 14),
(2204, 43, 7),
(2204, 64, 15),
(2204, 71, 15),
(2207, 44, 4),
(2207, 174, 4),
(2208, 44, 7),
(2208, 57, 12),
(2208, 174, 7),
(2209, 44, 13),
(2209, 174, 13),
(2210, 44, 15),
(2210, 174, 15),
(2211, 44, 5),
(2211, 149, 15),
(2211, 161, 14),
(2211, 174, 5),
(2212, 44, 10),
(2212, 69, 9),
(2212, 70, 9),
(2212, 104, 13),
(2212, 174, 10),
(2213, 44, 11),
(2213, 57, 11),
(2213, 174, 11),
(2214, 44, 12),
(2214, 66, 12),
(2214, 174, 12),
(2215, 44, 16),
(2215, 174, 16),
(2216, 44, 1),
(2216, 69, 13),
(2216, 70, 13),
(2216, 133, 1),
(2216, 174, 1),
(2217, 44, 9),
(2217, 174, 9),
(2218, 44, 6),
(2218, 57, 13),
(2218, 174, 6),
(2219, 44, 2),
(2219, 174, 2),
(2220, 44, 8),
(2220, 69, 15),
(2220, 70, 8),
(2220, 72, 12),
(2220, 174, 8),
(2221, 44, 14),
(2221, 174, 14),
(2222, 44, 3),
(2222, 174, 3),
(2223, 45, 11),
(2223, 57, 8),
(2224, 45, 13),
(2225, 45, 12),
(2225, 66, 14),
(2225, 145, 1),
(2225, 165, 14),
(2226, 45, 15),
(2227, 45, 5),
(2227, 152, 8),
(2228, 45, 10),
(2228, 130, 13),
(2229, 45, 14),
(2230, 45, 9),
(2230, 69, 8),
(2230, 70, 15),
(2230, 72, 13),
(2230, 145, 10),
(2230, 166, 8),
(2231, 45, 8),
(2231, 145, 14),
(2232, 45, 2),
(2232, 69, 2),
(2232, 70, 4),
(2232, 104, 12),
(2232, 145, 2),
(2232, 159, 4),
(2232, 161, 4),
(2233, 45, 4),
(2234, 45, 3),
(2234, 147, 15),
(2235, 45, 16),
(2235, 73, 14),
(2236, 45, 1),
(2236, 57, 14),
(2236, 161, 12),
(2237, 45, 6),
(2237, 69, 12),
(2237, 70, 5),
(2237, 145, 4),
(2237, 159, 8),
(2238, 45, 7),
(2238, 57, 16),
(2238, 81, 14),
(2238, 145, 5),
(2238, 159, 6),
(2239, 46, 2),
(2239, 69, 6),
(2239, 70, 3),
(2239, 72, 3),
(2239, 161, 15),
(2239, 173, 4),
(2240, 46, 14),
(2241, 46, 13),
(2241, 173, 16),
(2242, 46, 15),
(2242, 173, 7),
(2243, 46, 4),
(2244, 46, 12),
(2244, 66, 9),
(2245, 46, 6),
(2245, 65, 16),
(2246, 46, 1),
(2246, 66, 1),
(2246, 104, 14),
(2247, 46, 8),
(2247, 57, 10),
(2248, 46, 3),
(2248, 173, 12),
(2249, 46, 11),
(2249, 57, 9),
(2249, 73, 3),
(2250, 46, 10),
(2250, 57, 15),
(2251, 46, 16),
(2252, 46, 7),
(2253, 46, 9),
(2253, 69, 16),
(2253, 70, 6),
(2253, 156, 13),
(2254, 46, 5),
(2254, 69, 5),
(2254, 70, 14),
(2254, 132, 3),
(2255, 47, 6),
(2255, 71, 9),
(2256, 47, 7),
(2256, 71, 8),
(2256, 104, 15),
(2257, 47, 5),
(2257, 71, 5),
(2258, 47, 12),
(2259, 47, 3),
(2260, 47, 8),
(2261, 47, 1),
(2261, 66, 15),
(2261, 71, 1),
(2262, 47, 2),
(2263, 47, 16),
(2264, 47, 10),
(2264, 73, 2),
(2265, 47, 15),
(2265, 66, 10),
(2266, 47, 14),
(2266, 71, 12),
(2267, 47, 4),
(2267, 71, 4),
(2267, 72, 4),
(2267, 161, 2),
(2268, 47, 13),
(2269, 47, 11),
(2269, 71, 11),
(2270, 47, 9),
(2270, 71, 16),
(2270, 81, 15),
(2271, 48, 9),
(2271, 137, 8),
(2271, 181, 6),
(2271, 182, 6),
(2271, 184, 2),
(2272, 48, 7),
(2272, 50, 9),
(2272, 137, 5),
(2272, 182, 13),
(2272, 184, 7),
(2273, 48, 4),
(2273, 181, 2),
(2274, 48, 8),
(2274, 137, 6),
(2274, 181, 11),
(2274, 182, 8),
(2274, 184, 3),
(2275, 48, 1),
(2275, 137, 12),
(2275, 181, 1),
(2275, 182, 12),
(2275, 184, 1),
(2276, 48, 5),
(2276, 50, 5),
(2276, 182, 4),
(2276, 183, 5),
(2277, 48, 10),
(2277, 50, 8),
(2277, 150, 10),
(2277, 182, 10),
(2277, 183, 7),
(2277, 184, 9),
(2278, 48, 3),
(2278, 181, 3),
(2278, 182, 15),
(2278, 184, 5),
(2279, 48, 6),
(2279, 181, 7),
(2280, 48, 11),
(2280, 50, 11),
(2280, 182, 11),
(2280, 183, 11),
(2280, 184, 10),
(2281, 48, 2),
(2281, 50, 4),
(2281, 182, 2),
(2282, 49, 1),
(2282, 50, 1),
(2282, 180, 1),
(2282, 183, 1),
(2283, 49, 3),
(2283, 181, 4),
(2284, 49, 9),
(2284, 180, 9),
(2284, 181, 10),
(2285, 49, 7),
(2285, 137, 13),
(2285, 180, 3),
(2285, 181, 9),
(2286, 49, 10),
(2286, 50, 7),
(2286, 146, 11),
(2286, 180, 11),
(2286, 183, 8),
(2287, 49, 11),
(2287, 50, 10),
(2287, 180, 10),
(2287, 183, 10),
(2288, 49, 8),
(2288, 137, 9),
(2288, 150, 16),
(2288, 180, 7),
(2288, 181, 8),
(2289, 49, 4),
(2289, 50, 2),
(2289, 137, 2),
(2289, 180, 2),
(2290, 49, 5),
(2290, 137, 3),
(2290, 159, 3),
(2290, 181, 5),
(2291, 49, 2),
(2291, 50, 3),
(2291, 180, 8),
(2291, 183, 4),
(2292, 49, 6),
(2292, 50, 6),
(2292, 159, 2),
(2292, 180, 6),
(2294, 51, 1),
(2294, 147, 1),
(2295, 51, 2),
(2295, 133, 3),
(2296, 51, 3),
(2297, 51, 4),
(2298, 51, 5),
(2299, 51, 6),
(2300, 51, 7),
(2300, 147, 5),
(2301, 51, 8),
(2302, 51, 9),
(2303, 51, 10),
(2304, 51, 11),
(2304, 159, 9),
(2304, 169, 10),
(2321, 30, 12),
(2322, 30, 13),
(2323, 30, 14),
(2324, 30, 15),
(2325, 30, 16),
(2326, 106, 3),
(2327, 151, 7);

-- --------------------------------------------------------

--
-- Table structure for table `player_learns_hissatsu`
--

CREATE TABLE `player_learns_hissatsu` (
  `player_id` int(11) NOT NULL,
  `item_hissatsu_id` int(11) NOT NULL,
  `learn_lv` int(11) DEFAULT NULL,
  `learn_order` int(11) DEFAULT NULL
) ENGINE=InnoDB DEFAULT CHARSET=utf8mb4 COLLATE=utf8mb4_general_ci;

--
-- Dumping data for table `player_learns_hissatsu`
--

INSERT INTO `player_learns_hissatsu` (`player_id`, `item_hissatsu_id`, `learn_lv`, `learn_order`) VALUES
(1, 259, NULL, 2),
(1, 321, NULL, 4),
(1, 337, NULL, 1),
(1, 378, NULL, 3),
(2, 74, NULL, 1),
(2, 122, NULL, 2),
(2, 155, NULL, 4),
(2, 179, NULL, 3),
(3, 1, NULL, 1),
(3, 180, NULL, 2),
(3, 190, NULL, 4),
(3, 248, NULL, 3),
(4, 210, NULL, 4),
(4, 282, NULL, 2),
(4, 284, NULL, 3),
(4, 317, NULL, 1),
(5, 88, NULL, 2),
(5, 150, NULL, 3),
(5, 206, NULL, 4),
(5, 209, NULL, 1),
(6, 147, NULL, 1),
(6, 166, NULL, 2),
(6, 168, NULL, 3),
(6, 259, NULL, 4),
(7, 146, NULL, 1),
(7, 166, NULL, 3),
(7, 179, NULL, 2),
(7, 251, NULL, 4),
(8, 113, NULL, 2),
(8, 162, NULL, 1),
(8, 228, NULL, 3),
(8, 229, NULL, 4),
(9, 6, NULL, 2),
(9, 44, NULL, 3),
(9, 149, NULL, 1),
(9, 251, NULL, 4),
(10, 165, NULL, 2),
(10, 168, NULL, 3),
(10, 170, NULL, 4),
(10, 354, NULL, 1),
(11, 2, NULL, 1),
(11, 6, NULL, 3),
(11, 82, NULL, 4),
(11, 178, NULL, 2),
(12, 147, NULL, 2),
(12, 210, NULL, 3),
(12, 212, NULL, 4),
(12, 229, NULL, 1),
(13, 259, NULL, 3),
(13, 327, NULL, 4),
(13, 335, NULL, 1),
(13, 338, NULL, 2),
(14, 187, NULL, 3),
(14, 198, NULL, 2),
(14, 231, NULL, 1),
(14, 271, NULL, 4),
(15, 144, NULL, 1),
(15, 153, NULL, 3),
(15, 166, NULL, 2),
(15, 217, NULL, 4),
(16, 265, NULL, 2),
(16, 280, NULL, 1),
(16, 327, NULL, 4),
(16, 341, NULL, 3),
(17, 20, NULL, 2),
(17, 194, NULL, 3),
(17, 246, NULL, 1),
(17, 330, NULL, 4),
(18, 149, NULL, 3),
(18, 153, NULL, 4),
(18, 315, NULL, 1),
(18, 320, NULL, 2),
(19, 168, NULL, 4),
(19, 179, NULL, 2),
(19, 232, NULL, 3),
(19, 259, NULL, 1),
(20, 144, NULL, 1),
(20, 230, NULL, 2),
(20, 232, NULL, 3),
(20, 255, NULL, 4),
(21, 164, NULL, 3),
(21, 167, NULL, 4),
(21, 227, NULL, 2),
(21, 230, NULL, 1),
(22, 76, NULL, 1),
(22, 78, NULL, 2),
(22, 123, 56, 4),
(22, 203, NULL, 3),
(23, 3, NULL, 4),
(23, 163, NULL, 2),
(23, 165, NULL, 3),
(23, 227, NULL, 1),
(24, 43, NULL, 1),
(24, 172, NULL, 2),
(24, 182, NULL, 4),
(24, 214, NULL, 3),
(25, 6, NULL, 2),
(25, 231, NULL, 1),
(25, 237, NULL, 3),
(25, 239, NULL, 4),
(26, 14, NULL, 4),
(26, 117, NULL, 2),
(26, 144, NULL, 1),
(26, 371, NULL, 3),
(27, 77, NULL, 3),
(27, 178, NULL, 1),
(27, 251, NULL, 2),
(27, 255, NULL, 4),
(28, 9, NULL, 3),
(28, 213, NULL, 4),
(28, 221, NULL, 2),
(28, 370, NULL, 1),
(29, 147, NULL, 2),
(29, 169, NULL, 4),
(29, 178, NULL, 1),
(29, 228, NULL, 3),
(30, 149, NULL, 3),
(30, 226, NULL, 2),
(30, 246, NULL, 4),
(30, 315, NULL, 1),
(31, 121, NULL, 1),
(31, 147, NULL, 2),
(31, 157, NULL, 4),
(31, 168, NULL, 3),
(32, 196, NULL, 2),
(32, 280, NULL, 1),
(32, 344, NULL, 4),
(32, 345, NULL, 3),
(33, 99, NULL, 4),
(33, 194, NULL, 2),
(33, 252, NULL, 3),
(33, 368, NULL, 1),
(34, 40, NULL, 2),
(34, 185, NULL, 4),
(34, 194, NULL, 1),
(34, 197, NULL, 3),
(35, 119, NULL, 3),
(35, 148, NULL, 2),
(35, 164, NULL, 1),
(35, 214, 52, 4),
(36, 145, NULL, 2),
(36, 166, NULL, 4),
(36, 209, NULL, 1),
(36, 212, NULL, 3),
(37, 46, NULL, 3),
(37, 215, NULL, 2),
(37, 226, NULL, 1),
(37, 285, NULL, 4),
(38, 169, NULL, 3),
(38, 229, NULL, 2),
(38, 245, NULL, 1),
(38, 352, NULL, 4),
(39, 251, NULL, 3),
(39, 281, NULL, 2),
(39, 284, NULL, 4),
(39, 315, NULL, 1),
(40, 37, NULL, 1),
(40, 55, NULL, 2),
(40, 199, NULL, 3),
(40, 296, NULL, 4),
(41, 39, NULL, 2),
(41, 77, NULL, 4),
(41, 114, NULL, 1),
(41, 182, NULL, 3),
(42, 205, NULL, 4),
(42, 209, NULL, 1),
(42, 251, NULL, 3),
(42, 286, NULL, 2),
(43, 75, NULL, 1),
(43, 178, NULL, 2),
(43, 254, NULL, 3),
(43, 361, NULL, 4),
(44, 360, NULL, 2),
(44, 367, 50, 4),
(44, 372, NULL, 1),
(44, 378, NULL, 3),
(45, 179, NULL, 1),
(45, 182, NULL, 2),
(45, 190, NULL, 3),
(45, 252, NULL, 4),
(46, 214, NULL, 3),
(46, 290, NULL, 4),
(46, 319, NULL, 1),
(46, 340, NULL, 2),
(47, 2, NULL, 1),
(47, 75, NULL, 2),
(47, 146, NULL, 3),
(47, 206, NULL, 4),
(48, 170, NULL, 4),
(48, 198, NULL, 2),
(48, 236, NULL, 3),
(48, 260, NULL, 1),
(49, 74, NULL, 1),
(49, 78, NULL, 2),
(49, 81, NULL, 3),
(49, 85, NULL, 4),
(50, 52, NULL, 4),
(50, 78, NULL, 1),
(50, 182, NULL, 2),
(50, 205, NULL, 3),
(51, 199, NULL, 3),
(51, 203, NULL, 2),
(51, 204, NULL, 4),
(51, 229, NULL, 1),
(52, 240, NULL, 3),
(52, 303, NULL, 2),
(52, 314, NULL, 4),
(52, 369, NULL, 1),
(53, 60, NULL, 4),
(53, 181, NULL, 3),
(53, 194, NULL, 2),
(53, 202, NULL, 1),
(54, 296, NULL, 4),
(54, 305, NULL, 2),
(54, 312, NULL, 3),
(54, 371, NULL, 1),
(55, 101, NULL, 4),
(55, 130, NULL, 3),
(55, 165, NULL, 2),
(55, 234, NULL, 1),
(56, 185, NULL, 3),
(56, 226, NULL, 1),
(56, 234, NULL, 2),
(56, 255, NULL, 4),
(57, 79, NULL, 1),
(57, 85, NULL, 4),
(57, 182, NULL, 2),
(57, 202, NULL, 3),
(58, 3, NULL, 1),
(58, 47, NULL, 4),
(58, 76, NULL, 2),
(58, 92, NULL, 3),
(59, 44, NULL, 3),
(59, 146, NULL, 1),
(59, 208, NULL, 4),
(59, 210, NULL, 2),
(60, 127, NULL, 2),
(60, 184, NULL, 4),
(60, 209, NULL, 1),
(60, 234, NULL, 3),
(61, 226, NULL, 4),
(61, 229, NULL, 2),
(61, 261, NULL, 3),
(61, 305, NULL, 1),
(62, 147, NULL, 1),
(62, 157, NULL, 4),
(62, 165, NULL, 3),
(62, 210, NULL, 2),
(63, 248, NULL, 3),
(63, 315, NULL, 1),
(63, 318, NULL, 2),
(63, 321, NULL, 4),
(64, 178, NULL, 2),
(64, 212, NULL, 4),
(64, 227, NULL, 1),
(64, 231, NULL, 3),
(65, 74, NULL, 1),
(65, 77, NULL, 4),
(65, 195, NULL, 3),
(65, 209, NULL, 2),
(66, 39, NULL, 3),
(66, 53, NULL, 4),
(66, 76, NULL, 1),
(66, 180, NULL, 2),
(67, 169, NULL, 2),
(67, 226, NULL, 1),
(67, 232, NULL, 3),
(67, 234, NULL, 4),
(68, 52, NULL, 4),
(68, 79, NULL, 1),
(68, 81, NULL, 2),
(68, 205, NULL, 3),
(69, 44, NULL, 3),
(69, 196, NULL, 2),
(69, 245, NULL, 1),
(69, 340, NULL, 4),
(70, 149, NULL, 3),
(70, 209, NULL, 1),
(70, 212, NULL, 2),
(70, 239, NULL, 4),
(71, 217, NULL, 4),
(71, 257, NULL, 3),
(71, 306, NULL, 2),
(71, 318, NULL, 1),
(72, 127, NULL, 4),
(72, 128, NULL, 1),
(72, 201, NULL, 3),
(72, 357, NULL, 2),
(73, 150, NULL, 2),
(73, 200, NULL, 3),
(73, 235, 47, 4),
(73, 355, NULL, 1),
(74, 234, NULL, 4),
(74, 282, NULL, 2),
(74, 299, NULL, 1),
(74, 340, NULL, 3),
(75, 234, NULL, 2),
(75, 315, NULL, 1),
(75, 319, NULL, 3),
(75, 321, NULL, 4),
(76, 180, NULL, 2),
(76, 185, NULL, 4),
(76, 252, NULL, 3),
(76, 260, NULL, 1),
(77, 116, NULL, 1),
(77, 182, NULL, 4),
(77, 199, NULL, 2),
(77, 203, NULL, 3),
(78, 170, NULL, 3),
(78, 202, NULL, 4),
(78, 214, NULL, 2),
(78, 261, NULL, 1),
(79, 3, NULL, 2),
(79, 59, NULL, 3),
(79, 113, NULL, 1),
(79, 229, NULL, 4),
(80, 197, NULL, 2),
(80, 214, NULL, 4),
(80, 316, NULL, 1),
(80, 340, NULL, 3),
(81, 38, NULL, 2),
(81, 80, NULL, 3),
(81, 166, NULL, 4),
(81, 335, NULL, 1),
(82, 178, NULL, 2),
(82, 179, NULL, 3),
(82, 201, NULL, 4),
(82, 227, NULL, 1),
(83, 178, NULL, 2),
(83, 247, NULL, 3),
(83, 259, NULL, 1),
(83, 334, NULL, 4),
(84, 286, NULL, 4),
(84, 321, NULL, 3),
(84, 338, NULL, 2),
(84, 376, NULL, 1),
(85, 261, NULL, 3),
(85, 280, NULL, 1),
(85, 337, NULL, 2),
(85, 348, NULL, 4),
(86, 262, NULL, 2),
(86, 302, NULL, 3),
(86, 317, NULL, 1),
(86, 347, NULL, 4),
(87, 185, NULL, 4),
(87, 202, NULL, 3),
(87, 234, NULL, 2),
(87, 251, NULL, 1),
(88, 132, NULL, 4),
(88, 209, NULL, 2),
(88, 212, NULL, 3),
(88, 280, NULL, 1),
(89, 179, NULL, 4),
(89, 196, NULL, 2),
(89, 259, NULL, 1),
(89, 263, NULL, 3),
(90, 81, NULL, 3),
(90, 117, NULL, 1),
(90, 196, NULL, 2),
(90, 247, NULL, 4),
(91, 74, NULL, 1),
(91, 152, NULL, 3),
(91, 212, NULL, 2),
(91, 306, NULL, 4),
(92, 13, NULL, 3),
(92, 182, NULL, 1),
(92, 194, NULL, 2),
(92, 299, NULL, 4),
(93, 128, NULL, 4),
(93, 164, NULL, 1),
(93, 202, NULL, 2),
(93, 358, NULL, 3),
(94, 38, NULL, 3),
(94, 114, NULL, 1),
(94, 117, NULL, 2),
(94, 258, NULL, 4),
(95, 191, NULL, 2),
(95, 198, NULL, 4),
(95, 212, NULL, 3),
(95, 358, NULL, 1),
(96, 13, NULL, 2),
(96, 280, NULL, 1),
(96, 317, NULL, 3),
(96, 321, NULL, 4),
(97, 185, NULL, 4),
(97, 197, NULL, 3),
(97, 210, NULL, 2),
(97, 226, NULL, 1),
(98, 38, NULL, 1),
(98, 88, NULL, 2),
(98, 209, NULL, 4),
(98, 355, NULL, 3),
(99, 38, NULL, 1),
(99, 144, NULL, 2),
(99, 156, NULL, 3),
(99, 226, NULL, 4),
(100, 163, NULL, 3),
(100, 197, NULL, 4),
(100, 233, NULL, 1),
(100, 245, NULL, 2),
(101, 221, NULL, 3),
(101, 280, NULL, 1),
(101, 282, NULL, 2),
(101, 320, NULL, 4),
(102, 182, NULL, 2),
(102, 308, NULL, 4),
(102, 321, NULL, 3),
(102, 334, NULL, 1),
(103, 9, NULL, 2),
(103, 117, NULL, 1),
(103, 152, NULL, 3),
(103, 161, NULL, 4),
(104, 6, NULL, 2),
(104, 116, NULL, 1),
(104, 122, NULL, 4),
(104, 149, NULL, 3),
(105, 36, NULL, 1),
(105, 45, NULL, 3),
(105, 114, NULL, 2),
(105, 204, NULL, 4),
(106, 144, NULL, 2),
(106, 197, NULL, 1),
(106, 260, NULL, 4),
(106, 264, NULL, 3),
(107, 80, NULL, 4),
(107, 114, NULL, 1),
(107, 116, NULL, 2),
(107, 180, NULL, 3),
(108, 152, NULL, 4),
(108, 197, NULL, 1),
(108, 201, NULL, 3),
(108, 213, NULL, 2),
(109, 178, NULL, 2),
(109, 232, NULL, 3),
(109, 236, NULL, 4),
(109, 260, NULL, 1),
(110, 146, NULL, 1),
(110, 153, NULL, 2),
(110, 319, NULL, 3),
(110, 341, NULL, 4),
(111, 39, NULL, 3),
(111, 180, NULL, 2),
(111, 194, NULL, 1),
(111, 258, NULL, 4),
(112, 145, NULL, 1),
(112, 248, NULL, 4),
(112, 261, NULL, 2),
(112, 353, NULL, 3),
(113, 149, NULL, 2),
(113, 194, NULL, 1),
(113, 202, NULL, 3),
(113, 204, NULL, 4),
(114, 6, NULL, 3),
(114, 45, NULL, 4),
(114, 75, NULL, 1),
(114, 170, NULL, 2),
(115, 3, NULL, 2),
(115, 6, NULL, 3),
(115, 144, NULL, 1),
(115, 149, NULL, 4),
(116, 2, NULL, 1),
(116, 95, 52, 4),
(116, 148, NULL, 2),
(116, 251, NULL, 3),
(117, 194, NULL, 1),
(117, 209, NULL, 3),
(117, 213, NULL, 2),
(117, 248, NULL, 4),
(118, 197, NULL, 3),
(118, 214, NULL, 2),
(118, 228, NULL, 4),
(118, 261, NULL, 1),
(119, 45, NULL, 2),
(119, 103, 70, 4),
(119, 190, NULL, 3),
(119, 352, NULL, 1),
(120, 36, NULL, 1),
(120, 39, NULL, 2),
(120, 53, NULL, 3),
(120, 175, NULL, 4),
(121, 2, NULL, 2),
(121, 7, NULL, 4),
(121, 166, NULL, 3),
(121, 377, NULL, 1),
(122, 42, NULL, 3),
(122, 170, NULL, 4),
(122, 195, NULL, 1),
(122, 261, NULL, 2),
(123, 144, NULL, 2),
(123, 148, NULL, 1),
(123, 191, NULL, 4),
(123, 214, NULL, 3),
(124, 116, NULL, 3),
(124, 196, NULL, 4),
(124, 247, NULL, 2),
(124, 259, NULL, 1),
(125, 42, NULL, 2),
(125, 76, NULL, 1),
(125, 196, NULL, 4),
(125, 259, NULL, 3),
(126, 148, NULL, 1),
(126, 171, NULL, 3),
(126, 180, NULL, 2),
(126, 236, NULL, 4),
(127, 2, NULL, 1),
(127, 13, NULL, 4),
(127, 74, NULL, 3),
(127, 80, NULL, 2),
(128, 46, NULL, 2),
(128, 75, NULL, 4),
(128, 116, NULL, 1),
(128, 163, NULL, 3),
(129, 9, NULL, 4),
(129, 180, NULL, 3),
(129, 195, NULL, 1),
(129, 251, NULL, 2),
(130, 80, NULL, 3),
(130, 183, NULL, 2),
(130, 251, NULL, 4),
(130, 260, NULL, 1),
(131, 44, NULL, 4),
(131, 335, NULL, 1),
(131, 337, NULL, 2),
(131, 340, NULL, 3),
(132, 114, NULL, 1),
(132, 183, NULL, 4),
(132, 187, NULL, 3),
(132, 259, NULL, 2),
(133, 182, NULL, 3),
(133, 280, NULL, 1),
(133, 318, NULL, 2),
(133, 321, NULL, 4),
(134, 145, NULL, 1),
(134, 179, NULL, 2),
(134, 231, NULL, 3),
(134, 248, NULL, 4),
(135, 166, NULL, 2),
(135, 170, 5, 4),
(135, 234, NULL, 3),
(135, 377, NULL, 1),
(136, 36, NULL, 1),
(136, 81, NULL, 4),
(136, 164, NULL, 2),
(136, 236, NULL, 3),
(137, 40, NULL, 2),
(137, 48, NULL, 4),
(137, 118, NULL, 1),
(137, 180, NULL, 3),
(138, 1, NULL, 2),
(138, 6, NULL, 3),
(138, 80, NULL, 4),
(138, 146, NULL, 1),
(139, 39, NULL, 4),
(139, 170, NULL, 3),
(139, 211, NULL, 2),
(139, 377, NULL, 1),
(140, 202, NULL, 3),
(140, 221, NULL, 4),
(140, 288, NULL, 2),
(140, 299, NULL, 1),
(141, 84, NULL, 4),
(141, 179, NULL, 2),
(141, 214, NULL, 3),
(141, 229, NULL, 1),
(142, 3, NULL, 1),
(142, 78, NULL, 2),
(142, 178, NULL, 3),
(142, 214, NULL, 4),
(143, 185, NULL, 3),
(143, 197, NULL, 1),
(143, 232, NULL, 2),
(143, 322, NULL, 4),
(144, 3, NULL, 1),
(144, 43, NULL, 3),
(144, 150, NULL, 2),
(144, 233, NULL, 4),
(145, 197, NULL, 2),
(145, 199, NULL, 3),
(145, 234, NULL, 1),
(145, 340, NULL, 4),
(146, 7, NULL, 3),
(146, 123, NULL, 2),
(146, 136, NULL, 4),
(146, 354, NULL, 1),
(147, 145, NULL, 1),
(147, 148, NULL, 2),
(147, 280, NULL, 3),
(147, 288, NULL, 4),
(148, 45, NULL, 2),
(148, 177, NULL, 4),
(148, 235, NULL, 3),
(148, 356, NULL, 1),
(149, 153, NULL, 1),
(149, 318, NULL, 3),
(149, 327, NULL, 4),
(149, 334, NULL, 2),
(150, 234, NULL, 4),
(150, 277, NULL, 1),
(150, 320, NULL, 3),
(150, 335, NULL, 2),
(151, 85, NULL, 4),
(151, 116, NULL, 2),
(151, 199, NULL, 3),
(151, 259, NULL, 1),
(152, 252, NULL, 2),
(152, 315, NULL, 1),
(152, 321, NULL, 4),
(152, 327, NULL, 3),
(153, 209, NULL, 3),
(153, 281, NULL, 2),
(153, 282, NULL, 4),
(153, 315, NULL, 1),
(154, 77, NULL, 4),
(154, 178, NULL, 2),
(154, 227, NULL, 1),
(154, 251, NULL, 3),
(155, 75, NULL, 3),
(155, 146, NULL, 2),
(155, 194, NULL, 1),
(155, 270, NULL, 4),
(156, 153, NULL, 4),
(156, 231, NULL, 1),
(156, 255, NULL, 3),
(156, 376, NULL, 2),
(157, 166, NULL, 1),
(157, 168, NULL, 2),
(157, 229, NULL, 4),
(157, 249, NULL, 3),
(158, 8, NULL, 3),
(158, 285, NULL, 2),
(158, 291, NULL, 4),
(158, 302, NULL, 1),
(159, 163, NULL, 2),
(159, 214, NULL, 4),
(159, 318, NULL, 1),
(159, 327, NULL, 3),
(160, 194, NULL, 1),
(160, 214, NULL, 4),
(160, 247, NULL, 3),
(160, 259, NULL, 2),
(161, 84, NULL, 4),
(161, 180, NULL, 3),
(161, 237, NULL, 2),
(161, 375, NULL, 1),
(162, 84, NULL, 2),
(162, 117, NULL, 1),
(162, 179, NULL, 3),
(162, 251, NULL, 4),
(163, 75, NULL, 2),
(163, 92, 55, 3),
(163, 191, 60, 4),
(163, 363, NULL, 1),
(164, 266, NULL, 3),
(164, 284, NULL, 1),
(164, 310, NULL, 4),
(164, 341, NULL, 2),
(165, 225, NULL, 4),
(165, 229, NULL, 1),
(165, 237, NULL, 3),
(165, 261, NULL, 2),
(166, 36, NULL, 1),
(166, 89, NULL, 4),
(166, 185, NULL, 3),
(166, 251, NULL, 2),
(167, 116, NULL, 1),
(167, 146, NULL, 2),
(167, 188, NULL, 4),
(167, 286, NULL, 3),
(168, 40, NULL, 3),
(168, 145, NULL, 4),
(168, 148, NULL, 2),
(168, 230, NULL, 1),
(169, 57, NULL, 3),
(169, 136, 57, 4),
(169, 178, NULL, 1),
(169, 200, NULL, 2),
(170, 148, NULL, 2),
(170, 263, NULL, 3),
(170, 269, NULL, 4),
(170, 376, NULL, 1),
(171, 3, NULL, 3),
(171, 6, NULL, 1),
(171, 75, NULL, 2),
(171, 348, NULL, 4),
(172, 196, NULL, 2),
(172, 197, NULL, 3),
(172, 245, NULL, 1),
(172, 247, NULL, 4),
(173, 9, NULL, 2),
(173, 203, NULL, 3),
(173, 221, NULL, 4),
(173, 231, NULL, 1),
(174, 260, NULL, 2),
(174, 262, NULL, 4),
(174, 320, NULL, 3),
(174, 337, NULL, 1),
(175, 75, NULL, 2),
(175, 165, NULL, 1),
(175, 212, NULL, 3),
(175, 236, NULL, 4),
(176, 121, NULL, 3),
(176, 146, NULL, 2),
(176, 152, NULL, 1),
(176, 260, NULL, 4),
(177, 196, NULL, 3),
(177, 199, NULL, 4),
(177, 245, NULL, 1),
(177, 261, NULL, 2),
(178, 74, NULL, 1),
(178, 79, NULL, 3),
(178, 128, NULL, 4),
(178, 194, NULL, 2),
(179, 53, NULL, 3),
(179, 147, NULL, 1),
(179, 166, NULL, 2),
(179, 169, NULL, 4),
(180, 2, NULL, 1),
(180, 6, NULL, 2),
(180, 148, NULL, 3),
(180, 220, NULL, 4),
(181, 74, NULL, 1),
(181, 80, NULL, 4),
(181, 165, NULL, 2),
(181, 211, NULL, 3),
(182, 252, NULL, 4),
(182, 315, NULL, 1),
(182, 319, NULL, 2),
(182, 321, NULL, 3),
(183, 162, NULL, 1),
(183, 182, NULL, 3),
(183, 248, NULL, 4),
(183, 261, NULL, 2),
(184, 39, NULL, 4),
(184, 113, NULL, 1),
(184, 149, NULL, 2),
(184, 211, NULL, 3),
(185, 180, NULL, 2),
(185, 195, NULL, 1),
(185, 214, NULL, 3),
(185, 257, NULL, 4),
(186, 82, NULL, 4),
(186, 290, NULL, 3),
(186, 317, NULL, 1),
(186, 321, NULL, 2),
(187, 213, NULL, 3),
(187, 230, NULL, 1),
(187, 270, NULL, 2),
(187, 343, NULL, 4),
(188, 57, NULL, 3),
(188, 166, NULL, 1),
(188, 180, NULL, 2),
(188, 214, NULL, 4),
(189, 203, NULL, 3),
(189, 245, NULL, 1),
(189, 269, NULL, 4),
(189, 338, NULL, 2),
(190, 40, NULL, 2),
(190, 74, NULL, 1),
(190, 82, NULL, 4),
(190, 180, NULL, 3),
(191, 2, NULL, 1),
(191, 9, NULL, 2),
(191, 14, NULL, 3),
(191, 148, NULL, 4),
(192, 2, NULL, 1),
(192, 38, NULL, 3),
(192, 165, NULL, 2),
(192, 221, NULL, 4),
(193, 247, NULL, 3),
(193, 259, NULL, 2),
(193, 302, NULL, 1),
(193, 340, NULL, 4),
(194, 148, NULL, 1),
(194, 156, NULL, 3),
(194, 240, NULL, 4),
(194, 306, NULL, 2),
(195, 117, NULL, 2),
(195, 153, NULL, 3),
(195, 255, NULL, 4),
(195, 358, NULL, 1),
(196, 315, NULL, 1),
(196, 316, NULL, 2),
(196, 318, NULL, 3),
(196, 321, NULL, 4),
(197, 168, NULL, 2),
(197, 205, NULL, 4),
(197, 279, NULL, 3),
(197, 371, NULL, 1),
(198, 74, NULL, 1),
(198, 80, NULL, 3),
(198, 146, NULL, 2),
(198, 185, NULL, 4),
(199, 147, NULL, 2),
(199, 228, NULL, 1),
(199, 232, NULL, 3),
(199, 234, NULL, 4),
(200, 231, NULL, 3),
(200, 239, NULL, 4),
(200, 299, NULL, 1),
(200, 302, NULL, 2),
(201, 182, NULL, 3),
(201, 190, NULL, 4),
(201, 229, NULL, 1),
(201, 252, NULL, 2),
(202, 163, NULL, 1),
(202, 172, NULL, 4),
(202, 180, NULL, 2),
(202, 251, NULL, 3),
(203, 12, NULL, 4),
(203, 144, NULL, 1),
(203, 164, NULL, 3),
(203, 230, NULL, 2),
(204, 215, NULL, 3),
(204, 315, NULL, 1),
(204, 318, NULL, 2),
(204, 327, NULL, 4),
(205, 113, NULL, 1),
(205, 127, NULL, 4),
(205, 148, NULL, 2),
(205, 212, NULL, 3),
(206, 36, NULL, 1),
(206, 139, NULL, 4),
(206, 198, NULL, 2),
(206, 232, NULL, 3),
(207, 145, NULL, 1),
(207, 165, NULL, 2),
(207, 192, NULL, 4),
(207, 215, NULL, 3),
(208, 40, NULL, 3),
(208, 164, NULL, 2),
(208, 236, NULL, 4),
(208, 261, NULL, 1),
(209, 251, NULL, 2),
(209, 308, NULL, 4),
(209, 317, NULL, 1),
(209, 320, NULL, 3),
(210, 199, NULL, 4),
(210, 245, NULL, 1),
(210, 259, NULL, 3),
(210, 263, NULL, 2),
(211, 175, NULL, 4),
(211, 194, NULL, 1),
(211, 227, NULL, 2),
(211, 240, NULL, 3),
(212, 219, NULL, 2),
(212, 289, NULL, 3),
(212, 310, NULL, 4),
(212, 317, NULL, 1),
(213, 41, NULL, 2),
(213, 84, NULL, 4),
(213, 116, NULL, 1),
(213, 197, NULL, 3),
(214, 234, NULL, 3),
(214, 280, NULL, 1),
(214, 288, NULL, 4),
(214, 318, NULL, 2),
(215, 81, NULL, 3),
(215, 170, NULL, 4),
(215, 179, NULL, 1),
(215, 251, NULL, 2),
(216, 169, NULL, 3),
(216, 200, NULL, 4),
(216, 214, NULL, 2),
(216, 355, NULL, 1),
(217, 149, NULL, 2),
(217, 210, NULL, 3),
(217, 228, NULL, 1),
(217, 234, NULL, 4),
(218, 75, NULL, 1),
(218, 122, NULL, 2),
(218, 236, NULL, 4),
(218, 276, NULL, 3),
(219, 44, NULL, 2),
(219, 84, NULL, 3),
(219, 235, NULL, 4),
(219, 355, NULL, 1),
(220, 286, NULL, 1),
(220, 312, NULL, 3),
(220, 344, NULL, 2),
(220, 350, NULL, 4),
(221, 77, NULL, 1),
(221, 88, NULL, 2),
(221, 148, NULL, 3),
(221, 278, NULL, 4),
(222, 163, NULL, 2),
(222, 202, NULL, 4),
(222, 227, NULL, 1),
(222, 234, NULL, 3),
(223, 156, NULL, 3),
(223, 171, NULL, 2),
(223, 197, NULL, 1),
(223, 240, NULL, 4),
(224, 48, NULL, 4),
(224, 146, NULL, 3),
(224, 153, NULL, 2),
(224, 229, NULL, 1),
(225, 7, NULL, 2),
(225, 146, NULL, 3),
(225, 153, NULL, 1),
(225, 214, NULL, 4),
(226, 92, NULL, 4),
(226, 120, NULL, 1),
(226, 165, NULL, 2),
(226, 372, NULL, 3),
(227, 182, NULL, 2),
(227, 190, NULL, 3),
(227, 229, NULL, 1),
(227, 239, NULL, 4),
(228, 119, NULL, 4),
(228, 285, NULL, 3),
(228, 317, NULL, 2),
(228, 334, NULL, 1),
(229, 162, NULL, 1),
(229, 199, NULL, 4),
(229, 247, NULL, 3),
(229, 260, NULL, 2),
(230, 74, NULL, 1),
(230, 80, NULL, 3),
(230, 178, NULL, 2),
(230, 214, NULL, 4),
(231, 247, NULL, 2),
(231, 259, NULL, 1),
(231, 325, NULL, 3),
(231, 331, NULL, 4),
(232, 182, NULL, 2),
(232, 197, NULL, 1),
(232, 234, NULL, 3),
(232, 286, NULL, 4),
(233, 37, NULL, 3),
(233, 91, NULL, 1),
(233, 165, NULL, 4),
(233, 226, NULL, 2),
(234, 20, NULL, 3),
(234, 233, NULL, 4),
(234, 330, NULL, 1),
(234, 337, NULL, 2),
(235, 9, NULL, 3),
(235, 38, NULL, 4),
(235, 229, NULL, 1),
(235, 288, NULL, 2),
(236, 220, NULL, 4),
(236, 282, NULL, 2),
(236, 284, NULL, 3),
(236, 299, NULL, 1),
(237, 42, NULL, 3),
(237, 44, NULL, 4),
(237, 83, NULL, 2),
(237, 196, NULL, 1),
(238, 260, NULL, 2),
(238, 315, NULL, 1),
(238, 320, NULL, 3),
(238, 345, NULL, 4),
(239, 259, NULL, 1),
(239, 280, NULL, 2),
(239, 325, NULL, 3),
(239, 340, NULL, 4),
(240, 81, NULL, 4),
(240, 117, NULL, 1),
(240, 131, NULL, 2),
(240, 234, NULL, 3),
(241, 4, NULL, 2),
(241, 316, NULL, 1),
(241, 319, NULL, 3),
(241, 320, NULL, 4),
(242, 355, NULL, 1),
(242, 374, 50, 4),
(242, 377, NULL, 2),
(242, 378, NULL, 3),
(243, 76, NULL, 2),
(243, 188, NULL, 1),
(243, 249, NULL, 4),
(243, 255, NULL, 3),
(244, 151, NULL, 4),
(244, 179, NULL, 2),
(244, 261, NULL, 1),
(244, 284, NULL, 3),
(245, 41, NULL, 2),
(245, 114, NULL, 1),
(245, 245, NULL, 4),
(245, 247, NULL, 3),
(246, 88, NULL, 4),
(246, 156, NULL, 3),
(246, 215, NULL, 2),
(246, 260, NULL, 1),
(247, 146, NULL, 2),
(247, 210, NULL, 1),
(247, 212, NULL, 3),
(247, 214, NULL, 4),
(248, 196, NULL, 3),
(248, 258, NULL, 2),
(248, 259, NULL, 1),
(248, 262, NULL, 4),
(249, 280, NULL, 1),
(249, 282, NULL, 2),
(249, 284, NULL, 3),
(249, 289, NULL, 4),
(250, 167, NULL, 2),
(250, 169, NULL, 3),
(250, 172, NULL, 4),
(250, 226, NULL, 1),
(251, 38, NULL, 2),
(251, 79, NULL, 4),
(251, 114, NULL, 1),
(251, 261, NULL, 3),
(252, 165, NULL, 2),
(252, 300, NULL, 1),
(252, 307, NULL, 4),
(252, 322, NULL, 3),
(253, 74, NULL, 1),
(253, 85, NULL, 4),
(253, 116, NULL, 2),
(253, 182, NULL, 3),
(254, 228, NULL, 4),
(254, 281, NULL, 1),
(254, 291, NULL, 2),
(254, 309, NULL, 3),
(255, 145, NULL, 1),
(255, 226, NULL, 2),
(255, 232, NULL, 3),
(255, 253, NULL, 4),
(256, 185, NULL, 3),
(256, 197, NULL, 2),
(256, 258, NULL, 4),
(256, 260, NULL, 1),
(257, 179, NULL, 2),
(257, 185, NULL, 4),
(257, 227, NULL, 1),
(257, 232, NULL, 3),
(258, 178, NULL, 1),
(258, 185, NULL, 3),
(258, 209, NULL, 2),
(258, 234, NULL, 4),
(259, 79, NULL, 2),
(259, 80, NULL, 4),
(259, 117, NULL, 1),
(259, 199, NULL, 3),
(260, 247, NULL, 2),
(260, 266, NULL, 4),
(260, 289, NULL, 3),
(260, 334, NULL, 1),
(261, 44, NULL, 3),
(261, 82, NULL, 2),
(261, 156, NULL, 4),
(261, 378, NULL, 1),
(262, 114, NULL, 3),
(262, 183, NULL, 4),
(262, 197, NULL, 2),
(262, 263, NULL, 1),
(263, 2, NULL, 1),
(263, 8, NULL, 4),
(263, 79, NULL, 3),
(263, 148, NULL, 2),
(264, 180, NULL, 3),
(264, 226, NULL, 1),
(264, 248, NULL, 2),
(264, 250, NULL, 4),
(265, 174, NULL, 4),
(265, 232, NULL, 2),
(265, 254, NULL, 3),
(265, 366, NULL, 1),
(266, 21, NULL, 4),
(266, 115, NULL, 1),
(266, 169, NULL, 3),
(266, 210, NULL, 2),
(267, 168, NULL, 4),
(267, 197, NULL, 1),
(267, 212, NULL, 2),
(267, 252, NULL, 3),
(268, 152, NULL, 3),
(268, 210, NULL, 1),
(268, 211, NULL, 2),
(268, 220, NULL, 4),
(269, 179, NULL, 3),
(269, 228, NULL, 1),
(269, 232, NULL, 2),
(269, 252, NULL, 4),
(270, 118, NULL, 2),
(270, 203, NULL, 4),
(270, 210, NULL, 1),
(270, 220, NULL, 3),
(271, 42, NULL, 2),
(271, 113, NULL, 1),
(271, 203, NULL, 4),
(271, 264, NULL, 3),
(272, 115, NULL, 1),
(272, 128, NULL, 4),
(272, 146, NULL, 2),
(272, 209, NULL, 3),
(273, 187, NULL, 4),
(273, 220, NULL, 3),
(273, 231, NULL, 1),
(273, 252, NULL, 2),
(274, 46, NULL, 4),
(274, 162, NULL, 2),
(274, 259, NULL, 1),
(274, 268, NULL, 3),
(275, 113, NULL, 2),
(275, 116, NULL, 3),
(275, 196, NULL, 4),
(275, 378, NULL, 1),
(276, 4, NULL, 3),
(276, 39, NULL, 1),
(276, 81, NULL, 4),
(276, 198, NULL, 2),
(277, 162, NULL, 2),
(277, 168, NULL, 4),
(277, 228, NULL, 1),
(277, 254, NULL, 3),
(278, 148, NULL, 1),
(278, 170, NULL, 3),
(278, 234, NULL, 2),
(278, 255, NULL, 4),
(279, 75, NULL, 1),
(279, 205, NULL, 4),
(279, 210, NULL, 2),
(279, 252, NULL, 3),
(280, 7, NULL, 3),
(280, 77, NULL, 2),
(280, 116, NULL, 1),
(280, 127, NULL, 4),
(281, 50, NULL, 3),
(281, 154, NULL, 2),
(281, 215, NULL, 1),
(281, 278, NULL, 4),
(282, 68, NULL, 4),
(282, 165, NULL, 2),
(282, 177, NULL, 3),
(282, 377, NULL, 1),
(283, 166, NULL, 1),
(283, 169, NULL, 2),
(283, 228, NULL, 3),
(283, 234, NULL, 4),
(284, 39, NULL, 2),
(284, 156, NULL, 3),
(284, 321, NULL, 4),
(284, 378, NULL, 1),
(285, 41, NULL, 3),
(285, 88, NULL, 4),
(285, 281, NULL, 1),
(285, 284, NULL, 2),
(286, 3, NULL, 2),
(286, 6, NULL, 1),
(286, 119, NULL, 4),
(286, 172, NULL, 3),
(287, 35, NULL, 1),
(287, 163, NULL, 2),
(287, 169, NULL, 4),
(287, 228, NULL, 3),
(288, 162, NULL, 1),
(288, 168, NULL, 4),
(288, 300, NULL, 2),
(288, 302, NULL, 3),
(289, 227, NULL, 1),
(289, 232, NULL, 2),
(289, 254, NULL, 3),
(289, 278, NULL, 4),
(290, 154, NULL, 2),
(290, 252, NULL, 3),
(290, 275, NULL, 4),
(290, 361, NULL, 1),
(291, 88, NULL, 4),
(291, 148, NULL, 2),
(291, 152, NULL, 3),
(291, 164, NULL, 1),
(292, 144, NULL, 1),
(292, 168, NULL, 4),
(292, 197, NULL, 3),
(292, 248, NULL, 2),
(293, 1, NULL, 1),
(293, 9, NULL, 3),
(293, 144, NULL, 2),
(293, 204, NULL, 4),
(294, 197, NULL, 2),
(294, 204, NULL, 3),
(294, 230, NULL, 1),
(294, 232, NULL, 4),
(295, 188, NULL, 3),
(295, 208, NULL, 4),
(295, 226, NULL, 2),
(295, 360, NULL, 1),
(296, 122, NULL, 3),
(296, 282, NULL, 1),
(296, 284, NULL, 2),
(296, 341, NULL, 4),
(297, 46, NULL, 4),
(297, 118, NULL, 1),
(297, 149, NULL, 3),
(297, 183, NULL, 2),
(298, 35, NULL, 2),
(298, 119, NULL, 4),
(298, 145, NULL, 1),
(298, 165, NULL, 3),
(299, 42, NULL, 3),
(299, 44, NULL, 4),
(299, 180, NULL, 2),
(299, 229, NULL, 1),
(300, 9, NULL, 1),
(300, 119, NULL, 3),
(300, 179, NULL, 2),
(300, 221, 58, 4),
(301, 178, NULL, 3),
(301, 194, NULL, 1),
(301, 245, NULL, 4),
(301, 360, NULL, 2),
(302, 92, NULL, 4),
(302, 148, NULL, 1),
(302, 184, NULL, 3),
(302, 265, NULL, 2),
(303, 156, NULL, 3),
(303, 245, NULL, 1),
(303, 255, NULL, 4),
(303, 263, NULL, 2),
(304, 14, NULL, 2),
(304, 32, NULL, 1),
(304, 157, NULL, 3),
(304, 220, NULL, 4),
(305, 149, NULL, 2),
(305, 169, NULL, 4),
(305, 209, NULL, 1),
(305, 234, NULL, 3),
(306, 114, NULL, 3),
(306, 128, NULL, 4),
(306, 247, NULL, 1),
(306, 269, NULL, 2),
(307, 170, NULL, 3),
(307, 210, NULL, 1),
(307, 214, NULL, 2),
(307, 236, NULL, 4),
(308, 116, NULL, 2),
(308, 234, NULL, 1),
(308, 249, NULL, 4),
(308, 260, NULL, 3),
(309, 118, NULL, 2),
(309, 173, NULL, 4),
(309, 260, NULL, 1),
(309, 319, NULL, 3),
(310, 282, NULL, 2),
(310, 286, NULL, 4),
(310, 344, NULL, 3),
(310, 369, NULL, 1),
(311, 284, NULL, 3),
(311, 285, NULL, 4),
(311, 316, NULL, 2),
(311, 376, NULL, 1),
(312, 132, NULL, 3),
(312, 147, NULL, 2),
(312, 165, NULL, 1),
(312, 234, NULL, 4),
(313, 149, NULL, 3),
(313, 214, NULL, 2),
(313, 220, NULL, 4),
(313, 226, NULL, 1),
(314, 197, NULL, 2),
(314, 229, NULL, 1),
(314, 249, NULL, 3),
(314, 252, NULL, 4),
(315, 246, NULL, 2),
(315, 323, NULL, 4),
(315, 335, NULL, 1),
(315, 340, NULL, 3),
(316, 156, NULL, 3),
(316, 159, NULL, 4),
(316, 220, NULL, 2),
(316, 367, NULL, 1),
(317, 214, NULL, 3),
(317, 281, NULL, 1),
(317, 285, NULL, 2),
(317, 291, NULL, 4),
(318, 146, NULL, 1),
(318, 153, NULL, 4),
(318, 251, NULL, 2),
(318, 252, NULL, 3),
(319, 2, NULL, 1),
(319, 40, NULL, 2),
(319, 151, NULL, 3),
(319, 196, NULL, 4),
(320, 35, NULL, 1),
(320, 39, NULL, 4),
(320, 163, NULL, 2),
(320, 211, NULL, 3),
(321, 147, NULL, 2),
(321, 231, NULL, 3),
(321, 248, NULL, 4),
(321, 371, NULL, 1),
(322, 37, NULL, 1),
(322, 47, NULL, 2),
(322, 51, NULL, 4),
(322, 210, NULL, 3),
(323, 44, NULL, 4),
(323, 153, NULL, 2),
(323, 197, NULL, 1),
(323, 214, NULL, 3),
(324, 38, NULL, 1),
(324, 82, NULL, 3),
(324, 132, NULL, 2),
(324, 190, NULL, 4),
(325, 121, NULL, 3),
(325, 144, NULL, 2),
(325, 244, NULL, 4),
(325, 375, NULL, 1),
(326, 156, NULL, 3),
(326, 197, NULL, 2),
(326, 247, NULL, 4),
(326, 259, NULL, 1),
(327, 18, NULL, 3),
(327, 28, NULL, 4),
(327, 144, NULL, 1),
(327, 159, NULL, 2),
(328, 49, NULL, 2),
(328, 205, NULL, 4),
(328, 247, NULL, 1),
(328, 266, NULL, 3),
(329, 51, NULL, 4),
(329, 74, NULL, 1),
(329, 113, NULL, 3),
(329, 227, NULL, 2),
(330, 185, NULL, 3),
(330, 210, NULL, 1),
(330, 221, NULL, 4),
(330, 232, NULL, 2),
(331, 316, NULL, 1),
(331, 317, NULL, 2),
(331, 340, NULL, 3),
(331, 359, NULL, 4),
(332, 248, NULL, 3),
(332, 315, NULL, 1),
(332, 317, NULL, 2),
(332, 322, NULL, 4),
(333, 320, NULL, 2),
(333, 341, NULL, 3),
(333, 348, NULL, 4),
(333, 372, NULL, 1),
(334, 76, NULL, 2),
(334, 122, NULL, 4),
(334, 181, NULL, 3),
(334, 194, NULL, 1),
(335, 66, NULL, 3),
(335, 328, NULL, 1),
(335, 330, NULL, 2),
(335, 366, 50, 4),
(336, 81, NULL, 4),
(336, 180, NULL, 2),
(336, 231, NULL, 1),
(336, 266, NULL, 3),
(337, 186, NULL, 2),
(337, 233, NULL, 1),
(337, 288, NULL, 4),
(337, 368, NULL, 3),
(338, 247, NULL, 1),
(338, 273, NULL, 4),
(338, 320, NULL, 2),
(338, 347, NULL, 3),
(339, 196, NULL, 1),
(339, 259, NULL, 2),
(339, 262, NULL, 3),
(339, 263, NULL, 4),
(340, 172, NULL, 3),
(340, 232, NULL, 4),
(340, 319, NULL, 1),
(340, 321, NULL, 2),
(341, 300, NULL, 1),
(341, 321, NULL, 3),
(341, 322, NULL, 4),
(341, 336, NULL, 2),
(342, 79, NULL, 1),
(342, 123, NULL, 3),
(342, 201, NULL, 2),
(342, 259, NULL, 4),
(343, 44, NULL, 4),
(343, 74, NULL, 1),
(343, 194, NULL, 2),
(343, 229, NULL, 3),
(344, 43, NULL, 4),
(344, 197, NULL, 3),
(344, 214, NULL, 2),
(344, 227, NULL, 1),
(345, 9, NULL, 3),
(345, 10, NULL, 4),
(345, 38, NULL, 2),
(345, 74, NULL, 1),
(346, 172, NULL, 3),
(346, 210, NULL, 1),
(346, 252, 52, 4),
(346, 374, NULL, 2),
(347, 121, NULL, 3),
(347, 149, NULL, 2),
(347, 230, NULL, 1),
(347, 234, NULL, 4),
(348, 245, NULL, 4),
(348, 246, NULL, 3),
(348, 331, NULL, 2),
(348, 338, NULL, 1),
(349, 75, NULL, 1),
(349, 120, NULL, 2),
(349, 204, NULL, 3),
(349, 365, NULL, 4),
(350, 84, NULL, 2),
(350, 148, NULL, 1),
(350, 231, NULL, 3),
(350, 251, NULL, 4),
(351, 210, NULL, 2),
(351, 230, NULL, 1),
(351, 252, NULL, 3),
(351, 255, NULL, 4),
(352, 12, NULL, 1),
(352, 20, NULL, 4),
(352, 118, NULL, 2),
(352, 271, NULL, 3),
(353, 290, NULL, 3),
(353, 318, NULL, 4),
(353, 334, NULL, 1),
(353, 337, NULL, 2),
(354, 254, NULL, 3),
(354, 302, NULL, 2),
(354, 323, NULL, 4),
(354, 334, NULL, 1),
(355, 1, NULL, 1),
(355, 262, NULL, 3),
(355, 263, NULL, 2),
(355, 271, NULL, 4),
(356, 249, NULL, 4),
(356, 363, NULL, 3),
(356, 367, NULL, 1),
(356, 368, NULL, 2),
(357, 18, NULL, 4),
(357, 74, NULL, 2),
(357, 164, NULL, 3),
(357, 230, NULL, 1),
(358, 42, NULL, 2),
(358, 209, NULL, 1),
(358, 210, NULL, 3),
(358, 212, NULL, 4),
(359, 51, 50, 4),
(359, 167, NULL, 2),
(359, 170, NULL, 3),
(359, 365, NULL, 1),
(360, 2, NULL, 1),
(360, 8, NULL, 4),
(360, 148, NULL, 3),
(360, 210, NULL, 2),
(361, 199, NULL, 2),
(361, 241, NULL, 4),
(361, 262, NULL, 1),
(361, 277, NULL, 3),
(362, 245, NULL, 2),
(362, 269, NULL, 3),
(362, 325, NULL, 4),
(362, 334, NULL, 1),
(363, 146, NULL, 1),
(363, 156, NULL, 4),
(363, 185, NULL, 2),
(363, 218, NULL, 3),
(364, 196, NULL, 1),
(364, 199, NULL, 2),
(364, 262, NULL, 3),
(364, 353, NULL, 4),
(365, 152, NULL, 4),
(365, 168, NULL, 3),
(365, 229, NULL, 1),
(365, 252, NULL, 2),
(366, 151, NULL, 3),
(366, 166, NULL, 2),
(366, 187, NULL, 4),
(366, 195, NULL, 1),
(367, 146, NULL, 2),
(367, 166, NULL, 4),
(367, 211, NULL, 1),
(367, 251, NULL, 3),
(368, 40, NULL, 3),
(368, 145, NULL, 1),
(368, 156, NULL, 4),
(368, 253, NULL, 2),
(369, 179, NULL, 2),
(369, 190, NULL, 3),
(369, 212, NULL, 1),
(369, 271, NULL, 4),
(370, 219, NULL, 4),
(370, 228, NULL, 2),
(370, 246, NULL, 3),
(370, 352, NULL, 1),
(371, 195, NULL, 1),
(371, 237, NULL, 3),
(371, 251, NULL, 4),
(371, 378, NULL, 2),
(372, 365, NULL, 3),
(372, 370, NULL, 1),
(372, 373, NULL, 2),
(372, 377, NULL, 4),
(373, 167, NULL, 4),
(373, 230, NULL, 3),
(373, 232, NULL, 2),
(373, 328, NULL, 1),
(374, 44, NULL, 1),
(374, 119, NULL, 2),
(374, 168, NULL, 4),
(374, 198, NULL, 3),
(375, 13, NULL, 3),
(375, 179, NULL, 1),
(375, 211, NULL, 2),
(375, 221, NULL, 4),
(376, 35, NULL, 1),
(376, 41, NULL, 2),
(376, 88, NULL, 3),
(376, 185, NULL, 4),
(377, 83, NULL, 4),
(377, 194, NULL, 3),
(377, 236, NULL, 1),
(377, 260, NULL, 2),
(378, 153, NULL, 3),
(378, 205, NULL, 4),
(378, 212, NULL, 2),
(378, 261, NULL, 1),
(379, 42, NULL, 3),
(379, 195, NULL, 1),
(379, 234, NULL, 2),
(379, 319, NULL, 4),
(380, 248, NULL, 3),
(380, 315, NULL, 1),
(380, 341, NULL, 4),
(380, 358, NULL, 2),
(381, 257, NULL, 3),
(381, 322, NULL, 2),
(381, 329, NULL, 4),
(381, 367, NULL, 1),
(382, 6, NULL, 2),
(382, 99, NULL, 3),
(382, 149, NULL, 1),
(382, 234, NULL, 4),
(383, 57, NULL, 1),
(383, 71, NULL, 4),
(383, 165, NULL, 2),
(383, 240, NULL, 3),
(384, 190, NULL, 3),
(384, 316, NULL, 1),
(384, 317, NULL, 2),
(384, 346, NULL, 4),
(385, 37, NULL, 1),
(385, 45, NULL, 3),
(385, 123, NULL, 4),
(385, 352, NULL, 2),
(386, 164, NULL, 4),
(386, 299, NULL, 1),
(386, 317, NULL, 2),
(386, 320, NULL, 3),
(387, 212, NULL, 2),
(387, 250, NULL, 4),
(387, 281, NULL, 1),
(387, 284, NULL, 3),
(388, 75, NULL, 1),
(388, 199, NULL, 4),
(388, 250, NULL, 2),
(388, 252, NULL, 3),
(389, 75, NULL, 1),
(389, 124, NULL, 3),
(389, 149, NULL, 2),
(389, 172, NULL, 4),
(390, 148, NULL, 2),
(390, 321, NULL, 3),
(390, 341, NULL, 4),
(390, 373, NULL, 1),
(391, 37, NULL, 2),
(391, 45, NULL, 3),
(391, 201, NULL, 4),
(391, 362, NULL, 1),
(392, 41, NULL, 1),
(392, 194, NULL, 3),
(392, 201, NULL, 2),
(392, 228, NULL, 4),
(393, 42, NULL, 1),
(393, 81, NULL, 4),
(393, 234, NULL, 3),
(393, 249, NULL, 2),
(394, 79, NULL, 1),
(394, 85, NULL, 2),
(394, 87, 51, 4),
(394, 363, NULL, 3),
(395, 38, NULL, 4),
(395, 198, NULL, 3),
(395, 210, NULL, 1),
(395, 246, NULL, 2),
(396, 190, NULL, 4),
(396, 315, NULL, 1),
(396, 318, NULL, 2),
(396, 327, NULL, 3),
(397, 4, NULL, 2),
(397, 113, NULL, 1),
(397, 202, NULL, 3),
(397, 237, NULL, 4),
(398, 202, NULL, 2),
(398, 232, NULL, 3),
(398, 246, NULL, 1),
(398, 254, NULL, 4),
(399, 251, NULL, 3),
(399, 284, NULL, 4),
(399, 321, NULL, 2),
(399, 337, NULL, 1),
(400, 144, NULL, 2),
(400, 255, NULL, 4),
(400, 320, NULL, 3),
(400, 354, NULL, 1),
(401, 14, NULL, 3),
(401, 36, NULL, 1),
(401, 38, NULL, 2),
(401, 240, NULL, 4),
(402, 3, NULL, 2),
(402, 199, NULL, 1),
(402, 209, NULL, 3),
(402, 250, NULL, 4),
(403, 170, NULL, 4),
(403, 212, NULL, 1),
(403, 236, NULL, 3),
(403, 306, NULL, 2),
(404, 79, NULL, 1),
(404, 82, NULL, 4),
(404, 90, NULL, 3),
(404, 149, NULL, 2),
(405, 27, 58, 4),
(405, 127, NULL, 2),
(405, 185, NULL, 3),
(405, 194, NULL, 1),
(406, 39, NULL, 3),
(406, 114, NULL, 1),
(406, 116, NULL, 2),
(406, 131, NULL, 4),
(407, 151, NULL, 3),
(407, 282, NULL, 1),
(407, 284, NULL, 4),
(407, 305, NULL, 2),
(408, 4, NULL, 2),
(408, 8, NULL, 3),
(408, 131, NULL, 4),
(408, 191, NULL, 1),
(409, 115, NULL, 1),
(409, 118, NULL, 3),
(409, 202, NULL, 4),
(409, 261, NULL, 2),
(410, 42, NULL, 1),
(410, 155, NULL, 3),
(410, 255, NULL, 4),
(410, 377, NULL, 2),
(411, 215, NULL, 4),
(411, 268, NULL, 3),
(411, 282, NULL, 2),
(411, 318, NULL, 1),
(412, 39, NULL, 3),
(412, 144, NULL, 1),
(412, 211, NULL, 2),
(412, 220, NULL, 4),
(413, 126, NULL, 3),
(413, 165, NULL, 2),
(413, 214, NULL, 4),
(413, 229, NULL, 1),
(414, 70, NULL, 3),
(414, 84, NULL, 2),
(414, 165, NULL, 1),
(414, 177, NULL, 4),
(415, 19, NULL, 3),
(415, 68, NULL, 4),
(415, 155, NULL, 1),
(415, 212, NULL, 2),
(416, 57, NULL, 3),
(416, 311, NULL, 4),
(416, 336, NULL, 2),
(416, 372, NULL, 1),
(417, 152, NULL, 2),
(417, 254, NULL, 3),
(417, 330, NULL, 4),
(417, 360, NULL, 1),
(418, 59, NULL, 4),
(418, 157, NULL, 2),
(418, 246, NULL, 3),
(418, 375, NULL, 1),
(419, 117, NULL, 1),
(419, 231, NULL, 4),
(419, 290, NULL, 3),
(419, 319, NULL, 2),
(420, 121, NULL, 3),
(420, 171, NULL, 4),
(420, 210, NULL, 2),
(420, 366, NULL, 1),
(421, 147, NULL, 1),
(421, 239, NULL, 3),
(421, 310, NULL, 4),
(421, 360, NULL, 2),
(422, 336, NULL, 3),
(422, 347, NULL, 4),
(422, 353, NULL, 2),
(422, 355, NULL, 1),
(423, 104, NULL, 2),
(423, 139, NULL, 4),
(423, 290, NULL, 3),
(423, 360, NULL, 1),
(424, 202, NULL, 2),
(424, 285, NULL, 3),
(424, 307, NULL, 1),
(424, 323, NULL, 4),
(425, 113, NULL, 2),
(425, 116, NULL, 1),
(425, 150, NULL, 4),
(425, 216, NULL, 3),
(426, 14, NULL, 3),
(426, 212, NULL, 2),
(426, 218, NULL, 4),
(426, 370, NULL, 1),
(427, 82, NULL, 2),
(427, 128, NULL, 4),
(427, 253, NULL, 3),
(427, 261, NULL, 1),
(428, 169, NULL, 3),
(428, 187, 55, 4),
(428, 232, NULL, 2),
(428, 371, NULL, 1),
(429, 147, NULL, 3),
(429, 172, NULL, 4),
(429, 229, NULL, 1),
(429, 248, NULL, 2),
(430, 44, NULL, 4),
(430, 115, NULL, 1),
(430, 146, NULL, 2),
(430, 201, NULL, 3),
(431, 22, NULL, 4),
(431, 81, NULL, 1),
(431, 188, NULL, 3),
(431, 246, NULL, 2),
(432, 74, NULL, 1),
(432, 229, NULL, 2),
(432, 247, NULL, 4),
(432, 371, NULL, 3),
(433, 116, NULL, 1),
(433, 162, NULL, 2),
(433, 236, NULL, 4),
(433, 254, NULL, 3),
(434, 104, NULL, 3),
(434, 152, NULL, 4),
(434, 374, NULL, 1),
(434, 377, NULL, 2),
(435, 10, NULL, 4),
(435, 77, NULL, 1),
(435, 117, NULL, 2),
(435, 179, NULL, 3),
(436, 147, NULL, 2),
(436, 168, NULL, 4),
(436, 232, NULL, 3),
(436, 247, NULL, 1),
(437, 234, NULL, 2),
(437, 238, NULL, 3),
(437, 255, NULL, 4),
(437, 282, NULL, 1),
(438, 191, 65, 4),
(438, 235, NULL, 3),
(438, 357, NULL, 1),
(438, 374, NULL, 2),
(439, 248, NULL, 2),
(439, 251, NULL, 3),
(439, 252, 49, 4),
(439, 354, NULL, 1),
(440, 146, NULL, 1),
(440, 180, NULL, 2),
(440, 184, NULL, 4),
(440, 249, NULL, 3),
(441, 99, NULL, 3),
(441, 115, NULL, 2),
(441, 169, NULL, 4),
(441, 247, NULL, 1),
(442, 202, NULL, 4),
(442, 210, NULL, 1),
(442, 214, NULL, 3),
(442, 233, NULL, 2),
(443, 144, NULL, 1),
(443, 197, NULL, 3),
(443, 238, NULL, 2),
(443, 256, 55, 4),
(444, 26, NULL, 4),
(444, 81, NULL, 2),
(444, 210, NULL, 3),
(444, 246, NULL, 1),
(445, 265, NULL, 3),
(445, 284, NULL, 2),
(445, 289, NULL, 4),
(445, 300, NULL, 1),
(446, 13, NULL, 2),
(446, 84, NULL, 4),
(446, 229, NULL, 3),
(446, 376, NULL, 1),
(447, 153, NULL, 3),
(447, 196, NULL, 1),
(447, 263, NULL, 2),
(447, 279, NULL, 4),
(448, 151, NULL, 2),
(448, 156, NULL, 4),
(448, 221, NULL, 3),
(448, 227, NULL, 1),
(449, 44, NULL, 3),
(449, 49, NULL, 4),
(449, 117, NULL, 1),
(449, 212, NULL, 2),
(450, 84, NULL, 3),
(450, 194, NULL, 1),
(450, 210, NULL, 2),
(450, 253, NULL, 4),
(451, 178, NULL, 3),
(451, 217, NULL, 2),
(451, 308, NULL, 1),
(451, 365, NULL, 4),
(452, 99, NULL, 3),
(452, 175, NULL, 2),
(452, 238, NULL, 4),
(452, 353, NULL, 1),
(453, 35, NULL, 1),
(453, 232, NULL, 2),
(453, 234, NULL, 3),
(453, 238, NULL, 4),
(454, 247, NULL, 3),
(454, 315, NULL, 1),
(454, 321, NULL, 4),
(454, 344, NULL, 2),
(455, 96, NULL, 3),
(455, 127, NULL, 4),
(455, 180, NULL, 1),
(455, 251, NULL, 2),
(456, 84, NULL, 3),
(456, 153, NULL, 1),
(456, 201, NULL, 2),
(456, 239, NULL, 4),
(457, 166, 60, 4),
(457, 360, NULL, 1),
(457, 365, 45, 3),
(457, 368, NULL, 2),
(458, 206, NULL, 4),
(458, 227, NULL, 1),
(458, 232, NULL, 2),
(458, 378, NULL, 3),
(459, 49, NULL, 3),
(459, 75, NULL, 1),
(459, 148, NULL, 2),
(459, 171, NULL, 4),
(460, 232, NULL, 4),
(460, 318, NULL, 1),
(460, 320, NULL, 3),
(460, 324, NULL, 2),
(461, 44, NULL, 3),
(461, 76, NULL, 2),
(461, 262, NULL, 1),
(461, 277, NULL, 4),
(462, 148, NULL, 2),
(462, 220, NULL, 4),
(462, 226, NULL, 1),
(462, 264, NULL, 3),
(463, 179, NULL, 2),
(463, 281, NULL, 1),
(463, 284, NULL, 3),
(463, 289, NULL, 4),
(464, 132, NULL, 4),
(464, 148, NULL, 2),
(464, 187, NULL, 3),
(464, 230, NULL, 1),
(465, 162, NULL, 1),
(465, 168, NULL, 3),
(465, 232, NULL, 4),
(465, 305, NULL, 2),
(466, 229, NULL, 1),
(466, 232, NULL, 3),
(466, 237, NULL, 4),
(466, 282, NULL, 2),
(467, 226, NULL, 2),
(467, 236, NULL, 3),
(467, 239, NULL, 4),
(467, 367, NULL, 1),
(468, 214, NULL, 2),
(468, 215, NULL, 3),
(468, 219, NULL, 4),
(468, 249, NULL, 1),
(469, 73, 75, 4),
(469, 149, NULL, 2),
(469, 181, NULL, 1),
(469, 246, NULL, 3),
(470, 182, NULL, 2),
(470, 210, NULL, 1),
(470, 238, NULL, 4),
(470, 252, NULL, 3),
(471, 3, NULL, 2),
(471, 169, NULL, 1),
(471, 271, NULL, 4),
(471, 370, NULL, 3),
(472, 48, NULL, 2),
(472, 114, NULL, 1),
(472, 236, NULL, 3),
(472, 267, NULL, 4),
(473, 144, NULL, 1),
(473, 178, NULL, 2),
(473, 264, NULL, 3),
(473, 287, NULL, 4),
(474, 225, NULL, 4),
(474, 247, NULL, 2),
(474, 269, NULL, 3),
(474, 368, NULL, 1),
(475, 149, NULL, 3),
(475, 238, NULL, 4),
(475, 246, NULL, 1),
(475, 265, NULL, 2),
(476, 40, NULL, 2),
(476, 166, NULL, 1),
(476, 287, NULL, 3),
(476, 340, NULL, 4),
(477, 150, NULL, 1),
(477, 200, NULL, 2),
(477, 234, NULL, 3),
(477, 358, NULL, 4),
(478, 6, NULL, 3),
(478, 197, NULL, 1),
(478, 254, NULL, 4),
(478, 336, NULL, 2),
(479, 232, NULL, 1),
(479, 238, NULL, 3),
(479, 240, NULL, 4),
(479, 369, NULL, 2),
(480, 221, NULL, 4),
(480, 259, NULL, 1),
(480, 316, NULL, 2),
(480, 321, NULL, 3),
(481, 75, NULL, 2),
(481, 77, NULL, 3),
(481, 116, NULL, 1),
(481, 252, NULL, 4),
(482, 4, NULL, 2),
(482, 163, NULL, 3),
(482, 192, NULL, 4),
(482, 246, NULL, 1),
(483, 116, NULL, 4),
(483, 144, NULL, 3),
(483, 207, NULL, 2),
(483, 250, NULL, 1),
(484, 152, NULL, 4),
(484, 210, NULL, 1),
(484, 237, NULL, 3),
(484, 252, NULL, 2),
(485, 168, NULL, 4),
(485, 228, NULL, 1),
(485, 232, NULL, 2),
(485, 309, NULL, 3),
(486, 234, NULL, 4),
(486, 315, NULL, 1),
(486, 321, NULL, 3),
(486, 341, NULL, 2),
(487, 147, NULL, 1),
(487, 214, NULL, 2),
(487, 218, NULL, 4),
(487, 306, NULL, 3),
(488, 121, NULL, 3),
(488, 164, NULL, 2),
(488, 172, NULL, 4),
(488, 197, NULL, 1),
(489, 41, NULL, 1),
(489, 56, NULL, 4),
(489, 251, NULL, 2),
(489, 266, NULL, 3),
(490, 164, 22, 2),
(490, 215, NULL, 4),
(490, 299, NULL, 1),
(490, 320, NULL, 3),
(491, 87, NULL, 1),
(491, 163, NULL, 3),
(491, 165, NULL, 2),
(491, 232, NULL, 4),
(492, 1, NULL, 1),
(492, 46, NULL, 4),
(492, 183, NULL, 2),
(492, 211, NULL, 3),
(493, 114, NULL, 3),
(493, 121, NULL, 1),
(493, 205, NULL, 2),
(493, 208, NULL, 4),
(494, 58, NULL, 2),
(494, 172, NULL, 1),
(494, 360, NULL, 4),
(494, 374, NULL, 3),
(495, 36, NULL, 1),
(495, 45, NULL, 4),
(495, 117, NULL, 2),
(495, 148, NULL, 3),
(496, 255, NULL, 3),
(496, 310, NULL, 4),
(496, 319, NULL, 1),
(496, 322, NULL, 2),
(497, 47, NULL, 4),
(497, 117, NULL, 3),
(497, 209, NULL, 2),
(497, 354, NULL, 1),
(498, 67, NULL, 4),
(498, 123, NULL, 2),
(498, 236, NULL, 3),
(498, 363, NULL, 1),
(499, 13, NULL, 2),
(499, 232, NULL, 3),
(499, 290, NULL, 4),
(499, 299, NULL, 1),
(500, 185, NULL, 4),
(500, 260, NULL, 2),
(500, 315, NULL, 1),
(500, 320, NULL, 3),
(501, 77, NULL, 1),
(501, 90, NULL, 2),
(501, 96, NULL, 3),
(501, 109, NULL, 4),
(502, 1, NULL, 3),
(502, 38, NULL, 1),
(502, 158, NULL, 2),
(502, 214, NULL, 4),
(503, 145, NULL, 1),
(503, 197, NULL, 3),
(503, 248, NULL, 2),
(503, 271, NULL, 4),
(504, 41, NULL, 2),
(504, 55, NULL, 4),
(504, 168, NULL, 3),
(504, 197, NULL, 1),
(505, 247, NULL, 2),
(505, 259, NULL, 1),
(505, 262, NULL, 3),
(505, 269, NULL, 4),
(506, 203, NULL, 3),
(506, 262, NULL, 1),
(506, 270, NULL, 2),
(506, 272, NULL, 4),
(507, 251, NULL, 3),
(507, 282, NULL, 2),
(507, 321, NULL, 4),
(507, 375, NULL, 1),
(508, 144, NULL, 1),
(508, 147, NULL, 2),
(508, 182, NULL, 4),
(508, 194, NULL, 3),
(509, 61, NULL, 4),
(509, 226, NULL, 2),
(509, 254, NULL, 3),
(509, 352, NULL, 1),
(510, 147, NULL, 1),
(510, 168, NULL, 2),
(510, 234, NULL, 3),
(510, 271, NULL, 4),
(511, 39, NULL, 3),
(511, 152, NULL, 2),
(511, 178, NULL, 1),
(511, 219, NULL, 4),
(512, 29, NULL, 4),
(512, 38, NULL, 1),
(512, 85, NULL, 3),
(512, 178, NULL, 2),
(513, 22, NULL, 4),
(513, 37, NULL, 1),
(513, 148, NULL, 3),
(513, 167, NULL, 2),
(514, 9, NULL, 3),
(514, 85, NULL, 4),
(514, 165, NULL, 2),
(514, 178, NULL, 1),
(515, 163, NULL, 1),
(515, 204, NULL, 2),
(515, 248, NULL, 4),
(515, 250, NULL, 3),
(516, 30, NULL, 2),
(516, 164, NULL, 3),
(516, 170, NULL, 4),
(516, 227, NULL, 1),
(517, 21, NULL, 4),
(517, 39, NULL, 2),
(517, 114, NULL, 1),
(517, 149, NULL, 3),
(518, 69, NULL, 4),
(518, 136, 40, 2),
(518, 364, NULL, 1),
(518, 373, NULL, 3),
(519, 114, NULL, 3),
(519, 135, NULL, 2),
(519, 187, NULL, 4),
(519, 195, NULL, 1),
(520, 245, NULL, 2),
(520, 259, NULL, 1),
(520, 262, NULL, 3),
(520, 278, NULL, 4),
(521, 53, NULL, 4),
(521, 122, NULL, 3),
(521, 161, NULL, 2),
(521, 195, NULL, 1),
(522, 9, NULL, 2),
(522, 13, NULL, 3),
(522, 147, NULL, 1),
(522, 183, NULL, 4),
(523, 53, NULL, 4),
(523, 84, NULL, 3),
(523, 145, NULL, 2),
(523, 209, NULL, 1),
(524, 185, NULL, 3),
(524, 217, NULL, 1),
(524, 240, NULL, 4),
(524, 261, NULL, 2),
(525, 110, NULL, 4),
(525, 156, NULL, 3),
(525, 235, NULL, 2),
(525, 260, NULL, 1),
(526, 8, NULL, 3),
(526, 58, NULL, 1),
(526, 163, NULL, 2),
(526, 236, NULL, 4),
(527, 8, NULL, 3),
(527, 144, NULL, 2),
(527, 219, NULL, 4),
(527, 246, NULL, 1),
(528, 114, NULL, 2),
(528, 198, NULL, 1),
(528, 210, NULL, 3),
(528, 340, NULL, 4),
(529, 5, NULL, 2),
(529, 10, NULL, 4),
(529, 165, NULL, 3),
(529, 372, NULL, 1),
(530, 214, NULL, 3),
(530, 285, NULL, 2),
(530, 311, NULL, 4),
(530, 358, NULL, 1),
(531, 211, NULL, 3),
(531, 312, NULL, 4),
(531, 334, NULL, 2),
(531, 340, NULL, 1),
(532, 179, NULL, 2),
(532, 221, 55, 4),
(532, 248, NULL, 3),
(532, 374, NULL, 1),
(533, 74, NULL, 2),
(533, 214, NULL, 3),
(533, 258, NULL, 4),
(533, 260, NULL, 1),
(534, 5, NULL, 1),
(534, 88, NULL, 4),
(534, 145, NULL, 2),
(534, 170, NULL, 3),
(535, 56, NULL, 4),
(535, 84, NULL, 2),
(535, 145, NULL, 1),
(535, 221, NULL, 3),
(536, 165, NULL, 1),
(536, 169, NULL, 2),
(536, 255, NULL, 3),
(536, 305, NULL, 4),
(537, 146, NULL, 1),
(537, 165, NULL, 2),
(537, 217, NULL, 4),
(537, 251, NULL, 3),
(538, 75, NULL, 2),
(538, 88, NULL, 4),
(538, 117, NULL, 3),
(538, 145, NULL, 1),
(539, 39, NULL, 2),
(539, 164, NULL, 1),
(539, 169, NULL, 4),
(539, 210, NULL, 3),
(540, 7, NULL, 3),
(540, 13, NULL, 4),
(540, 116, NULL, 2),
(540, 196, NULL, 1),
(541, 117, NULL, 2),
(541, 170, NULL, 4),
(541, 197, NULL, 1),
(541, 232, NULL, 3),
(542, 6, NULL, 3),
(542, 52, NULL, 4),
(542, 148, NULL, 2),
(542, 372, NULL, 1),
(543, 127, NULL, 3),
(543, 199, NULL, 1),
(543, 203, NULL, 2),
(543, 251, NULL, 4),
(544, 170, NULL, 3),
(544, 251, NULL, 2),
(544, 318, NULL, 1),
(544, 327, NULL, 4),
(545, 211, NULL, 1),
(545, 214, NULL, 4),
(545, 234, NULL, 3),
(545, 250, NULL, 2),
(546, 82, NULL, 3),
(546, 128, NULL, 4),
(546, 316, NULL, 1),
(546, 340, NULL, 2),
(547, 266, NULL, 3),
(547, 287, NULL, 2),
(547, 328, NULL, 4),
(547, 335, NULL, 1),
(548, 44, NULL, 3),
(548, 45, NULL, 2),
(548, 75, NULL, 1),
(548, 270, NULL, 4),
(549, 5, NULL, 1),
(549, 85, NULL, 4),
(549, 122, NULL, 3),
(549, 372, NULL, 2),
(550, 172, NULL, 4),
(550, 265, NULL, 2),
(550, 321, NULL, 3),
(550, 336, NULL, 1),
(551, 44, NULL, 2),
(551, 116, NULL, 1),
(551, 123, NULL, 4),
(551, 170, NULL, 3),
(552, 6, 25, 3),
(552, 150, 52, 4),
(552, 163, NULL, 1),
(552, 165, NULL, 2),
(553, 41, NULL, 1),
(553, 81, NULL, 3),
(553, 93, NULL, 4),
(553, 119, NULL, 2),
(554, 233, NULL, 3),
(554, 299, NULL, 1),
(554, 318, NULL, 2),
(554, 327, NULL, 4),
(555, 285, NULL, 3),
(555, 287, NULL, 4),
(555, 317, NULL, 1),
(555, 319, NULL, 2),
(556, 127, NULL, 4),
(556, 196, NULL, 1),
(556, 199, NULL, 2),
(556, 201, NULL, 3),
(557, 210, NULL, 1),
(557, 214, NULL, 2),
(557, 220, NULL, 3),
(557, 225, NULL, 4),
(558, 40, NULL, 2),
(558, 55, NULL, 4),
(558, 145, NULL, 1),
(558, 187, NULL, 3),
(559, 151, NULL, 2),
(559, 152, NULL, 4),
(559, 248, NULL, 1),
(559, 341, NULL, 3),
(560, 247, NULL, 2),
(560, 277, NULL, 4),
(560, 316, NULL, 1),
(560, 341, NULL, 3),
(561, 183, NULL, 4),
(561, 259, NULL, 1),
(561, 334, NULL, 2),
(561, 348, NULL, 3),
(562, 170, NULL, 4),
(562, 173, NULL, 1),
(562, 199, NULL, 3),
(562, 261, NULL, 2),
(563, 168, NULL, 2),
(563, 169, NULL, 4),
(563, 186, NULL, 3),
(563, 228, NULL, 1),
(564, 3, NULL, 1),
(564, 79, NULL, 2),
(564, 180, NULL, 3),
(564, 185, NULL, 4),
(565, 265, NULL, 2),
(565, 281, NULL, 1),
(565, 286, NULL, 3),
(565, 344, NULL, 4),
(566, 46, NULL, 4),
(566, 184, NULL, 3),
(566, 209, NULL, 1),
(566, 254, NULL, 2),
(567, 197, NULL, 3),
(567, 210, NULL, 2),
(567, 251, NULL, 4),
(567, 376, NULL, 1),
(568, 199, NULL, 2),
(568, 203, NULL, 3),
(568, 210, NULL, 1),
(568, 255, NULL, 4),
(569, 6, NULL, 2),
(569, 76, NULL, 1),
(569, 123, NULL, 4),
(569, 213, NULL, 3),
(570, 43, NULL, 2),
(570, 148, NULL, 1),
(570, 156, 60, 4),
(570, 235, NULL, 3),
(571, 130, NULL, 4),
(571, 197, NULL, 2),
(571, 231, NULL, 1),
(571, 234, NULL, 3),
(572, 3, NULL, 2),
(572, 182, NULL, 1),
(572, 190, NULL, 4),
(572, 235, NULL, 3),
(573, 148, NULL, 2),
(573, 308, NULL, 3),
(573, 318, NULL, 1),
(573, 327, NULL, 4),
(574, 166, NULL, 2),
(574, 237, NULL, 4),
(574, 319, NULL, 1),
(574, 340, NULL, 3),
(575, 84, NULL, 4),
(575, 170, NULL, 2),
(575, 202, NULL, 3),
(575, 261, NULL, 1),
(576, 237, NULL, 4),
(576, 247, NULL, 2),
(576, 262, NULL, 1),
(576, 272, NULL, 3),
(577, 39, NULL, 1),
(577, 147, NULL, 2),
(577, 158, NULL, 4),
(577, 188, NULL, 3),
(578, 182, NULL, 1),
(578, 214, NULL, 3),
(578, 234, NULL, 2),
(578, 322, NULL, 4),
(579, 99, NULL, 4),
(579, 123, NULL, 2),
(579, 194, NULL, 1),
(579, 201, NULL, 3),
(580, 209, NULL, 1),
(580, 221, NULL, 2),
(580, 236, NULL, 4),
(580, 371, NULL, 3),
(581, 74, NULL, 3),
(581, 163, NULL, 2),
(581, 338, NULL, 1),
(581, 352, NULL, 4),
(582, 10, NULL, 3),
(582, 53, 54, 4),
(582, 115, NULL, 1),
(582, 169, NULL, 2),
(583, 228, NULL, 4),
(583, 229, NULL, 3),
(583, 310, NULL, 2),
(583, 315, NULL, 1),
(584, 4, NULL, 1),
(584, 151, NULL, 3),
(584, 166, NULL, 2),
(584, 237, NULL, 4),
(585, 30, 70, 4),
(585, 58, NULL, 3),
(585, 185, NULL, 2),
(585, 356, NULL, 1),
(586, 35, NULL, 2),
(586, 157, NULL, 4),
(586, 165, NULL, 3),
(586, 230, NULL, 1),
(587, 40, NULL, 4),
(587, 48, NULL, 2),
(587, 194, NULL, 3),
(587, 226, NULL, 1),
(588, 150, NULL, 3),
(588, 172, NULL, 4),
(588, 211, NULL, 2),
(588, 227, NULL, 1),
(589, 49, NULL, 1),
(589, 145, NULL, 3),
(589, 197, NULL, 2),
(589, 230, NULL, 4),
(590, 164, NULL, 1),
(590, 184, NULL, 4),
(590, 238, NULL, 3),
(590, 250, NULL, 2),
(591, 1, NULL, 3),
(591, 7, NULL, 2),
(591, 210, NULL, 1),
(591, 266, NULL, 4),
(592, 12, NULL, 4),
(592, 42, NULL, 1),
(592, 45, NULL, 3),
(592, 122, NULL, 2),
(593, 285, NULL, 3),
(593, 301, NULL, 2),
(593, 346, NULL, 4),
(593, 371, NULL, 1),
(594, 78, NULL, 4),
(594, 199, NULL, 2),
(594, 226, NULL, 3),
(594, 268, NULL, 1),
(595, 248, NULL, 3),
(595, 307, NULL, 4),
(595, 315, NULL, 1),
(595, 338, NULL, 2),
(596, 130, 8, 4),
(596, 198, NULL, 3),
(596, 206, NULL, 2),
(596, 365, NULL, 1),
(597, 4, NULL, 2),
(597, 148, NULL, 1),
(597, 171, NULL, 3),
(597, 346, NULL, 4),
(598, 81, NULL, 4),
(598, 149, NULL, 3),
(598, 229, NULL, 1),
(598, 240, NULL, 2),
(599, 79, NULL, 3),
(599, 117, NULL, 2),
(599, 121, NULL, 4),
(599, 194, NULL, 1),
(600, 149, NULL, 1),
(600, 179, NULL, 3),
(600, 215, NULL, 4),
(600, 232, NULL, 2),
(601, 149, NULL, 3),
(601, 227, NULL, 1),
(601, 230, NULL, 2),
(601, 251, NULL, 4),
(602, 214, NULL, 3),
(602, 251, NULL, 2),
(602, 256, NULL, 4),
(602, 261, NULL, 1),
(603, 242, NULL, 4),
(603, 299, NULL, 2),
(603, 309, NULL, 3),
(603, 378, NULL, 1),
(604, 196, NULL, 1),
(604, 203, NULL, 3),
(604, 262, NULL, 2),
(604, 271, NULL, 4),
(605, 245, NULL, 2),
(605, 287, NULL, 1),
(605, 290, NULL, 4),
(605, 359, NULL, 3),
(606, 35, NULL, 3),
(606, 183, NULL, 2),
(606, 229, NULL, 4),
(606, 309, NULL, 1),
(607, 178, NULL, 1),
(607, 211, NULL, 2),
(607, 248, NULL, 3),
(607, 372, NULL, 4),
(608, 9, NULL, 1),
(608, 39, NULL, 2),
(608, 128, NULL, 4),
(608, 203, NULL, 3),
(609, 182, NULL, 2),
(609, 190, NULL, 3),
(609, 193, NULL, 4),
(609, 229, NULL, 1),
(610, 13, NULL, 3),
(610, 144, NULL, 2),
(610, 195, NULL, 4),
(610, 212, NULL, 1),
(611, 197, NULL, 1),
(611, 213, NULL, 2),
(611, 291, NULL, 3),
(611, 310, NULL, 4),
(612, 92, NULL, 3),
(612, 151, NULL, 2),
(612, 161, NULL, 4),
(612, 211, NULL, 1),
(613, 84, NULL, 1),
(613, 138, NULL, 4),
(613, 180, NULL, 2),
(613, 194, NULL, 3),
(614, 214, NULL, 3),
(614, 260, NULL, 1),
(614, 330, NULL, 4),
(614, 337, NULL, 2),
(615, 53, NULL, 1),
(615, 114, NULL, 3),
(615, 198, NULL, 2),
(615, 228, NULL, 4),
(616, 117, NULL, 1),
(616, 200, NULL, 2),
(616, 202, 47, 4),
(616, 214, NULL, 3),
(617, 74, NULL, 1),
(617, 89, NULL, 4),
(617, 145, NULL, 2),
(617, 187, NULL, 3),
(618, 42, NULL, 2),
(618, 99, NULL, 4),
(618, 117, NULL, 3),
(618, 195, NULL, 1),
(619, 133, NULL, 4),
(619, 148, NULL, 2),
(619, 306, NULL, 3),
(619, 354, NULL, 1),
(620, 46, NULL, 3),
(620, 78, NULL, 1),
(620, 200, NULL, 4),
(620, 303, NULL, 2),
(621, 6, 6, 4),
(621, 144, NULL, 2),
(621, 166, NULL, 3),
(621, 371, NULL, 1),
(622, 53, NULL, 4),
(622, 170, NULL, 3),
(622, 248, NULL, 2),
(622, 260, NULL, 1),
(623, 232, NULL, 4),
(623, 300, NULL, 3),
(623, 322, NULL, 1),
(623, 347, NULL, 2),
(624, 178, NULL, 2),
(624, 238, NULL, 3),
(624, 345, NULL, 4),
(624, 353, NULL, 1),
(625, 227, NULL, 2),
(625, 265, 54, 4),
(625, 285, NULL, 3),
(625, 291, NULL, 1),
(626, 163, NULL, 1),
(626, 214, NULL, 3),
(626, 232, NULL, 2),
(626, 309, NULL, 4),
(627, 132, NULL, 4),
(627, 159, NULL, 3),
(627, 213, NULL, 2),
(627, 234, NULL, 1),
(628, 9, NULL, 1),
(628, 158, NULL, 4),
(628, 202, NULL, 3),
(628, 234, NULL, 2),
(629, 52, NULL, 3),
(629, 60, NULL, 4),
(629, 175, NULL, 2),
(629, 365, NULL, 1),
(630, 164, NULL, 2),
(630, 215, NULL, 3),
(630, 230, NULL, 1),
(630, 271, NULL, 4),
(631, 47, NULL, 4),
(631, 182, NULL, 1),
(631, 190, NULL, 2),
(631, 194, NULL, 3),
(632, 37, NULL, 1),
(632, 67, NULL, 3),
(632, 126, NULL, 2),
(632, 376, NULL, 4),
(633, 214, NULL, 3),
(633, 220, NULL, 4),
(633, 338, NULL, 1),
(633, 345, NULL, 2),
(634, 48, NULL, 4),
(634, 148, NULL, 2),
(634, 178, NULL, 1),
(634, 250, NULL, 3),
(635, 129, NULL, 2),
(635, 178, NULL, 3),
(635, 206, NULL, 4),
(635, 254, NULL, 1),
(636, 25, NULL, 3),
(636, 162, NULL, 2),
(636, 234, NULL, 4),
(636, 260, NULL, 1),
(637, 13, NULL, 4),
(637, 210, NULL, 2),
(637, 214, NULL, 3),
(637, 229, NULL, 1),
(638, 82, NULL, 2),
(638, 116, NULL, 1),
(638, 183, NULL, 4),
(638, 304, NULL, 3),
(639, 49, NULL, 4),
(639, 78, NULL, 3),
(639, 114, NULL, 2),
(639, 179, NULL, 1),
(640, 8, NULL, 2),
(640, 165, NULL, 3),
(640, 178, NULL, 1),
(640, 234, NULL, 4),
(641, 49, NULL, 4),
(641, 77, NULL, 2),
(641, 84, NULL, 3),
(641, 172, NULL, 1),
(642, 321, NULL, 2),
(642, 325, NULL, 3),
(642, 335, NULL, 1),
(642, 348, NULL, 4),
(643, 74, NULL, 1),
(643, 89, NULL, 4),
(643, 197, NULL, 2),
(643, 248, NULL, 3),
(644, 45, NULL, 2),
(644, 114, NULL, 3),
(644, 230, NULL, 1),
(644, 345, NULL, 4),
(645, 36, NULL, 2),
(645, 99, NULL, 4),
(645, 145, NULL, 1),
(645, 205, NULL, 3),
(646, 1, NULL, 1),
(646, 149, NULL, 2),
(646, 156, NULL, 4),
(646, 235, NULL, 3),
(647, 156, NULL, 4),
(647, 197, NULL, 3),
(647, 213, NULL, 2),
(647, 353, NULL, 1),
(648, 275, NULL, 4),
(648, 319, NULL, 1),
(648, 321, NULL, 2),
(648, 329, NULL, 3),
(649, 122, NULL, 2),
(649, 127, NULL, 4),
(649, 147, NULL, 1),
(649, 168, NULL, 3),
(650, 281, NULL, 2),
(650, 303, NULL, 3),
(650, 344, NULL, 4),
(650, 367, NULL, 1),
(651, 318, NULL, 2),
(651, 321, NULL, 3),
(651, 327, NULL, 4),
(651, 366, NULL, 1),
(652, 159, 25, 3),
(652, 209, NULL, 2),
(652, 225, NULL, 4),
(652, 365, NULL, 1),
(653, 282, NULL, 2),
(653, 285, NULL, 3),
(653, 295, NULL, 4),
(653, 318, NULL, 1),
(654, 43, NULL, 1),
(654, 173, NULL, 4),
(654, 180, NULL, 3),
(654, 246, NULL, 2),
(655, 162, NULL, 1),
(655, 174, NULL, 4),
(655, 231, NULL, 3),
(655, 366, NULL, 2),
(656, 267, NULL, 4),
(656, 302, NULL, 2),
(656, 334, NULL, 1),
(656, 341, NULL, 3),
(657, 180, NULL, 2),
(657, 229, NULL, 1),
(657, 264, NULL, 3),
(657, 275, NULL, 4),
(658, 169, NULL, 3),
(658, 234, NULL, 2),
(658, 256, NULL, 4),
(658, 360, NULL, 1),
(659, 1, NULL, 3),
(659, 156, 55, 4),
(659, 178, NULL, 2),
(659, 355, NULL, 1),
(660, 166, NULL, 2),
(660, 170, NULL, 3),
(660, 234, NULL, 1),
(660, 287, NULL, 4),
(661, 261, NULL, 3),
(661, 282, NULL, 4),
(661, 315, NULL, 1),
(661, 335, NULL, 2),
(662, 194, NULL, 2),
(662, 252, NULL, 3),
(662, 273, NULL, 4),
(662, 361, NULL, 1),
(663, 192, NULL, 4),
(663, 251, 50, 1),
(663, 254, 52, 2),
(663, 255, 55, 3),
(664, 39, NULL, 2),
(664, 121, NULL, 3),
(664, 122, NULL, 4),
(664, 164, NULL, 1),
(665, 245, NULL, 2),
(665, 320, NULL, 1),
(665, 321, NULL, 3),
(665, 348, NULL, 4),
(666, 152, NULL, 2),
(666, 169, NULL, 3),
(666, 194, NULL, 1),
(666, 236, NULL, 4),
(667, 84, NULL, 1),
(667, 180, NULL, 2),
(667, 190, NULL, 3),
(667, 226, NULL, 4),
(668, 209, NULL, 1),
(668, 260, NULL, 2),
(668, 266, NULL, 3),
(668, 346, NULL, 4),
(669, 13, NULL, 2),
(669, 262, NULL, 3),
(669, 334, NULL, 1),
(669, 348, NULL, 4),
(670, 209, NULL, 4),
(670, 267, NULL, 3),
(670, 285, NULL, 1),
(670, 310, NULL, 2),
(671, 30, NULL, 4),
(671, 80, NULL, 3);
INSERT INTO `player_learns_hissatsu` (`player_id`, `item_hissatsu_id`, `learn_lv`, `learn_order`) VALUES
(671, 194, NULL, 2),
(671, 352, NULL, 1),
(672, 35, NULL, 2),
(672, 116, NULL, 3),
(672, 199, NULL, 1),
(672, 242, NULL, 4),
(673, 45, NULL, 1),
(673, 50, NULL, 2),
(673, 67, NULL, 4),
(673, 242, NULL, 3),
(674, 147, NULL, 2),
(674, 168, NULL, 3),
(674, 195, NULL, 1),
(674, 279, NULL, 4),
(675, 14, NULL, 4),
(675, 170, NULL, 3),
(675, 214, NULL, 2),
(675, 321, NULL, 1),
(676, 111, NULL, 2),
(676, 122, NULL, 4),
(676, 145, NULL, 1),
(676, 169, NULL, 3),
(677, 3, NULL, 2),
(677, 47, NULL, 4),
(677, 229, NULL, 3),
(677, 254, NULL, 1),
(678, 40, NULL, 2),
(678, 81, NULL, 4),
(678, 144, NULL, 1),
(678, 149, NULL, 3),
(679, 116, NULL, 1),
(679, 119, NULL, 2),
(679, 187, NULL, 4),
(679, 203, NULL, 3),
(680, 41, NULL, 2),
(680, 53, NULL, 4),
(680, 166, NULL, 1),
(680, 270, NULL, 3),
(681, 182, NULL, 2),
(681, 193, NULL, 4),
(681, 215, NULL, 3),
(681, 227, NULL, 1),
(682, 228, NULL, 2),
(682, 234, NULL, 3),
(682, 274, NULL, 4),
(682, 366, NULL, 1),
(683, 53, NULL, 4),
(683, 89, NULL, 3),
(683, 116, NULL, 1),
(683, 260, NULL, 2),
(684, 151, NULL, 4),
(684, 218, NULL, 3),
(684, 229, NULL, 1),
(684, 234, NULL, 2),
(685, 213, NULL, 2),
(685, 226, NULL, 1),
(685, 237, NULL, 4),
(685, 248, NULL, 3),
(686, 221, NULL, 3),
(686, 290, NULL, 4),
(686, 335, NULL, 1),
(686, 338, NULL, 2),
(687, 211, NULL, 2),
(687, 212, NULL, 3),
(687, 222, NULL, 4),
(687, 226, NULL, 1),
(688, 60, NULL, 2),
(688, 162, NULL, 3),
(688, 309, NULL, 1),
(688, 366, NULL, 4),
(689, 3, NULL, 1),
(689, 82, NULL, 2),
(689, 259, NULL, 4),
(689, 262, NULL, 3),
(690, 75, NULL, 2),
(690, 118, NULL, 1),
(690, 185, NULL, 4),
(690, 248, NULL, 3),
(691, 114, NULL, 1),
(691, 116, NULL, 2),
(691, 208, NULL, 3),
(691, 228, NULL, 4),
(692, 227, NULL, 1),
(692, 267, NULL, 4),
(692, 285, NULL, 3),
(692, 300, NULL, 2),
(693, 256, NULL, 3),
(693, 319, NULL, 1),
(693, 320, NULL, 2),
(693, 341, NULL, 4),
(694, 234, NULL, 3),
(694, 311, NULL, 4),
(694, 318, NULL, 2),
(694, 335, NULL, 1),
(695, 74, NULL, 1),
(695, 81, NULL, 4),
(695, 96, NULL, 3),
(695, 163, NULL, 2),
(696, 79, NULL, 2),
(696, 164, NULL, 4),
(696, 199, NULL, 3),
(696, 230, NULL, 1),
(697, 35, NULL, 1),
(697, 81, NULL, 3),
(697, 146, NULL, 2),
(697, 246, NULL, 4),
(698, 117, NULL, 2),
(698, 122, NULL, 3),
(698, 127, NULL, 4),
(698, 185, NULL, 1),
(699, 79, NULL, 3),
(699, 178, NULL, 1),
(699, 185, NULL, 4),
(699, 251, NULL, 2),
(700, 2, NULL, 1),
(700, 80, NULL, 4),
(700, 172, NULL, 3),
(700, 246, NULL, 2),
(701, 43, NULL, 1),
(701, 152, NULL, 3),
(701, 246, NULL, 2),
(701, 346, NULL, 4),
(702, 36, NULL, 1),
(702, 117, NULL, 3),
(702, 124, NULL, 4),
(702, 249, NULL, 2),
(703, 2, NULL, 1),
(703, 7, NULL, 2),
(703, 10, NULL, 3),
(703, 215, NULL, 4),
(704, 164, NULL, 3),
(704, 165, NULL, 4),
(704, 179, NULL, 2),
(704, 264, NULL, 1),
(705, 35, NULL, 3),
(705, 51, NULL, 4),
(705, 169, NULL, 1),
(705, 267, NULL, 2),
(706, 84, NULL, 4),
(706, 145, NULL, 2),
(706, 152, NULL, 3),
(706, 374, NULL, 1),
(707, 6, NULL, 1),
(707, 7, NULL, 3),
(707, 146, NULL, 2),
(707, 165, NULL, 4),
(708, 77, NULL, 1),
(708, 166, NULL, 2),
(708, 179, NULL, 3),
(708, 251, NULL, 4),
(709, 79, NULL, 4),
(709, 84, NULL, 2),
(709, 267, NULL, 3),
(709, 318, NULL, 1),
(710, 116, NULL, 2),
(710, 153, NULL, 1),
(710, 211, NULL, 3),
(710, 239, NULL, 4),
(711, 39, NULL, 3),
(711, 188, NULL, 4),
(711, 211, NULL, 2),
(711, 230, NULL, 1),
(712, 167, NULL, 1),
(712, 204, NULL, 4),
(712, 234, NULL, 3),
(712, 261, NULL, 2),
(713, 212, NULL, 2),
(713, 289, NULL, 4),
(713, 302, NULL, 3),
(713, 317, NULL, 1),
(714, 45, NULL, 4),
(714, 145, NULL, 1),
(714, 180, NULL, 3),
(714, 237, NULL, 2),
(715, 171, NULL, 3),
(715, 260, NULL, 4),
(715, 320, NULL, 1),
(715, 325, NULL, 2),
(716, 97, 45, 4),
(716, 115, NULL, 1),
(716, 150, NULL, 2),
(716, 153, NULL, 3),
(717, 234, NULL, 3),
(717, 299, NULL, 1),
(717, 301, NULL, 2),
(717, 350, NULL, 4),
(718, 144, NULL, 1),
(718, 162, NULL, 3),
(718, 188, NULL, 4),
(718, 211, NULL, 2),
(719, 194, NULL, 3),
(719, 319, NULL, 2),
(719, 330, NULL, 4),
(719, 377, NULL, 1),
(720, 136, NULL, 4),
(720, 172, NULL, 3),
(720, 178, NULL, 1),
(720, 232, NULL, 2),
(721, 8, NULL, 4),
(721, 144, NULL, 1),
(721, 185, NULL, 2),
(721, 188, NULL, 3),
(722, 38, NULL, 2),
(722, 42, NULL, 3),
(722, 51, NULL, 4),
(722, 375, NULL, 1),
(723, 6, NULL, 3),
(723, 174, 25, 2),
(723, 194, NULL, 1),
(723, 229, NULL, 4),
(724, 178, NULL, 1),
(724, 253, NULL, 3),
(724, 255, NULL, 4),
(724, 366, NULL, 2),
(725, 164, NULL, 2),
(725, 231, NULL, 1),
(725, 240, NULL, 3),
(725, 248, NULL, 4),
(726, 197, NULL, 2),
(726, 259, NULL, 1),
(726, 263, NULL, 4),
(726, 273, NULL, 3),
(727, 165, NULL, 2),
(727, 169, NULL, 3),
(727, 242, NULL, 4),
(727, 352, NULL, 1),
(728, 169, NULL, 3),
(728, 194, NULL, 2),
(728, 210, NULL, 1),
(728, 236, NULL, 4),
(729, 12, NULL, 4),
(729, 121, NULL, 2),
(729, 149, NULL, 3),
(729, 210, NULL, 1),
(730, 51, NULL, 3),
(730, 198, NULL, 2),
(730, 248, NULL, 4),
(730, 305, NULL, 1),
(731, 254, NULL, 4),
(731, 315, NULL, 1),
(731, 328, NULL, 3),
(731, 359, NULL, 2),
(732, 93, NULL, 3),
(732, 264, NULL, 2),
(732, 275, NULL, 4),
(732, 370, NULL, 1),
(733, 262, NULL, 2),
(733, 334, NULL, 1),
(733, 341, NULL, 3),
(733, 348, NULL, 4),
(734, 144, NULL, 1),
(734, 188, NULL, 4),
(734, 251, NULL, 2),
(734, 255, NULL, 3),
(735, 74, NULL, 2),
(735, 167, NULL, 1),
(735, 189, NULL, 4),
(735, 213, NULL, 3),
(736, 56, NULL, 3),
(736, 180, NULL, 2),
(736, 185, NULL, 4),
(736, 226, NULL, 1),
(737, 40, NULL, 4),
(737, 145, NULL, 1),
(737, 165, NULL, 2),
(737, 187, NULL, 3),
(738, 169, NULL, 2),
(738, 173, NULL, 3),
(738, 238, NULL, 4),
(738, 367, NULL, 1),
(739, 3, NULL, 1),
(739, 81, NULL, 4),
(739, 152, NULL, 2),
(739, 246, NULL, 3),
(740, 50, NULL, 2),
(740, 110, NULL, 4),
(740, 185, NULL, 3),
(740, 368, NULL, 1),
(741, 25, NULL, 4),
(741, 85, NULL, 3),
(741, 315, NULL, 1),
(741, 323, NULL, 2),
(742, 213, NULL, 2),
(742, 308, NULL, 1),
(742, 325, NULL, 3),
(742, 335, NULL, 4),
(743, 76, NULL, 2),
(743, 115, NULL, 1),
(743, 166, NULL, 4),
(743, 311, NULL, 3),
(744, 44, NULL, 3),
(744, 152, NULL, 2),
(744, 212, NULL, 4),
(744, 354, NULL, 1),
(745, 315, NULL, 1),
(745, 318, NULL, 2),
(745, 323, NULL, 4),
(745, 346, NULL, 3),
(746, 4, NULL, 1),
(746, 7, NULL, 2),
(746, 21, NULL, 4),
(746, 211, NULL, 3),
(747, 209, NULL, 1),
(747, 249, NULL, 3),
(747, 251, NULL, 4),
(747, 335, NULL, 2),
(748, 179, NULL, 2),
(748, 282, NULL, 1),
(748, 303, NULL, 3),
(748, 328, 51, 4),
(749, 4, NULL, 2),
(749, 75, NULL, 1),
(749, 122, NULL, 4),
(749, 247, NULL, 3),
(750, 121, NULL, 3),
(750, 164, NULL, 1),
(750, 199, NULL, 4),
(750, 215, NULL, 2),
(751, 120, NULL, 1),
(751, 126, NULL, 3),
(751, 185, NULL, 4),
(751, 286, NULL, 2),
(752, 77, NULL, 1),
(752, 97, NULL, 4),
(752, 180, NULL, 2),
(752, 206, NULL, 3),
(753, 87, NULL, 4),
(753, 229, NULL, 1),
(753, 268, NULL, 2),
(753, 289, NULL, 3),
(754, 148, NULL, 2),
(754, 200, NULL, 3),
(754, 251, NULL, 4),
(754, 365, NULL, 1),
(755, 41, NULL, 2),
(755, 88, NULL, 3),
(755, 109, NULL, 4),
(755, 357, NULL, 1),
(756, 76, NULL, 1),
(756, 100, NULL, 4),
(756, 179, NULL, 2),
(756, 252, NULL, 3),
(757, 114, NULL, 1),
(757, 119, NULL, 4),
(757, 127, NULL, 2),
(757, 268, NULL, 3),
(758, 45, NULL, 3),
(758, 48, NULL, 4),
(758, 115, NULL, 1),
(758, 144, NULL, 2),
(759, 2, NULL, 1),
(759, 81, NULL, 3),
(759, 84, NULL, 4),
(759, 246, NULL, 2),
(760, 185, NULL, 2),
(760, 199, NULL, 3),
(760, 227, NULL, 1),
(760, 255, NULL, 4),
(761, 3, NULL, 1),
(761, 89, NULL, 4),
(761, 211, NULL, 2),
(761, 219, NULL, 3),
(762, 279, NULL, 4),
(762, 284, NULL, 2),
(762, 300, NULL, 1),
(762, 322, NULL, 3),
(763, 185, NULL, 4),
(763, 199, NULL, 2),
(763, 245, NULL, 1),
(763, 252, NULL, 3),
(764, 88, NULL, 3),
(764, 92, NULL, 4),
(764, 178, NULL, 2),
(764, 374, NULL, 1),
(765, 167, NULL, 4),
(765, 174, NULL, 3),
(765, 259, NULL, 1),
(765, 260, NULL, 2),
(766, 84, NULL, 1),
(766, 93, NULL, 4),
(766, 170, NULL, 2),
(766, 251, NULL, 3),
(767, 195, NULL, 1),
(767, 199, NULL, 2),
(767, 205, 70, 4),
(767, 271, NULL, 3),
(768, 230, NULL, 2),
(768, 254, NULL, 3),
(768, 282, NULL, 1),
(768, 311, NULL, 4),
(769, 146, NULL, 4),
(769, 147, NULL, 3),
(769, 250, NULL, 2),
(769, 258, NULL, 1),
(770, 210, NULL, 2),
(770, 294, NULL, 4),
(770, 319, NULL, 1),
(770, 322, NULL, 3),
(771, 38, NULL, 1),
(771, 103, NULL, 2),
(771, 157, NULL, 3),
(771, 226, NULL, 4),
(772, 163, NULL, 2),
(772, 186, 54, 4),
(772, 229, NULL, 3),
(772, 352, NULL, 1),
(773, 210, NULL, 2),
(773, 281, NULL, 1),
(773, 285, NULL, 4),
(773, 302, NULL, 3),
(774, 3, NULL, 2),
(774, 6, NULL, 4),
(774, 18, NULL, 1),
(774, 148, NULL, 3),
(775, 161, NULL, 4),
(775, 227, NULL, 2),
(775, 260, NULL, 1),
(775, 264, NULL, 3),
(776, 147, NULL, 2),
(776, 215, NULL, 3),
(776, 230, NULL, 1),
(776, 255, NULL, 4),
(777, 89, NULL, 4),
(777, 171, NULL, 3),
(777, 194, NULL, 2),
(777, 236, NULL, 1),
(778, 40, NULL, 3),
(778, 194, NULL, 1),
(778, 196, NULL, 2),
(778, 254, NULL, 4),
(779, 247, NULL, 4),
(779, 251, NULL, 3),
(779, 316, NULL, 1),
(779, 320, NULL, 2),
(780, 215, NULL, 3),
(780, 230, NULL, 1),
(780, 232, NULL, 2),
(780, 279, NULL, 4),
(781, 173, NULL, 3),
(781, 235, NULL, 2),
(781, 285, NULL, 1),
(781, 373, NULL, 4),
(782, 81, NULL, 2),
(782, 133, NULL, 4),
(782, 201, NULL, 3),
(782, 362, NULL, 1),
(783, 10, NULL, 4),
(783, 76, NULL, 1),
(783, 125, NULL, 3),
(783, 163, NULL, 2),
(784, 133, NULL, 4),
(784, 230, NULL, 1),
(784, 271, NULL, 2),
(784, 378, NULL, 3),
(785, 78, NULL, 2),
(785, 153, NULL, 3),
(785, 259, NULL, 1),
(785, 361, NULL, 4),
(786, 39, NULL, 2),
(786, 165, NULL, 1),
(786, 168, NULL, 4),
(786, 234, NULL, 3),
(787, 52, NULL, 2),
(787, 150, NULL, 3),
(787, 210, NULL, 4),
(787, 355, NULL, 1),
(788, 147, NULL, 1),
(788, 260, NULL, 2),
(788, 274, NULL, 4),
(788, 370, NULL, 3),
(789, 23, NULL, 4),
(789, 41, NULL, 1),
(789, 55, NULL, 2),
(789, 62, NULL, 3),
(790, 3, NULL, 2),
(790, 57, NULL, 4),
(790, 113, NULL, 1),
(790, 146, NULL, 3),
(791, 18, NULL, 3),
(791, 179, NULL, 1),
(791, 191, NULL, 2),
(791, 252, NULL, 4),
(792, 192, NULL, 3),
(792, 290, NULL, 4),
(792, 334, NULL, 1),
(792, 338, NULL, 2),
(793, 124, NULL, 3),
(793, 320, NULL, 1),
(793, 330, NULL, 4),
(793, 336, NULL, 2),
(794, 16, NULL, 2),
(794, 36, NULL, 1),
(794, 216, NULL, 4),
(794, 235, NULL, 3),
(795, 304, NULL, 3),
(795, 305, NULL, 2),
(795, 348, NULL, 4),
(795, 359, NULL, 1),
(796, 197, NULL, 4),
(796, 209, NULL, 2),
(796, 213, NULL, 1),
(796, 250, NULL, 3),
(797, 187, NULL, 3),
(797, 198, NULL, 2),
(797, 278, NULL, 4),
(797, 356, NULL, 1),
(798, 179, NULL, 1),
(798, 180, NULL, 4),
(798, 196, NULL, 2),
(798, 263, NULL, 3),
(799, 102, NULL, 4),
(799, 114, NULL, 2),
(799, 122, NULL, 3),
(799, 363, NULL, 1),
(800, 74, NULL, 1),
(800, 123, NULL, 2),
(800, 202, NULL, 4),
(800, 203, NULL, 3),
(801, 179, NULL, 2),
(801, 197, NULL, 3),
(801, 229, NULL, 1),
(801, 344, NULL, 4),
(802, 3, NULL, 2),
(802, 52, 72, 4),
(802, 360, NULL, 3),
(802, 377, NULL, 1),
(803, 40, NULL, 2),
(803, 144, NULL, 4),
(803, 194, NULL, 1),
(803, 208, NULL, 3),
(804, 56, NULL, 4),
(804, 116, NULL, 1),
(804, 151, NULL, 3),
(804, 197, NULL, 2),
(805, 95, NULL, 2),
(805, 107, NULL, 3),
(805, 252, NULL, 1),
(805, 257, NULL, 4),
(806, 77, NULL, 2),
(806, 82, NULL, 4),
(806, 166, NULL, 3),
(806, 227, NULL, 1),
(807, 205, NULL, 4),
(807, 259, NULL, 1),
(807, 262, NULL, 2),
(807, 270, NULL, 3),
(808, 16, NULL, 4),
(808, 44, NULL, 3),
(808, 153, NULL, 2),
(808, 261, NULL, 1),
(809, 48, NULL, 3),
(809, 114, NULL, 2),
(809, 203, NULL, 4),
(809, 256, NULL, 1),
(810, 180, NULL, 2),
(810, 249, NULL, 3),
(810, 299, NULL, 1),
(810, 320, NULL, 4),
(811, 38, NULL, 2),
(811, 45, NULL, 3),
(811, 52, 57, 4),
(811, 363, NULL, 1),
(812, 180, NULL, 1),
(812, 247, NULL, 3),
(812, 258, NULL, 4),
(812, 363, NULL, 2),
(813, 149, NULL, 3),
(813, 300, NULL, 1),
(813, 307, NULL, 4),
(813, 318, NULL, 2),
(814, 166, NULL, 2),
(814, 185, NULL, 4),
(814, 210, NULL, 1),
(814, 214, NULL, 3),
(815, 248, NULL, 3),
(815, 286, NULL, 4),
(815, 302, NULL, 1),
(815, 339, NULL, 2),
(816, 114, NULL, 1),
(816, 127, NULL, 2),
(816, 178, NULL, 3),
(816, 276, NULL, 4),
(817, 42, NULL, 3),
(817, 117, NULL, 2),
(817, 128, NULL, 4),
(817, 196, NULL, 1),
(818, 147, NULL, 1),
(818, 227, NULL, 4),
(818, 244, NULL, 3),
(818, 307, NULL, 2),
(819, 39, NULL, 2),
(819, 222, NULL, 4),
(819, 231, NULL, 3),
(819, 260, NULL, 1),
(820, 122, NULL, 4),
(820, 172, NULL, 1),
(820, 180, NULL, 2),
(820, 232, NULL, 3),
(821, 178, NULL, 2),
(821, 185, NULL, 3),
(821, 226, NULL, 1),
(821, 265, NULL, 4),
(822, 79, NULL, 2),
(822, 87, NULL, 4),
(822, 146, NULL, 1),
(822, 179, NULL, 3),
(823, 218, NULL, 3),
(823, 242, NULL, 4),
(823, 246, NULL, 1),
(823, 249, NULL, 2),
(824, 119, NULL, 2),
(824, 281, NULL, 1),
(824, 302, NULL, 3),
(824, 340, NULL, 4),
(825, 46, NULL, 3),
(825, 183, NULL, 4),
(825, 215, NULL, 2),
(825, 368, NULL, 1),
(826, 178, NULL, 3),
(826, 315, NULL, 1),
(826, 317, NULL, 2),
(826, 341, NULL, 4),
(827, 52, NULL, 2),
(827, 59, NULL, 3),
(827, 162, NULL, 1),
(827, 378, NULL, 4),
(828, 144, NULL, 1),
(828, 205, NULL, 4),
(828, 231, NULL, 2),
(828, 253, NULL, 3),
(829, 163, NULL, 1),
(829, 169, NULL, 2),
(829, 216, NULL, 3),
(829, 268, NULL, 4),
(830, 18, NULL, 3),
(830, 114, NULL, 2),
(830, 116, NULL, 1),
(830, 151, NULL, 4),
(831, 79, NULL, 4),
(831, 213, NULL, 2),
(831, 228, NULL, 1),
(831, 248, NULL, 3),
(832, 40, NULL, 3),
(832, 185, NULL, 4),
(832, 231, NULL, 2),
(832, 260, NULL, 1),
(833, 170, NULL, 3),
(833, 179, NULL, 2),
(833, 231, NULL, 1),
(833, 236, NULL, 4),
(834, 82, NULL, 3),
(834, 116, NULL, 2),
(834, 318, NULL, 4),
(834, 372, NULL, 1),
(835, 74, NULL, 1),
(835, 82, NULL, 4),
(835, 179, NULL, 3),
(835, 348, NULL, 2),
(836, 39, NULL, 1),
(836, 58, NULL, 2),
(836, 70, NULL, 4),
(836, 211, NULL, 3),
(837, 124, NULL, 3),
(837, 165, NULL, 1),
(837, 346, NULL, 4),
(837, 378, NULL, 2),
(838, 39, NULL, 1),
(838, 55, NULL, 4),
(838, 148, NULL, 2),
(838, 151, NULL, 3),
(839, 39, NULL, 2),
(839, 49, NULL, 1),
(839, 211, NULL, 3),
(839, 214, NULL, 4),
(840, 229, NULL, 1),
(840, 232, NULL, 2),
(840, 237, NULL, 3),
(840, 311, NULL, 4),
(841, 334, NULL, 3),
(841, 345, NULL, 4),
(841, 353, NULL, 1),
(841, 372, NULL, 2),
(842, 145, NULL, 2),
(842, 186, NULL, 3),
(842, 228, NULL, 4),
(842, 322, NULL, 1),
(843, 36, NULL, 1),
(843, 37, NULL, 2),
(843, 60, NULL, 4),
(843, 151, NULL, 3),
(844, 180, NULL, 2),
(844, 195, NULL, 1),
(844, 225, NULL, 4),
(844, 231, NULL, 3),
(845, 308, NULL, 3),
(845, 322, NULL, 2),
(845, 335, NULL, 1),
(845, 344, NULL, 4),
(846, 138, NULL, 4),
(846, 245, NULL, 1),
(846, 266, NULL, 3),
(846, 368, NULL, 2),
(847, 252, NULL, 3),
(847, 285, NULL, 2),
(847, 287, 55, 4),
(847, 299, NULL, 1),
(848, 3, NULL, 2),
(848, 80, NULL, 3),
(848, 84, NULL, 4),
(848, 194, NULL, 1),
(849, 301, NULL, 1),
(849, 304, NULL, 2),
(849, 311, NULL, 3),
(849, 314, NULL, 4),
(850, 2, NULL, 1),
(850, 39, NULL, 4),
(850, 211, NULL, 2),
(850, 256, NULL, 3),
(851, 18, NULL, 4),
(851, 77, NULL, 2),
(851, 146, NULL, 1),
(851, 168, NULL, 3),
(852, 231, NULL, 2),
(852, 248, NULL, 4),
(852, 316, NULL, 1),
(852, 321, NULL, 3),
(853, 178, NULL, 2),
(853, 249, NULL, 3),
(853, 261, NULL, 1),
(853, 324, NULL, 4),
(854, 55, NULL, 2),
(854, 185, NULL, 4),
(854, 229, NULL, 1),
(854, 252, NULL, 3),
(855, 302, NULL, 2),
(855, 306, NULL, 4),
(855, 323, NULL, 3),
(855, 334, NULL, 1),
(856, 194, NULL, 3),
(856, 196, NULL, 4),
(856, 249, NULL, 2),
(856, 277, NULL, 1),
(857, 2, NULL, 1),
(857, 39, NULL, 4),
(857, 165, NULL, 3),
(857, 221, NULL, 2),
(858, 127, 69, 4),
(858, 146, NULL, 1),
(858, 168, NULL, 2),
(858, 170, NULL, 3),
(859, 147, NULL, 3),
(859, 280, NULL, 1),
(859, 288, NULL, 2),
(859, 290, NULL, 4),
(860, 178, NULL, 2),
(860, 210, NULL, 3),
(860, 299, NULL, 1),
(860, 319, NULL, 4),
(861, 150, NULL, 2),
(861, 171, 41, 4),
(861, 178, NULL, 1),
(861, 200, NULL, 3),
(862, 42, NULL, 2),
(862, 74, NULL, 1),
(862, 91, NULL, 3),
(862, 180, NULL, 4),
(863, 198, NULL, 2),
(863, 273, NULL, 3),
(863, 318, NULL, 1),
(863, 338, NULL, 4),
(864, 40, NULL, 2),
(864, 145, NULL, 1),
(864, 183, NULL, 3),
(864, 233, NULL, 4),
(865, 3, NULL, 3),
(865, 145, NULL, 1),
(865, 226, NULL, 2),
(865, 251, NULL, 4),
(866, 197, NULL, 1),
(866, 333, NULL, 4),
(866, 336, NULL, 2),
(866, 339, NULL, 3),
(867, 6, NULL, 2),
(867, 145, NULL, 1),
(867, 172, NULL, 4),
(867, 251, NULL, 3),
(868, 123, NULL, 2),
(868, 148, NULL, 3),
(868, 306, NULL, 4),
(868, 335, NULL, 1),
(869, 202, NULL, 3),
(869, 231, NULL, 2),
(869, 285, NULL, 1),
(869, 294, 55, 4),
(870, 115, NULL, 1),
(870, 168, NULL, 2),
(870, 232, NULL, 3),
(870, 249, NULL, 4),
(871, 163, NULL, 2),
(871, 230, NULL, 3),
(871, 232, NULL, 4),
(871, 378, NULL, 1),
(872, 13, NULL, 2),
(872, 38, NULL, 1),
(872, 49, NULL, 4),
(872, 260, NULL, 3),
(873, 92, NULL, 3),
(873, 145, NULL, 2),
(873, 187, NULL, 4),
(873, 378, NULL, 1),
(874, 101, NULL, 3),
(874, 191, NULL, 4),
(874, 210, NULL, 1),
(874, 271, NULL, 2),
(875, 231, NULL, 2),
(875, 254, NULL, 4),
(875, 317, NULL, 1),
(875, 343, NULL, 3),
(876, 39, NULL, 2),
(876, 117, NULL, 1),
(876, 170, NULL, 4),
(876, 215, NULL, 3),
(877, 245, NULL, 1),
(877, 259, NULL, 2),
(877, 263, NULL, 3),
(877, 269, NULL, 4),
(878, 281, NULL, 2),
(878, 288, NULL, 3),
(878, 290, 7, 4),
(878, 334, NULL, 1),
(879, 1, NULL, 1),
(879, 126, NULL, 2),
(879, 152, NULL, 3),
(879, 253, NULL, 4),
(880, 173, NULL, 3),
(880, 235, NULL, 2),
(880, 355, NULL, 1),
(880, 378, NULL, 4),
(881, 35, NULL, 1),
(881, 263, NULL, 2),
(881, 269, NULL, 3),
(881, 275, NULL, 4),
(882, 154, NULL, 4),
(882, 289, NULL, 2),
(882, 319, NULL, 1),
(882, 342, NULL, 3),
(883, 92, NULL, 4),
(883, 119, NULL, 1),
(883, 167, NULL, 2),
(883, 189, NULL, 3),
(884, 118, NULL, 2),
(884, 203, NULL, 4),
(884, 251, NULL, 3),
(884, 352, NULL, 1),
(885, 26, NULL, 4),
(885, 130, NULL, 3),
(885, 152, NULL, 2),
(885, 375, NULL, 1),
(886, 43, NULL, 2),
(886, 144, NULL, 1),
(886, 235, 9, 4),
(886, 250, NULL, 3),
(887, 150, NULL, 4),
(887, 283, NULL, 3),
(887, 287, NULL, 1),
(887, 311, NULL, 2),
(888, 35, NULL, 4),
(888, 38, NULL, 3),
(888, 210, NULL, 1),
(888, 228, NULL, 2),
(889, 27, NULL, 4),
(889, 79, NULL, 2),
(889, 164, NULL, 1),
(889, 179, NULL, 3),
(890, 247, NULL, 3),
(890, 303, NULL, 4),
(890, 315, NULL, 1),
(890, 329, NULL, 2),
(891, 43, NULL, 1),
(891, 58, NULL, 4),
(891, 179, NULL, 2),
(891, 248, NULL, 3),
(892, 5, NULL, 3),
(892, 127, NULL, 4),
(892, 209, NULL, 2),
(892, 264, NULL, 1),
(893, 260, NULL, 1),
(893, 278, NULL, 4),
(893, 334, NULL, 2),
(893, 341, NULL, 3),
(894, 81, NULL, 3),
(894, 149, 51, 4),
(894, 163, NULL, 1),
(894, 235, NULL, 2),
(895, 84, NULL, 3),
(895, 247, NULL, 2),
(895, 272, 48, 4),
(895, 361, NULL, 1),
(896, 38, NULL, 3),
(896, 129, 7, 4),
(896, 200, NULL, 2),
(896, 355, NULL, 1),
(897, 209, NULL, 1),
(897, 212, NULL, 2),
(897, 217, NULL, 4),
(897, 252, NULL, 3),
(898, 251, NULL, 2),
(898, 315, NULL, 1),
(898, 325, NULL, 4),
(898, 341, NULL, 3),
(899, 170, NULL, 2),
(899, 246, NULL, 1),
(899, 248, NULL, 3),
(899, 270, NULL, 4),
(900, 195, NULL, 1),
(900, 202, NULL, 2),
(900, 206, NULL, 4),
(900, 214, NULL, 3),
(901, 1, NULL, 2),
(901, 76, NULL, 3),
(901, 92, NULL, 4),
(901, 178, NULL, 1),
(902, 16, NULL, 4),
(902, 165, NULL, 3),
(902, 209, NULL, 1),
(902, 251, NULL, 2),
(903, 81, NULL, 2),
(903, 166, NULL, 4),
(903, 214, NULL, 1),
(903, 261, NULL, 3),
(904, 35, NULL, 2),
(904, 76, NULL, 1),
(904, 158, NULL, 3),
(904, 221, NULL, 4),
(905, 166, NULL, 4),
(905, 178, NULL, 1),
(905, 261, NULL, 2),
(905, 267, NULL, 3),
(906, 220, NULL, 4),
(906, 285, NULL, 2),
(906, 289, NULL, 3),
(906, 366, NULL, 1),
(907, 316, NULL, 1),
(907, 341, NULL, 3),
(907, 349, NULL, 4),
(907, 377, NULL, 2),
(908, 9, NULL, 2),
(908, 15, NULL, 3),
(908, 221, NULL, 4),
(908, 374, NULL, 1),
(909, 180, NULL, 3),
(909, 234, NULL, 2),
(909, 330, NULL, 4),
(909, 337, NULL, 1),
(910, 7, NULL, 2),
(910, 10, NULL, 4),
(910, 164, NULL, 1),
(910, 236, NULL, 3),
(911, 61, NULL, 4),
(911, 209, NULL, 1),
(911, 231, NULL, 2),
(911, 251, NULL, 3),
(912, 8, NULL, 2),
(912, 74, NULL, 1),
(912, 170, NULL, 3),
(912, 207, NULL, 4),
(913, 10, NULL, 3),
(913, 152, NULL, 2),
(913, 159, 52, 4),
(913, 364, NULL, 1),
(914, 35, NULL, 1),
(914, 119, NULL, 3),
(914, 129, NULL, 4),
(914, 165, NULL, 2),
(915, 26, 63, 4),
(915, 187, NULL, 2),
(915, 210, NULL, 1),
(915, 235, NULL, 3),
(916, 45, NULL, 2),
(916, 119, NULL, 3),
(916, 239, NULL, 4),
(916, 355, NULL, 1),
(917, 14, NULL, 1),
(917, 56, NULL, 2),
(917, 133, NULL, 3),
(917, 365, NULL, 4),
(918, 208, NULL, 4),
(918, 232, NULL, 2),
(918, 261, NULL, 1),
(918, 267, NULL, 3),
(919, 43, NULL, 1),
(919, 125, NULL, 4),
(919, 150, NULL, 3),
(919, 306, NULL, 2),
(920, 270, NULL, 2),
(920, 280, NULL, 1),
(920, 289, NULL, 4),
(920, 337, NULL, 3),
(921, 114, NULL, 1),
(921, 116, NULL, 2),
(921, 122, NULL, 3),
(921, 123, NULL, 4),
(922, 39, NULL, 2),
(922, 171, NULL, 3),
(922, 227, NULL, 1),
(922, 249, NULL, 4),
(923, 122, NULL, 4),
(923, 180, NULL, 2),
(923, 229, NULL, 1),
(923, 270, NULL, 3),
(924, 39, NULL, 2),
(924, 45, NULL, 3),
(924, 149, 9, 4),
(924, 367, NULL, 1),
(925, 6, NULL, 2),
(925, 18, NULL, 4),
(925, 151, NULL, 3),
(925, 377, NULL, 1),
(926, 127, NULL, 4),
(926, 196, NULL, 1),
(926, 197, NULL, 2),
(926, 247, NULL, 3),
(927, 74, NULL, 1),
(927, 82, NULL, 2),
(927, 88, NULL, 3),
(927, 252, NULL, 4),
(928, 41, NULL, 2),
(928, 321, NULL, 3),
(928, 330, NULL, 4),
(928, 337, NULL, 1),
(929, 100, 6, 4),
(929, 114, NULL, 2),
(929, 245, NULL, 3),
(929, 259, NULL, 1),
(930, 197, NULL, 2),
(930, 209, NULL, 1),
(930, 220, NULL, 4),
(930, 246, NULL, 3),
(931, 36, NULL, 3),
(931, 128, NULL, 4),
(931, 214, NULL, 1),
(931, 220, NULL, 2),
(932, 52, NULL, 4),
(932, 164, NULL, 1),
(932, 175, NULL, 3),
(932, 318, NULL, 2),
(933, 221, NULL, 3),
(933, 259, NULL, 1),
(933, 269, NULL, 2),
(933, 272, NULL, 4),
(934, 184, NULL, 3),
(934, 295, 42, 4),
(934, 302, NULL, 1),
(934, 307, NULL, 2),
(935, 242, NULL, 4),
(935, 259, NULL, 1),
(935, 260, NULL, 2),
(935, 273, NULL, 3),
(936, 146, NULL, 2),
(936, 147, NULL, 3),
(936, 239, NULL, 4),
(936, 260, NULL, 1),
(937, 135, NULL, 2),
(937, 151, NULL, 4),
(937, 172, NULL, 1),
(937, 212, NULL, 3),
(938, 119, NULL, 2),
(938, 200, NULL, 1),
(938, 202, NULL, 4),
(938, 366, NULL, 3),
(939, 40, NULL, 4),
(939, 113, NULL, 2),
(939, 153, NULL, 3),
(939, 367, NULL, 1),
(940, 37, NULL, 1),
(940, 42, NULL, 2),
(940, 52, NULL, 3),
(940, 225, NULL, 4),
(941, 227, NULL, 2),
(941, 282, NULL, 3),
(941, 284, NULL, 4),
(941, 300, NULL, 1),
(942, 40, NULL, 3),
(942, 179, NULL, 2),
(942, 234, NULL, 1),
(942, 237, NULL, 4),
(943, 75, NULL, 1),
(943, 91, NULL, 4),
(943, 248, NULL, 3),
(943, 283, NULL, 2),
(944, 42, NULL, 3),
(944, 122, NULL, 4),
(944, 180, NULL, 2),
(944, 226, NULL, 1),
(945, 205, NULL, 2),
(945, 262, NULL, 1),
(945, 266, NULL, 3),
(945, 299, NULL, 4),
(946, 7, NULL, 2),
(946, 38, NULL, 1),
(946, 136, NULL, 4),
(946, 180, NULL, 3),
(947, 131, 45, 4),
(947, 199, NULL, 1),
(947, 215, NULL, 2),
(947, 226, NULL, 3),
(948, 39, NULL, 3),
(948, 51, NULL, 4),
(948, 166, NULL, 2),
(948, 227, NULL, 1),
(949, 79, NULL, 3),
(949, 81, NULL, 1),
(949, 237, NULL, 2),
(949, 261, NULL, 4),
(950, 180, NULL, 1),
(950, 232, NULL, 2),
(950, 234, NULL, 4),
(950, 273, NULL, 3),
(951, 76, NULL, 2),
(951, 195, NULL, 1),
(951, 280, NULL, 3),
(951, 324, NULL, 4),
(952, 286, NULL, 4),
(952, 335, NULL, 1),
(952, 337, NULL, 2),
(952, 341, NULL, 3),
(953, 3, NULL, 1),
(953, 80, NULL, 3),
(953, 81, NULL, 4),
(953, 144, NULL, 2),
(954, 41, NULL, 1),
(954, 49, NULL, 4),
(954, 179, NULL, 2),
(954, 227, NULL, 3),
(955, 180, NULL, 3),
(955, 251, NULL, 2),
(955, 296, NULL, 4),
(955, 315, NULL, 1),
(956, 164, NULL, 2),
(956, 316, NULL, 3),
(956, 335, NULL, 1),
(956, 340, NULL, 4),
(957, 91, NULL, 4),
(957, 144, NULL, 2),
(957, 185, NULL, 3),
(957, 210, NULL, 1),
(958, 3, NULL, 1),
(958, 44, NULL, 2),
(958, 155, 57, 4),
(958, 214, NULL, 3),
(959, 2, NULL, 1),
(959, 26, NULL, 4),
(959, 146, NULL, 2),
(959, 153, NULL, 3),
(960, 230, NULL, 2),
(960, 237, NULL, 4),
(960, 335, NULL, 1),
(960, 340, NULL, 3),
(961, 122, NULL, 3),
(961, 197, NULL, 1),
(961, 203, NULL, 2),
(961, 237, NULL, 4),
(962, 166, NULL, 2),
(962, 170, NULL, 4),
(962, 236, NULL, 3),
(962, 276, NULL, 1),
(963, 169, NULL, 2),
(963, 202, NULL, 1),
(963, 237, NULL, 3),
(963, 240, NULL, 4),
(964, 227, NULL, 2),
(964, 254, 53, 4),
(964, 300, NULL, 1),
(964, 348, NULL, 3),
(965, 307, NULL, 2),
(965, 320, NULL, 1),
(965, 343, NULL, 3),
(965, 359, NULL, 4),
(966, 38, NULL, 1),
(966, 53, NULL, 4),
(966, 166, NULL, 2),
(966, 170, NULL, 3),
(967, 115, NULL, 1),
(967, 182, NULL, 2),
(967, 202, NULL, 4),
(967, 266, NULL, 3),
(968, 170, NULL, 3),
(968, 198, NULL, 2),
(968, 218, NULL, 4),
(968, 252, NULL, 1),
(969, 14, 53, 4),
(969, 181, NULL, 2),
(969, 228, NULL, 1),
(969, 246, NULL, 3),
(970, 8, NULL, 4),
(970, 182, NULL, 3),
(970, 218, NULL, 2),
(970, 372, NULL, 1),
(971, 122, NULL, 3),
(971, 151, NULL, 4),
(971, 164, NULL, 2),
(971, 194, NULL, 1),
(972, 4, NULL, 1),
(972, 199, NULL, 3),
(972, 204, NULL, 4),
(972, 259, NULL, 2),
(973, 38, NULL, 1),
(973, 42, NULL, 3),
(973, 49, NULL, 4),
(973, 197, NULL, 2),
(974, 198, NULL, 3),
(974, 246, NULL, 2),
(974, 347, NULL, 4),
(974, 377, NULL, 1),
(975, 125, 55, 4),
(975, 150, NULL, 3),
(975, 231, NULL, 2),
(975, 261, NULL, 1),
(976, 227, NULL, 3),
(976, 248, NULL, 1),
(976, 252, NULL, 2),
(976, 257, NULL, 4),
(977, 7, NULL, 3),
(977, 106, NULL, 4),
(977, 229, NULL, 1),
(977, 252, NULL, 2),
(978, 3, NULL, 1),
(978, 21, NULL, 3),
(978, 152, NULL, 4),
(978, 219, NULL, 2),
(979, 84, NULL, 3),
(979, 178, 45, 4),
(979, 185, NULL, 1),
(979, 364, NULL, 2),
(980, 41, NULL, 3),
(980, 103, NULL, 4),
(980, 227, NULL, 2),
(980, 370, NULL, 1),
(981, 102, NULL, 3),
(981, 124, NULL, 2),
(981, 132, NULL, 4),
(981, 178, NULL, 1),
(982, 260, NULL, 2),
(982, 275, NULL, 4),
(982, 284, NULL, 3),
(982, 371, NULL, 1),
(983, 7, NULL, 3),
(983, 35, NULL, 1),
(983, 173, 55, 4),
(983, 209, NULL, 2),
(984, 36, NULL, 1),
(984, 52, NULL, 4),
(984, 85, NULL, 3),
(984, 353, NULL, 2),
(985, 6, NULL, 2),
(985, 172, NULL, 4),
(985, 180, NULL, 1),
(985, 251, NULL, 3),
(986, 278, NULL, 4),
(986, 316, NULL, 2),
(986, 334, NULL, 1),
(986, 346, NULL, 3),
(987, 68, NULL, 4),
(987, 76, NULL, 2),
(987, 199, NULL, 3),
(987, 354, NULL, 1),
(988, 6, NULL, 1),
(988, 82, NULL, 3),
(988, 149, NULL, 2),
(988, 172, NULL, 4),
(989, 82, NULL, 1),
(989, 126, NULL, 3),
(989, 254, NULL, 4),
(989, 266, NULL, 2),
(990, 81, NULL, 2),
(990, 122, NULL, 1),
(990, 203, NULL, 4),
(990, 253, NULL, 3),
(991, 46, NULL, 4),
(991, 169, NULL, 3),
(991, 215, NULL, 2),
(991, 235, NULL, 1),
(992, 128, NULL, 3),
(992, 153, 52, 4),
(992, 253, NULL, 2),
(992, 367, NULL, 1),
(993, 225, NULL, 4),
(993, 251, NULL, 3),
(993, 260, NULL, 1),
(993, 374, NULL, 2),
(994, 226, NULL, 1),
(994, 232, NULL, 3),
(994, 281, NULL, 2),
(994, 307, NULL, 4),
(995, 82, NULL, 3),
(995, 117, NULL, 2),
(995, 128, NULL, 4),
(995, 197, NULL, 1),
(996, 183, NULL, 3),
(996, 285, NULL, 4),
(996, 305, NULL, 2),
(996, 317, NULL, 1),
(997, 251, NULL, 3),
(997, 280, NULL, 1),
(997, 282, NULL, 2),
(997, 322, NULL, 4),
(998, 2, NULL, 1),
(998, 192, NULL, 4),
(998, 209, NULL, 2),
(998, 211, NULL, 3),
(999, 125, NULL, 3),
(999, 178, NULL, 1),
(999, 214, NULL, 4),
(999, 227, NULL, 2),
(1000, 221, NULL, 3),
(1000, 247, NULL, 1),
(1000, 323, NULL, 4),
(1000, 337, NULL, 2),
(1001, 115, NULL, 1),
(1001, 159, NULL, 3),
(1001, 210, NULL, 2),
(1001, 254, NULL, 4),
(1002, 147, NULL, 2),
(1002, 157, NULL, 4),
(1002, 197, NULL, 3),
(1002, 228, NULL, 1),
(1003, 82, NULL, 4),
(1003, 179, NULL, 3),
(1003, 197, NULL, 2),
(1003, 253, NULL, 1),
(1004, 46, NULL, 4),
(1004, 149, NULL, 3),
(1004, 163, NULL, 2),
(1004, 366, NULL, 1),
(1005, 2, NULL, 1),
(1005, 130, NULL, 4),
(1005, 147, NULL, 3),
(1005, 366, NULL, 2),
(1006, 75, NULL, 1),
(1006, 123, NULL, 2),
(1006, 138, NULL, 4),
(1006, 188, NULL, 3),
(1007, 164, NULL, 3),
(1007, 229, NULL, 4),
(1007, 315, NULL, 1),
(1007, 321, NULL, 2),
(1008, 157, 58, 4),
(1008, 170, NULL, 3),
(1008, 232, NULL, 1),
(1008, 234, NULL, 2),
(1009, 15, NULL, 3),
(1009, 179, NULL, 2),
(1009, 227, NULL, 1),
(1009, 248, NULL, 4),
(1010, 121, NULL, 3),
(1010, 164, NULL, 1),
(1010, 187, NULL, 4),
(1010, 230, NULL, 2),
(1011, 4, NULL, 2),
(1011, 75, NULL, 1),
(1011, 191, NULL, 4),
(1011, 211, NULL, 3),
(1012, 47, NULL, 3),
(1012, 122, NULL, 4),
(1012, 204, NULL, 2),
(1012, 259, NULL, 1),
(1013, 7, NULL, 3),
(1013, 149, NULL, 2),
(1013, 185, NULL, 4),
(1013, 254, NULL, 1),
(1014, 47, NULL, 1),
(1014, 256, NULL, 3),
(1014, 261, NULL, 2),
(1014, 340, NULL, 4),
(1015, 83, NULL, 3),
(1015, 162, NULL, 1),
(1015, 194, NULL, 2),
(1015, 217, NULL, 4),
(1016, 79, NULL, 3),
(1016, 196, NULL, 2),
(1016, 221, NULL, 4),
(1016, 259, NULL, 1),
(1017, 6, NULL, 3),
(1017, 144, NULL, 1),
(1017, 185, NULL, 2),
(1017, 214, NULL, 4),
(1018, 179, NULL, 3),
(1018, 232, NULL, 2),
(1018, 299, NULL, 1),
(1018, 309, NULL, 4),
(1019, 254, NULL, 3),
(1019, 288, NULL, 2),
(1019, 310, NULL, 4),
(1019, 352, NULL, 1),
(1020, 113, NULL, 2),
(1020, 127, NULL, 3),
(1020, 233, NULL, 1),
(1020, 248, NULL, 4),
(1021, 37, NULL, 2),
(1021, 83, NULL, 3),
(1021, 236, NULL, 4),
(1021, 366, NULL, 1),
(1022, 82, NULL, 1),
(1022, 301, NULL, 3),
(1022, 327, NULL, 4),
(1022, 341, NULL, 2),
(1023, 2, NULL, 2),
(1023, 36, NULL, 3),
(1023, 155, NULL, 1),
(1023, 232, NULL, 4),
(1024, 39, NULL, 2),
(1024, 57, NULL, 4),
(1024, 200, NULL, 3),
(1024, 355, NULL, 1),
(1025, 35, NULL, 1),
(1025, 99, NULL, 4),
(1025, 230, NULL, 2),
(1025, 261, NULL, 3),
(1026, 117, NULL, 1),
(1026, 150, 46, 4),
(1026, 178, NULL, 2),
(1026, 206, NULL, 3),
(1027, 43, NULL, 2),
(1027, 139, NULL, 4),
(1027, 173, NULL, 3),
(1027, 355, NULL, 1),
(1028, 36, NULL, 1),
(1028, 119, NULL, 2),
(1028, 172, 56, 4),
(1028, 255, NULL, 3),
(1029, 114, NULL, 2),
(1029, 123, NULL, 4),
(1029, 247, NULL, 1),
(1029, 368, NULL, 3),
(1030, 191, NULL, 3),
(1030, 280, NULL, 1),
(1030, 319, NULL, 2),
(1030, 323, NULL, 4),
(1031, 152, NULL, 3),
(1031, 252, NULL, 2),
(1031, 271, 54, 4),
(1031, 354, NULL, 1),
(1032, 252, NULL, 3),
(1032, 318, NULL, 2),
(1032, 319, NULL, 1),
(1032, 327, NULL, 4),
(1033, 12, NULL, 4),
(1033, 77, NULL, 2),
(1033, 178, NULL, 1),
(1033, 181, NULL, 3),
(1034, 123, NULL, 4),
(1034, 194, NULL, 2),
(1034, 222, NULL, 3),
(1034, 268, NULL, 1),
(1035, 280, NULL, 1),
(1035, 331, NULL, 4),
(1035, 337, NULL, 2),
(1035, 360, NULL, 3),
(1036, 9, NULL, 4),
(1036, 15, NULL, 3),
(1036, 197, NULL, 2),
(1036, 210, NULL, 1),
(1037, 165, NULL, 2),
(1037, 187, NULL, 3),
(1037, 232, NULL, 4),
(1037, 260, NULL, 1),
(1038, 232, NULL, 3),
(1038, 300, NULL, 2),
(1038, 309, NULL, 4),
(1038, 372, NULL, 1),
(1039, 153, NULL, 3),
(1039, 261, NULL, 2),
(1039, 279, NULL, 4),
(1039, 366, NULL, 1),
(1040, 229, NULL, 1),
(1040, 262, NULL, 2),
(1040, 269, NULL, 4),
(1040, 273, NULL, 3),
(1041, 8, NULL, 2),
(1041, 192, 58, 4),
(1041, 213, NULL, 3),
(1041, 377, NULL, 1),
(1042, 47, NULL, 3),
(1042, 209, NULL, 1),
(1042, 265, NULL, 4),
(1042, 378, NULL, 2),
(1043, 209, NULL, 2),
(1043, 225, NULL, 4),
(1043, 315, NULL, 1),
(1043, 340, NULL, 3),
(1044, 190, NULL, 2),
(1044, 193, NULL, 4),
(1044, 229, NULL, 1),
(1044, 266, NULL, 3),
(1045, 166, NULL, 2),
(1045, 229, NULL, 1),
(1045, 232, NULL, 3),
(1045, 324, NULL, 4),
(1046, 151, NULL, 2),
(1046, 192, NULL, 4),
(1046, 229, NULL, 3),
(1046, 315, NULL, 1),
(1047, 252, NULL, 4),
(1047, 299, NULL, 1),
(1047, 320, NULL, 3),
(1047, 345, NULL, 2),
(1048, 7, NULL, 4),
(1048, 40, NULL, 1),
(1048, 185, NULL, 2),
(1048, 232, NULL, 3),
(1049, 7, NULL, 3),
(1049, 85, NULL, 4),
(1049, 252, NULL, 2),
(1049, 352, NULL, 1),
(1050, 58, NULL, 2),
(1050, 211, NULL, 3),
(1050, 281, NULL, 1),
(1050, 290, NULL, 4),
(1051, 315, NULL, 1),
(1051, 318, NULL, 2),
(1051, 327, NULL, 3),
(1051, 346, NULL, 4),
(1052, 4, NULL, 1),
(1052, 15, NULL, 4),
(1052, 117, NULL, 2),
(1052, 202, NULL, 3),
(1053, 196, NULL, 3),
(1053, 233, NULL, 1),
(1053, 260, NULL, 2),
(1053, 267, NULL, 4),
(1054, 81, NULL, 3),
(1054, 147, NULL, 1),
(1054, 234, NULL, 4),
(1054, 235, NULL, 2),
(1055, 232, NULL, 3),
(1055, 278, NULL, 4),
(1055, 341, NULL, 2),
(1055, 371, NULL, 1),
(1056, 116, NULL, 1),
(1056, 149, NULL, 2),
(1056, 199, NULL, 3),
(1056, 276, NULL, 4),
(1057, 16, NULL, 1),
(1057, 179, NULL, 3),
(1057, 180, NULL, 2),
(1057, 227, NULL, 4),
(1058, 26, 50, 4),
(1058, 174, NULL, 3),
(1058, 226, NULL, 1),
(1058, 299, NULL, 2),
(1059, 251, NULL, 2),
(1059, 280, NULL, 1),
(1059, 284, NULL, 3),
(1059, 290, NULL, 4),
(1060, 119, NULL, 2),
(1060, 185, NULL, 3),
(1060, 209, NULL, 1),
(1060, 254, NULL, 4),
(1061, 81, NULL, 3),
(1061, 149, NULL, 4),
(1061, 163, NULL, 1),
(1061, 179, NULL, 2),
(1062, 35, NULL, 1),
(1062, 44, NULL, 4),
(1062, 78, NULL, 3),
(1062, 265, NULL, 2),
(1063, 37, NULL, 1),
(1063, 40, NULL, 3),
(1063, 58, NULL, 4),
(1063, 165, NULL, 2),
(1064, 335, NULL, 1),
(1064, 337, NULL, 2),
(1064, 345, NULL, 4),
(1064, 359, NULL, 3),
(1065, 234, NULL, 3),
(1065, 315, NULL, 1),
(1065, 325, NULL, 4),
(1065, 358, NULL, 2),
(1066, 182, NULL, 3),
(1066, 234, NULL, 4),
(1066, 260, NULL, 1),
(1066, 272, NULL, 2),
(1067, 39, NULL, 3),
(1067, 101, NULL, 4),
(1067, 194, NULL, 1),
(1067, 230, NULL, 2),
(1068, 75, NULL, 3),
(1068, 126, NULL, 4),
(1068, 226, NULL, 1),
(1068, 230, NULL, 2),
(1069, 162, NULL, 1),
(1069, 181, NULL, 2),
(1069, 184, NULL, 3),
(1069, 242, NULL, 4),
(1070, 164, NULL, 1),
(1070, 207, NULL, 3),
(1070, 246, NULL, 2),
(1070, 271, NULL, 4),
(1071, 42, NULL, 1),
(1071, 44, NULL, 4),
(1071, 122, NULL, 2),
(1071, 319, NULL, 3),
(1072, 144, NULL, 1),
(1072, 214, NULL, 3),
(1072, 311, NULL, 4),
(1072, 341, NULL, 2),
(1073, 51, NULL, 1),
(1073, 170, NULL, 3),
(1073, 179, NULL, 2),
(1073, 261, NULL, 4),
(1074, 148, NULL, 3),
(1074, 285, NULL, 1),
(1074, 302, NULL, 4),
(1074, 317, NULL, 2),
(1075, 259, NULL, 4),
(1075, 315, NULL, 1),
(1075, 318, NULL, 2),
(1075, 327, NULL, 3),
(1076, 35, NULL, 1),
(1076, 42, NULL, 2),
(1076, 48, NULL, 4),
(1076, 122, NULL, 3),
(1077, 166, NULL, 2),
(1077, 227, NULL, 1),
(1077, 236, NULL, 4),
(1077, 248, NULL, 3),
(1078, 36, NULL, 1),
(1078, 119, NULL, 3),
(1078, 148, NULL, 2),
(1078, 152, NULL, 4),
(1079, 56, NULL, 3),
(1079, 152, NULL, 2),
(1079, 235, NULL, 4),
(1079, 357, NULL, 1),
(1080, 172, NULL, 3),
(1080, 231, NULL, 2),
(1080, 318, NULL, 1),
(1080, 327, NULL, 4),
(1081, 1, NULL, 2),
(1081, 14, NULL, 4),
(1081, 45, NULL, 3),
(1081, 367, NULL, 1),
(1082, 79, NULL, 3),
(1082, 182, NULL, 2),
(1082, 190, NULL, 4),
(1082, 260, NULL, 1),
(1083, 2, NULL, 1),
(1083, 38, NULL, 2),
(1083, 60, NULL, 4),
(1083, 149, NULL, 3),
(1084, 44, NULL, 3),
(1084, 151, NULL, 1),
(1084, 179, NULL, 2),
(1084, 353, NULL, 4),
(1085, 88, NULL, 1),
(1085, 95, NULL, 4),
(1085, 251, NULL, 3),
(1085, 252, NULL, 2),
(1086, 263, NULL, 2),
(1086, 269, NULL, 4),
(1086, 348, NULL, 3),
(1086, 371, NULL, 1),
(1087, 14, NULL, 3),
(1087, 117, NULL, 2),
(1087, 175, NULL, 4),
(1087, 178, NULL, 1),
(1088, 182, NULL, 2),
(1088, 228, NULL, 1),
(1088, 242, NULL, 4),
(1088, 251, NULL, 3),
(1089, 125, NULL, 3),
(1089, 165, NULL, 2),
(1089, 169, NULL, 4),
(1089, 377, NULL, 1),
(1090, 163, NULL, 2),
(1090, 179, NULL, 4),
(1090, 226, NULL, 1),
(1090, 261, NULL, 3),
(1091, 119, NULL, 3),
(1091, 210, NULL, 2),
(1091, 215, NULL, 4),
(1091, 281, NULL, 1),
(1092, 247, NULL, 1),
(1092, 262, NULL, 2),
(1092, 263, NULL, 4),
(1092, 266, NULL, 3),
(1093, 47, NULL, 3),
(1093, 116, NULL, 2),
(1093, 259, NULL, 1),
(1093, 262, NULL, 4),
(1094, 173, NULL, 3),
(1094, 179, NULL, 2),
(1094, 210, NULL, 1),
(1094, 340, NULL, 4),
(1095, 14, NULL, 4),
(1095, 227, NULL, 1),
(1095, 234, NULL, 3),
(1095, 318, NULL, 2),
(1096, 280, NULL, 1),
(1096, 318, NULL, 2),
(1096, 328, NULL, 4),
(1096, 338, NULL, 3),
(1097, 75, NULL, 1),
(1097, 77, NULL, 2),
(1097, 124, NULL, 4),
(1097, 151, NULL, 3),
(1098, 263, NULL, 2),
(1098, 338, NULL, 4),
(1098, 340, NULL, 3),
(1098, 377, NULL, 1),
(1099, 227, NULL, 2),
(1099, 237, NULL, 4),
(1099, 287, NULL, 1),
(1099, 299, NULL, 3),
(1100, 185, NULL, 4),
(1100, 197, NULL, 1),
(1100, 262, NULL, 2),
(1100, 270, NULL, 3),
(1101, 251, NULL, 3),
(1101, 310, NULL, 4),
(1101, 335, NULL, 1),
(1101, 353, NULL, 2),
(1102, 37, NULL, 2),
(1102, 147, NULL, 3),
(1102, 162, NULL, 1),
(1102, 242, NULL, 4),
(1103, 216, NULL, 3),
(1103, 303, NULL, 2),
(1103, 311, NULL, 4),
(1103, 364, NULL, 1),
(1104, 195, NULL, 2),
(1104, 228, 8, 4),
(1104, 260, NULL, 3),
(1104, 353, NULL, 1),
(1105, 170, NULL, 3),
(1105, 231, NULL, 2),
(1105, 261, NULL, 1),
(1105, 321, NULL, 4),
(1106, 28, NULL, 3),
(1106, 80, NULL, 2),
(1106, 114, NULL, 1),
(1106, 153, NULL, 4),
(1107, 259, NULL, 2),
(1107, 287, NULL, 3),
(1107, 321, NULL, 4),
(1107, 334, NULL, 1),
(1108, 2, NULL, 1),
(1108, 7, NULL, 3),
(1108, 165, NULL, 2),
(1108, 224, NULL, 4),
(1109, 131, NULL, 4),
(1109, 178, NULL, 2),
(1109, 251, NULL, 1),
(1109, 353, NULL, 3),
(1110, 20, NULL, 4),
(1110, 40, NULL, 3),
(1110, 194, NULL, 1),
(1110, 210, NULL, 2),
(1111, 76, NULL, 1),
(1111, 100, NULL, 4),
(1111, 135, NULL, 2),
(1111, 153, NULL, 3),
(1112, 123, NULL, 2),
(1112, 156, NULL, 3),
(1112, 213, NULL, 1),
(1112, 321, NULL, 4),
(1113, 23, NULL, 4),
(1113, 166, NULL, 3),
(1113, 180, NULL, 1),
(1113, 210, NULL, 2),
(1114, 261, NULL, 3),
(1114, 302, NULL, 2),
(1114, 321, NULL, 4),
(1114, 335, NULL, 1),
(1115, 170, NULL, 3),
(1115, 173, NULL, 4),
(1115, 226, NULL, 1),
(1115, 231, NULL, 2),
(1116, 197, NULL, 2),
(1116, 206, NULL, 3),
(1116, 259, NULL, 4),
(1116, 261, NULL, 1),
(1117, 42, NULL, 2),
(1117, 117, NULL, 1),
(1117, 188, NULL, 4),
(1117, 261, NULL, 3),
(1118, 43, NULL, 2),
(1118, 209, NULL, 1),
(1118, 210, NULL, 3),
(1118, 236, NULL, 4),
(1119, 121, NULL, 4),
(1119, 182, NULL, 2),
(1119, 229, NULL, 1),
(1119, 232, NULL, 3),
(1120, 129, NULL, 3),
(1120, 148, NULL, 2),
(1120, 212, NULL, 1),
(1120, 215, NULL, 4),
(1121, 39, NULL, 2),
(1121, 170, NULL, 4),
(1121, 211, NULL, 1),
(1121, 236, NULL, 3),
(1122, 5, NULL, 2),
(1122, 75, NULL, 3),
(1122, 203, NULL, 4),
(1122, 373, NULL, 1),
(1123, 182, NULL, 3),
(1123, 190, NULL, 4),
(1123, 194, NULL, 1),
(1123, 260, NULL, 2),
(1124, 299, NULL, 1),
(1124, 306, NULL, 4),
(1124, 319, NULL, 2),
(1124, 340, NULL, 3),
(1125, 44, NULL, 3),
(1125, 100, NULL, 1),
(1125, 146, NULL, 2),
(1125, 371, NULL, 4),
(1126, 166, NULL, 1),
(1126, 170, NULL, 4),
(1126, 236, NULL, 2),
(1126, 308, NULL, 3),
(1127, 5, NULL, 3),
(1127, 49, NULL, 4),
(1127, 50, NULL, 2),
(1127, 145, NULL, 1),
(1128, 248, NULL, 2),
(1128, 290, NULL, 4),
(1128, 316, NULL, 1),
(1128, 322, NULL, 3),
(1129, 180, NULL, 2),
(1129, 259, NULL, 4),
(1129, 288, NULL, 3),
(1129, 299, NULL, 1),
(1130, 117, NULL, 1),
(1130, 198, NULL, 2),
(1130, 202, NULL, 3),
(1130, 272, NULL, 4),
(1131, 57, NULL, 4),
(1131, 180, NULL, 3),
(1131, 214, NULL, 2),
(1131, 260, NULL, 1),
(1132, 12, NULL, 3),
(1132, 183, NULL, 4),
(1132, 232, NULL, 1),
(1132, 324, NULL, 2),
(1133, 211, NULL, 2),
(1133, 219, NULL, 3),
(1133, 222, 53, 4),
(1133, 226, NULL, 1),
(1134, 77, NULL, 3),
(1134, 169, NULL, 2),
(1134, 211, NULL, 4),
(1134, 235, NULL, 1),
(1135, 8, NULL, 2),
(1135, 159, NULL, 4),
(1135, 254, NULL, 3),
(1135, 354, NULL, 1),
(1136, 81, NULL, 4),
(1136, 114, NULL, 2),
(1136, 119, NULL, 3),
(1136, 360, NULL, 1),
(1137, 40, NULL, 2),
(1137, 79, NULL, 1),
(1137, 168, NULL, 4),
(1137, 202, NULL, 3),
(1138, 119, NULL, 2),
(1138, 232, NULL, 3),
(1138, 261, NULL, 1),
(1138, 367, NULL, 4),
(1139, 74, NULL, 1),
(1139, 80, NULL, 4),
(1139, 85, NULL, 2),
(1139, 149, NULL, 3),
(1140, 153, NULL, 4),
(1140, 214, NULL, 3),
(1140, 227, NULL, 1),
(1140, 250, NULL, 2),
(1141, 153, NULL, 3),
(1141, 178, NULL, 1),
(1141, 190, NULL, 4),
(1141, 260, NULL, 2),
(1142, 75, NULL, 2),
(1142, 195, NULL, 3),
(1142, 226, NULL, 1),
(1142, 279, NULL, 4),
(1143, 116, NULL, 2),
(1143, 123, NULL, 4),
(1143, 152, NULL, 3),
(1143, 366, NULL, 1),
(1144, 255, NULL, 4),
(1144, 315, NULL, 1),
(1144, 317, NULL, 2),
(1144, 325, NULL, 3),
(1145, 136, NULL, 4),
(1145, 149, NULL, 3),
(1145, 228, NULL, 1),
(1145, 231, NULL, 2),
(1146, 138, NULL, 3),
(1146, 168, NULL, 4),
(1146, 205, NULL, 2),
(1146, 228, NULL, 1),
(1147, 197, NULL, 2),
(1147, 212, NULL, 3),
(1147, 249, NULL, 1),
(1147, 252, NULL, 4),
(1148, 37, NULL, 1),
(1148, 61, NULL, 4),
(1148, 214, NULL, 3),
(1148, 366, NULL, 2),
(1149, 215, NULL, 3),
(1149, 245, NULL, 2),
(1149, 273, NULL, 4),
(1149, 376, NULL, 1),
(1150, 4, NULL, 2),
(1150, 281, NULL, 1),
(1150, 318, NULL, 3),
(1150, 331, NULL, 4),
(1151, 4, NULL, 1),
(1151, 6, NULL, 2),
(1151, 8, NULL, 3),
(1151, 214, NULL, 4),
(1152, 16, NULL, 4),
(1152, 35, NULL, 1),
(1152, 184, NULL, 2),
(1152, 249, NULL, 3),
(1153, 91, NULL, 4),
(1153, 180, NULL, 2),
(1153, 182, NULL, 3),
(1153, 228, NULL, 1),
(1154, 36, NULL, 4),
(1154, 74, NULL, 1),
(1154, 126, NULL, 3),
(1154, 187, NULL, 2),
(1155, 282, NULL, 3),
(1155, 299, NULL, 1),
(1155, 306, NULL, 4),
(1155, 373, NULL, 2),
(1156, 132, NULL, 4),
(1156, 229, NULL, 1),
(1156, 306, NULL, 3),
(1156, 337, NULL, 2),
(1157, 79, NULL, 4),
(1157, 246, NULL, 1),
(1157, 252, NULL, 3),
(1157, 305, NULL, 2),
(1158, 39, NULL, 2),
(1158, 117, NULL, 1),
(1158, 214, NULL, 4),
(1158, 250, NULL, 3),
(1159, 226, NULL, 1),
(1159, 248, NULL, 2),
(1159, 254, NULL, 4),
(1159, 344, NULL, 3),
(1160, 266, NULL, 3),
(1160, 281, NULL, 2),
(1160, 346, NULL, 1),
(1160, 348, NULL, 4),
(1161, 36, NULL, 2),
(1161, 133, NULL, 4),
(1161, 149, NULL, 1),
(1161, 255, 30, 3),
(1162, 32, 60, 4),
(1162, 192, NULL, 1),
(1162, 244, NULL, 2),
(1162, 355, NULL, 3),
(1163, 172, NULL, 3),
(1163, 228, NULL, 1),
(1163, 232, NULL, 2),
(1163, 252, NULL, 4),
(1164, 172, NULL, 4),
(1164, 200, NULL, 3),
(1164, 227, NULL, 1),
(1164, 230, NULL, 2),
(1165, 43, NULL, 2),
(1165, 172, NULL, 3),
(1165, 246, NULL, 1),
(1165, 343, NULL, 4),
(1166, 121, NULL, 2),
(1166, 150, NULL, 1),
(1166, 186, NULL, 3),
(1166, 227, NULL, 4),
(1167, 17, NULL, 4),
(1167, 122, NULL, 2),
(1167, 248, NULL, 3),
(1167, 378, NULL, 1),
(1168, 191, NULL, 4),
(1168, 211, NULL, 2),
(1168, 281, NULL, 1),
(1168, 307, NULL, 3),
(1169, 250, NULL, 2),
(1169, 255, NULL, 4),
(1169, 370, NULL, 3),
(1169, 377, NULL, 1),
(1170, 3, NULL, 4),
(1170, 75, NULL, 3),
(1170, 130, NULL, 1),
(1170, 368, NULL, 2),
(1171, 46, NULL, 4),
(1171, 164, NULL, 2),
(1171, 178, NULL, 3),
(1171, 226, NULL, 1),
(1172, 90, NULL, 4),
(1172, 180, NULL, 1),
(1172, 249, NULL, 3),
(1172, 251, NULL, 2),
(1173, 8, NULL, 4),
(1173, 165, NULL, 2),
(1173, 242, NULL, 1),
(1173, 248, NULL, 3),
(1174, 303, NULL, 2),
(1174, 341, NULL, 3),
(1174, 350, NULL, 4),
(1174, 355, NULL, 1),
(1175, 25, NULL, 4),
(1175, 214, NULL, 3),
(1175, 231, NULL, 2),
(1175, 251, NULL, 1),
(1176, 259, NULL, 1),
(1176, 316, NULL, 3),
(1176, 319, NULL, 4),
(1176, 334, NULL, 2),
(1177, 164, NULL, 1),
(1177, 202, NULL, 3),
(1177, 230, NULL, 2),
(1177, 278, NULL, 4),
(1178, 36, NULL, 1),
(1178, 39, NULL, 2),
(1178, 148, NULL, 3),
(1178, 348, NULL, 4),
(1179, 231, NULL, 4),
(1179, 315, NULL, 1),
(1179, 318, NULL, 2),
(1179, 325, NULL, 3),
(1180, 210, NULL, 3),
(1180, 281, NULL, 1),
(1180, 289, NULL, 4),
(1180, 302, NULL, 2),
(1181, 182, NULL, 2),
(1181, 322, NULL, 3),
(1181, 347, NULL, 4),
(1181, 374, NULL, 1),
(1182, 2, NULL, 1),
(1182, 103, NULL, 4),
(1182, 146, NULL, 2),
(1182, 220, NULL, 3),
(1183, 38, NULL, 3),
(1183, 180, NULL, 2),
(1183, 203, NULL, 1),
(1183, 214, NULL, 4),
(1184, 118, NULL, 2),
(1184, 121, NULL, 1),
(1184, 286, NULL, 4),
(1184, 319, NULL, 3),
(1185, 151, NULL, 3),
(1185, 211, NULL, 2),
(1185, 255, NULL, 4),
(1185, 354, NULL, 1),
(1186, 247, NULL, 2),
(1186, 310, NULL, 3),
(1186, 316, NULL, 1),
(1186, 325, NULL, 4),
(1187, 76, NULL, 1),
(1187, 116, NULL, 3),
(1187, 198, NULL, 2),
(1187, 251, 54, 4),
(1188, 214, NULL, 3),
(1188, 288, NULL, 2),
(1188, 290, NULL, 4),
(1188, 359, NULL, 1),
(1189, 51, NULL, 2),
(1189, 144, NULL, 4),
(1189, 202, NULL, 1),
(1189, 246, NULL, 3),
(1190, 135, NULL, 4),
(1190, 148, NULL, 2),
(1190, 212, NULL, 1),
(1190, 251, NULL, 3),
(1191, 8, 47, 4),
(1191, 195, NULL, 1),
(1191, 199, NULL, 3),
(1191, 202, NULL, 2),
(1192, 26, NULL, 4),
(1192, 148, NULL, 2),
(1192, 163, NULL, 1),
(1192, 171, NULL, 3),
(1193, 4, NULL, 2),
(1193, 37, NULL, 3),
(1193, 260, NULL, 1),
(1193, 271, NULL, 4),
(1194, 1, NULL, 1),
(1194, 126, NULL, 3),
(1194, 150, NULL, 2),
(1194, 251, NULL, 4),
(1195, 14, NULL, 3),
(1195, 113, NULL, 1),
(1195, 163, NULL, 2),
(1195, 231, NULL, 4),
(1196, 182, NULL, 4),
(1196, 228, NULL, 1),
(1196, 231, NULL, 2),
(1196, 237, NULL, 3),
(1197, 1, NULL, 1),
(1197, 82, NULL, 4),
(1197, 185, NULL, 3),
(1197, 251, NULL, 2),
(1198, 95, NULL, 4),
(1198, 194, NULL, 1),
(1198, 197, NULL, 2),
(1198, 199, NULL, 3),
(1199, 172, NULL, 4),
(1199, 315, NULL, 1),
(1199, 319, NULL, 2),
(1199, 322, NULL, 3),
(1200, 47, NULL, 3),
(1200, 100, NULL, 4),
(1200, 211, NULL, 2),
(1200, 226, NULL, 1),
(1201, 245, NULL, 4),
(1201, 336, NULL, 3),
(1201, 339, NULL, 1),
(1201, 348, NULL, 2),
(1202, 124, NULL, 3),
(1202, 314, NULL, 4),
(1202, 321, NULL, 2),
(1202, 359, NULL, 1),
(1203, 77, NULL, 3),
(1203, 95, NULL, 2),
(1203, 123, NULL, 4),
(1203, 252, NULL, 1),
(1204, 115, NULL, 3),
(1204, 194, NULL, 1),
(1204, 258, NULL, 4),
(1204, 260, NULL, 2),
(1205, 179, NULL, 3),
(1205, 227, NULL, 2),
(1205, 299, NULL, 1),
(1205, 343, NULL, 4),
(1206, 163, NULL, 2),
(1206, 215, NULL, 4),
(1206, 228, NULL, 1),
(1206, 324, NULL, 3),
(1207, 100, NULL, 4),
(1207, 263, NULL, 2),
(1207, 320, NULL, 3),
(1207, 334, NULL, 1),
(1208, 37, NULL, 2),
(1208, 46, NULL, 3),
(1208, 231, NULL, 1),
(1208, 242, NULL, 4),
(1209, 185, NULL, 3),
(1209, 229, NULL, 1),
(1209, 234, NULL, 4),
(1209, 322, NULL, 2),
(1210, 41, NULL, 1),
(1210, 84, NULL, 3),
(1210, 122, NULL, 2),
(1210, 175, NULL, 4),
(1211, 204, NULL, 3),
(1211, 228, NULL, 1),
(1211, 281, NULL, 2),
(1211, 284, NULL, 4),
(1212, 135, NULL, 4),
(1212, 147, NULL, 1),
(1212, 168, NULL, 3),
(1212, 261, NULL, 2),
(1213, 180, NULL, 2),
(1213, 251, NULL, 3),
(1213, 315, NULL, 1),
(1213, 324, NULL, 4),
(1214, 37, NULL, 2),
(1214, 122, NULL, 4),
(1214, 170, NULL, 3),
(1214, 227, NULL, 1),
(1215, 117, NULL, 1),
(1215, 122, NULL, 4),
(1215, 146, NULL, 2),
(1215, 209, NULL, 3),
(1216, 147, NULL, 2),
(1216, 177, NULL, 3),
(1216, 199, NULL, 4),
(1216, 259, NULL, 1),
(1217, 27, NULL, 3),
(1217, 92, NULL, 1),
(1217, 101, NULL, 4),
(1217, 246, NULL, 2),
(1218, 205, NULL, 4),
(1218, 217, NULL, 3),
(1218, 231, NULL, 2),
(1218, 366, NULL, 1),
(1219, 152, NULL, 3),
(1219, 220, NULL, 4),
(1219, 235, NULL, 2),
(1219, 355, NULL, 1),
(1220, 3, NULL, 2),
(1220, 151, NULL, 3),
(1220, 155, NULL, 4),
(1220, 163, NULL, 1),
(1221, 22, NULL, 4),
(1221, 35, NULL, 1),
(1221, 148, NULL, 2),
(1221, 234, NULL, 3),
(1222, 50, NULL, 1),
(1222, 169, NULL, 4),
(1222, 215, NULL, 3),
(1222, 251, NULL, 2),
(1223, 135, NULL, 4),
(1223, 180, NULL, 2),
(1223, 250, NULL, 3),
(1223, 374, NULL, 1),
(1224, 84, NULL, 2),
(1224, 133, NULL, 3),
(1224, 146, NULL, 1),
(1224, 236, NULL, 4),
(1225, 6, NULL, 3),
(1225, 18, NULL, 4),
(1225, 214, NULL, 1),
(1225, 235, NULL, 2),
(1226, 35, NULL, 3),
(1226, 162, NULL, 1),
(1226, 232, NULL, 2),
(1226, 256, 44, 4),
(1227, 36, NULL, 1),
(1227, 84, NULL, 3),
(1227, 151, NULL, 2),
(1227, 192, NULL, 4),
(1228, 85, NULL, 1),
(1228, 199, NULL, 2),
(1228, 236, NULL, 4),
(1228, 241, NULL, 3),
(1229, 77, NULL, 3),
(1229, 97, NULL, 4),
(1229, 146, NULL, 2),
(1229, 357, NULL, 1),
(1230, 356, 60, 4),
(1230, 362, NULL, 1),
(1230, 364, NULL, 3),
(1230, 369, NULL, 2),
(1231, 37, NULL, 1),
(1231, 103, NULL, 4),
(1231, 119, NULL, 3),
(1231, 199, NULL, 2),
(1232, 55, NULL, 4),
(1232, 164, NULL, 1),
(1232, 166, NULL, 3),
(1232, 230, NULL, 2),
(1233, 80, NULL, 3),
(1233, 196, NULL, 2),
(1233, 207, NULL, 4),
(1233, 259, NULL, 1),
(1234, 85, NULL, 3),
(1234, 146, NULL, 1),
(1234, 168, NULL, 2),
(1234, 204, NULL, 4),
(1235, 36, NULL, 2),
(1235, 91, NULL, 4),
(1235, 194, NULL, 1),
(1235, 250, NULL, 3),
(1236, 40, NULL, 3),
(1236, 75, NULL, 1),
(1236, 82, NULL, 4),
(1236, 346, NULL, 2),
(1237, 169, NULL, 3),
(1237, 202, NULL, 4),
(1237, 211, NULL, 2),
(1237, 229, NULL, 1),
(1238, 44, NULL, 3),
(1238, 179, NULL, 1),
(1238, 248, NULL, 2),
(1238, 278, NULL, 4),
(1239, 230, NULL, 2),
(1239, 283, NULL, 3),
(1239, 289, NULL, 4),
(1239, 366, NULL, 1),
(1240, 210, NULL, 3),
(1240, 337, NULL, 2),
(1240, 338, NULL, 1),
(1240, 341, NULL, 4),
(1241, 248, NULL, 2),
(1241, 286, NULL, 4),
(1241, 306, NULL, 1),
(1241, 320, NULL, 3),
(1242, 41, NULL, 2),
(1242, 81, NULL, 3),
(1242, 162, NULL, 1),
(1242, 244, NULL, 4),
(1243, 128, NULL, 3),
(1243, 162, NULL, 2),
(1243, 228, NULL, 1),
(1243, 373, NULL, 4),
(1244, 40, NULL, 3),
(1244, 145, NULL, 1),
(1244, 211, NULL, 2),
(1244, 378, NULL, 4),
(1245, 78, NULL, 3),
(1245, 130, NULL, 4),
(1245, 163, NULL, 2),
(1245, 336, NULL, 1),
(1246, 237, NULL, 4),
(1246, 315, NULL, 1),
(1246, 321, NULL, 2),
(1246, 331, NULL, 3),
(1247, 206, NULL, 4),
(1247, 209, NULL, 1),
(1247, 261, NULL, 2),
(1247, 279, NULL, 3),
(1248, 138, NULL, 4),
(1248, 149, NULL, 3),
(1248, 195, NULL, 2),
(1248, 210, NULL, 1),
(1249, 180, NULL, 2),
(1249, 185, NULL, 4),
(1249, 259, NULL, 1),
(1249, 268, NULL, 3),
(1250, 3, NULL, 2),
(1250, 175, NULL, 3),
(1250, 310, NULL, 4),
(1250, 316, NULL, 1),
(1251, 3, NULL, 1),
(1251, 210, NULL, 2),
(1251, 211, NULL, 3),
(1251, 219, NULL, 4),
(1252, 98, NULL, 3),
(1252, 165, NULL, 1),
(1252, 210, NULL, 2),
(1252, 285, NULL, 4),
(1253, 5, NULL, 3),
(1253, 89, NULL, 4),
(1253, 144, NULL, 2),
(1253, 352, NULL, 1),
(1254, 18, NULL, 4),
(1254, 39, NULL, 2),
(1254, 43, 38, 3),
(1254, 362, NULL, 1),
(1255, 35, NULL, 1),
(1255, 127, NULL, 4),
(1255, 164, NULL, 2),
(1255, 230, NULL, 3),
(1256, 147, NULL, 3),
(1256, 174, NULL, 2),
(1256, 238, NULL, 1),
(1256, 378, NULL, 4),
(1257, 285, NULL, 1),
(1257, 320, NULL, 2),
(1257, 324, NULL, 4),
(1257, 354, NULL, 3),
(1258, 22, NULL, 4),
(1258, 148, NULL, 2),
(1258, 194, NULL, 1),
(1258, 255, NULL, 3),
(1259, 70, NULL, 4),
(1259, 177, NULL, 3),
(1259, 190, NULL, 2),
(1259, 229, NULL, 1),
(1260, 75, NULL, 2),
(1260, 122, NULL, 3),
(1260, 124, NULL, 4),
(1260, 361, NULL, 1),
(1261, 138, NULL, 2),
(1261, 203, NULL, 3),
(1261, 277, NULL, 4),
(1261, 367, NULL, 1),
(1262, 179, NULL, 2),
(1262, 204, NULL, 4),
(1262, 259, NULL, 1),
(1262, 263, NULL, 3),
(1263, 38, NULL, 1),
(1263, 44, NULL, 2),
(1263, 88, NULL, 4),
(1263, 272, NULL, 3),
(1264, 11, NULL, 1),
(1264, 21, NULL, 4),
(1264, 152, NULL, 2),
(1264, 183, NULL, 3),
(1265, 11, NULL, 1),
(1265, 20, NULL, 3),
(1265, 152, NULL, 2),
(1265, 219, NULL, 4),
(1266, 81, NULL, 3),
(1266, 98, NULL, 4),
(1266, 117, NULL, 2),
(1266, 195, NULL, 1),
(1267, 232, NULL, 2),
(1267, 235, NULL, 3),
(1267, 294, NULL, 4),
(1267, 320, NULL, 1),
(1268, 3, NULL, 1),
(1268, 174, NULL, 3),
(1268, 180, NULL, 2),
(1268, 271, NULL, 4),
(1269, 12, NULL, 1),
(1269, 20, 55, 4),
(1269, 219, NULL, 3),
(1269, 235, NULL, 2),
(1270, 78, NULL, 2),
(1270, 179, NULL, 1),
(1270, 204, NULL, 4),
(1270, 248, NULL, 3),
(1271, 1, NULL, 1),
(1271, 5, NULL, 2),
(1271, 123, NULL, 4),
(1271, 179, NULL, 3),
(1272, 4, NULL, 3),
(1272, 131, NULL, 4),
(1272, 185, NULL, 2),
(1272, 209, NULL, 1),
(1273, 44, NULL, 3),
(1273, 232, NULL, 2),
(1273, 261, NULL, 1),
(1273, 279, NULL, 4),
(1274, 43, NULL, 1),
(1274, 279, NULL, 2),
(1274, 290, NULL, 4),
(1274, 343, NULL, 3),
(1275, 24, 58, 4),
(1275, 45, NULL, 2),
(1275, 235, NULL, 3),
(1275, 355, NULL, 1),
(1276, 122, NULL, 3),
(1276, 308, NULL, 1),
(1276, 319, NULL, 2),
(1276, 323, NULL, 4),
(1277, 34, NULL, 4),
(1277, 164, NULL, 2),
(1277, 214, NULL, 3),
(1277, 368, NULL, 1),
(1278, 33, NULL, 4),
(1278, 80, NULL, 3),
(1278, 164, NULL, 1),
(1278, 230, NULL, 2),
(1279, 21, NULL, 4),
(1279, 149, NULL, 2),
(1279, 210, NULL, 1),
(1279, 261, NULL, 3),
(1280, 165, NULL, 2),
(1280, 173, NULL, 4),
(1280, 179, NULL, 3),
(1280, 195, NULL, 1),
(1281, 2, NULL, 1),
(1281, 38, NULL, 2),
(1281, 45, NULL, 4),
(1281, 165, NULL, 3),
(1282, 164, NULL, 1),
(1282, 169, NULL, 2),
(1282, 225, NULL, 4),
(1282, 236, NULL, 3),
(1283, 148, NULL, 3),
(1283, 282, NULL, 1),
(1283, 284, NULL, 2),
(1283, 346, NULL, 4),
(1284, 82, NULL, 2),
(1284, 121, NULL, 1),
(1284, 154, NULL, 4),
(1284, 155, NULL, 3),
(1285, 261, NULL, 1),
(1285, 284, NULL, 2),
(1285, 321, NULL, 3),
(1285, 349, NULL, 4),
(1286, 38, NULL, 2),
(1286, 130, NULL, 3),
(1286, 181, NULL, 4),
(1286, 227, NULL, 1),
(1287, 39, NULL, 1),
(1287, 151, NULL, 2),
(1287, 156, NULL, 3),
(1287, 255, NULL, 4),
(1288, 49, NULL, 3),
(1288, 118, NULL, 2),
(1288, 218, NULL, 4),
(1288, 368, NULL, 1),
(1289, 7, NULL, 2),
(1289, 48, NULL, 3),
(1289, 116, NULL, 1),
(1289, 172, NULL, 4),
(1290, 147, NULL, 2),
(1290, 295, NULL, 4),
(1290, 318, NULL, 3),
(1290, 319, NULL, 1),
(1291, 270, NULL, 3),
(1291, 312, NULL, 4),
(1291, 318, NULL, 2),
(1291, 335, NULL, 1),
(1292, 282, NULL, 2),
(1292, 291, NULL, 4),
(1292, 308, NULL, 3),
(1292, 359, NULL, 1),
(1293, 227, NULL, 3),
(1293, 280, NULL, 1),
(1293, 281, NULL, 2),
(1293, 349, NULL, 4),
(1294, 197, NULL, 2),
(1294, 232, NULL, 3),
(1294, 259, NULL, 1),
(1294, 277, NULL, 4),
(1295, 85, NULL, 3),
(1295, 201, NULL, 2),
(1295, 210, NULL, 1),
(1295, 214, NULL, 4),
(1296, 212, NULL, 3),
(1296, 290, NULL, 4),
(1296, 302, NULL, 2),
(1296, 334, NULL, 1),
(1297, 145, NULL, 4),
(1297, 315, NULL, 1),
(1297, 320, NULL, 2),
(1297, 339, NULL, 3),
(1298, 3, NULL, 2),
(1298, 238, NULL, 3),
(1298, 281, NULL, 1),
(1298, 284, NULL, 4),
(1299, 236, NULL, 4),
(1299, 282, NULL, 2),
(1299, 287, NULL, 3),
(1299, 299, NULL, 1),
(1300, 146, NULL, 3),
(1300, 168, NULL, 4),
(1300, 194, NULL, 1),
(1300, 266, NULL, 2),
(1301, 88, NULL, 3),
(1301, 164, NULL, 2),
(1301, 229, NULL, 1),
(1301, 252, 8, 4),
(1302, 149, NULL, 2),
(1302, 190, NULL, 3),
(1302, 210, NULL, 1),
(1302, 214, NULL, 4),
(1303, 8, NULL, 3),
(1303, 146, NULL, 1),
(1303, 179, NULL, 4),
(1303, 195, NULL, 2),
(1304, 214, NULL, 4),
(1304, 323, NULL, 3),
(1304, 335, NULL, 1),
(1304, 359, NULL, 2),
(1305, 300, NULL, 1),
(1305, 318, NULL, 2),
(1305, 321, NULL, 3),
(1305, 327, NULL, 4),
(1306, 99, NULL, 3),
(1306, 128, NULL, 4),
(1306, 179, NULL, 1),
(1306, 247, NULL, 2),
(1307, 47, NULL, 1),
(1307, 178, NULL, 4),
(1307, 203, NULL, 2),
(1307, 228, NULL, 3),
(1308, 183, NULL, 1),
(1308, 227, NULL, 2),
(1308, 232, NULL, 3),
(1308, 254, NULL, 4),
(1309, 81, NULL, 2),
(1309, 185, NULL, 4),
(1309, 210, NULL, 3),
(1309, 246, NULL, 1),
(1310, 13, NULL, 2),
(1310, 290, NULL, 4),
(1310, 341, NULL, 3),
(1310, 368, NULL, 1),
(1311, 174, NULL, 3),
(1311, 244, NULL, 4),
(1311, 246, NULL, 2),
(1311, 377, NULL, 1),
(1312, 59, NULL, 4),
(1312, 114, NULL, 1),
(1312, 179, NULL, 3),
(1312, 210, NULL, 2),
(1313, 114, NULL, 1),
(1313, 147, NULL, 2),
(1313, 247, NULL, 3),
(1313, 276, NULL, 4),
(1314, 36, NULL, 1),
(1314, 38, NULL, 3),
(1314, 115, NULL, 2),
(1314, 174, NULL, 4),
(1315, 75, NULL, 1),
(1315, 78, NULL, 2),
(1315, 158, NULL, 4),
(1315, 178, NULL, 3),
(1316, 41, NULL, 2),
(1316, 119, NULL, 4),
(1316, 165, NULL, 3),
(1316, 200, NULL, 1),
(1317, 3, NULL, 1),
(1317, 48, NULL, 2),
(1317, 155, 55, 4),
(1317, 235, NULL, 3),
(1318, 196, NULL, 1),
(1318, 245, NULL, 2),
(1318, 247, NULL, 4),
(1318, 269, NULL, 3),
(1319, 3, NULL, 2),
(1319, 139, NULL, 4),
(1319, 178, NULL, 1),
(1319, 233, NULL, 3);
INSERT INTO `player_learns_hissatsu` (`player_id`, `item_hissatsu_id`, `learn_lv`, `learn_order`) VALUES
(1320, 150, NULL, 3),
(1320, 155, NULL, 4),
(1320, 355, NULL, 1),
(1320, 360, NULL, 2),
(1321, 48, NULL, 3),
(1321, 132, NULL, 4),
(1321, 178, NULL, 2),
(1321, 227, NULL, 1),
(1322, 75, NULL, 1),
(1322, 88, NULL, 4),
(1322, 122, NULL, 2),
(1322, 178, NULL, 3),
(1323, 77, NULL, 2),
(1323, 135, NULL, 4),
(1323, 254, NULL, 3),
(1323, 374, NULL, 1),
(1324, 122, NULL, 2),
(1324, 217, NULL, 4),
(1324, 271, NULL, 3),
(1324, 375, NULL, 1),
(1325, 4, NULL, 2),
(1325, 97, NULL, 1),
(1325, 167, NULL, 3),
(1325, 363, NULL, 4),
(1326, 82, NULL, 2),
(1326, 93, NULL, 4),
(1326, 153, NULL, 1),
(1326, 214, NULL, 3),
(1327, 45, NULL, 2),
(1327, 80, NULL, 1),
(1327, 153, NULL, 3),
(1327, 234, NULL, 4),
(1328, 229, NULL, 1),
(1328, 281, NULL, 2),
(1328, 285, NULL, 4),
(1328, 329, NULL, 3),
(1329, 76, NULL, 2),
(1329, 200, NULL, 1),
(1329, 251, NULL, 3),
(1329, 306, NULL, 4),
(1330, 78, NULL, 2),
(1330, 210, NULL, 3),
(1330, 224, NULL, 4),
(1330, 226, NULL, 1),
(1331, 46, NULL, 4),
(1331, 165, NULL, 2),
(1331, 179, NULL, 3),
(1331, 210, NULL, 1),
(1332, 60, NULL, 4),
(1332, 150, NULL, 3),
(1332, 211, NULL, 2),
(1332, 228, NULL, 1),
(1333, 144, NULL, 1),
(1333, 166, NULL, 4),
(1333, 179, NULL, 3),
(1333, 227, NULL, 2),
(1334, 152, NULL, 3),
(1334, 163, NULL, 1),
(1334, 252, NULL, 2),
(1334, 254, NULL, 4),
(1335, 144, NULL, 4),
(1335, 210, NULL, 2),
(1335, 232, NULL, 3),
(1335, 248, NULL, 1),
(1336, 261, NULL, 2),
(1336, 264, NULL, 3),
(1336, 340, NULL, 4),
(1336, 378, NULL, 1),
(1337, 76, NULL, 1),
(1337, 79, NULL, 3),
(1337, 84, NULL, 4),
(1337, 183, NULL, 2),
(1338, 38, NULL, 1),
(1338, 78, NULL, 2),
(1338, 205, NULL, 3),
(1338, 251, NULL, 4),
(1339, 35, NULL, 2),
(1339, 67, NULL, 1),
(1339, 116, NULL, 3),
(1339, 165, NULL, 4),
(1340, 169, NULL, 3),
(1340, 213, NULL, 1),
(1340, 336, NULL, 2),
(1340, 348, NULL, 4),
(1341, 10, NULL, 2),
(1341, 109, NULL, 4),
(1341, 180, NULL, 1),
(1341, 185, NULL, 3),
(1342, 281, NULL, 2),
(1342, 282, NULL, 4),
(1342, 307, NULL, 3),
(1342, 335, NULL, 1),
(1343, 196, NULL, 2),
(1343, 247, NULL, 3),
(1343, 334, NULL, 1),
(1343, 348, NULL, 4),
(1344, 119, NULL, 3),
(1344, 174, NULL, 4),
(1344, 197, NULL, 2),
(1344, 247, NULL, 1),
(1345, 211, NULL, 1),
(1345, 214, NULL, 3),
(1345, 220, NULL, 4),
(1345, 268, NULL, 2),
(1346, 196, NULL, 3),
(1346, 259, NULL, 1),
(1346, 262, NULL, 2),
(1346, 269, NULL, 4),
(1347, 119, NULL, 2),
(1347, 197, NULL, 1),
(1347, 203, NULL, 3),
(1347, 214, NULL, 4),
(1348, 156, NULL, 3),
(1348, 165, NULL, 2),
(1348, 226, NULL, 1),
(1348, 364, 55, 4),
(1349, 5, NULL, 2),
(1349, 81, NULL, 3),
(1349, 161, NULL, 4),
(1349, 377, NULL, 1),
(1350, 131, NULL, 4),
(1350, 194, NULL, 1),
(1350, 212, NULL, 2),
(1350, 268, NULL, 3),
(1351, 201, NULL, 3),
(1351, 247, NULL, 1),
(1351, 249, NULL, 2),
(1351, 251, NULL, 4),
(1352, 150, NULL, 1),
(1352, 157, NULL, 4),
(1352, 211, NULL, 3),
(1352, 226, NULL, 2),
(1353, 12, NULL, 3),
(1353, 71, NULL, 4),
(1353, 149, NULL, 2),
(1353, 365, NULL, 1),
(1354, 245, NULL, 2),
(1354, 273, NULL, 3),
(1354, 320, NULL, 1),
(1354, 331, NULL, 4),
(1355, 164, NULL, 2),
(1355, 202, NULL, 3),
(1355, 228, NULL, 1),
(1355, 267, NULL, 4),
(1356, 3, NULL, 2),
(1356, 40, NULL, 3),
(1356, 227, NULL, 1),
(1356, 264, NULL, 4),
(1357, 167, NULL, 3),
(1357, 194, NULL, 2),
(1357, 216, NULL, 4),
(1357, 232, NULL, 1),
(1358, 2, NULL, 1),
(1358, 79, NULL, 2),
(1358, 153, NULL, 4),
(1358, 367, NULL, 3),
(1359, 40, NULL, 2),
(1359, 147, NULL, 1),
(1359, 153, NULL, 3),
(1359, 228, NULL, 4),
(1360, 74, NULL, 1),
(1360, 92, NULL, 2),
(1360, 180, NULL, 3),
(1360, 251, NULL, 4),
(1361, 79, NULL, 3),
(1361, 195, NULL, 2),
(1361, 240, NULL, 4),
(1361, 376, NULL, 1),
(1362, 74, NULL, 2),
(1362, 80, NULL, 1),
(1362, 147, NULL, 3),
(1362, 184, NULL, 4),
(1363, 56, NULL, 4),
(1363, 79, NULL, 3),
(1363, 178, NULL, 1),
(1363, 182, NULL, 2),
(1364, 194, NULL, 2),
(1364, 227, NULL, 3),
(1364, 275, NULL, 4),
(1364, 373, NULL, 1),
(1365, 202, NULL, 4),
(1365, 212, NULL, 2),
(1365, 215, NULL, 3),
(1365, 230, NULL, 1),
(1366, 180, NULL, 3),
(1366, 258, NULL, 4),
(1366, 260, NULL, 2),
(1366, 375, NULL, 1),
(1367, 16, NULL, 2),
(1367, 123, NULL, 4),
(1367, 156, NULL, 3),
(1367, 366, NULL, 1),
(1368, 4, NULL, 2),
(1368, 8, NULL, 3),
(1368, 131, NULL, 4),
(1368, 375, NULL, 1),
(1369, 91, NULL, 4),
(1369, 150, NULL, 3),
(1369, 163, NULL, 1),
(1369, 268, NULL, 2),
(1370, 49, NULL, 4),
(1370, 184, NULL, 3),
(1370, 199, NULL, 2),
(1370, 353, NULL, 1),
(1371, 100, NULL, 4),
(1371, 163, NULL, 1),
(1371, 179, NULL, 2),
(1371, 253, NULL, 3),
(1372, 113, NULL, 1),
(1372, 116, NULL, 3),
(1372, 179, NULL, 2),
(1372, 269, NULL, 4),
(1373, 228, NULL, 1),
(1373, 234, NULL, 2),
(1373, 254, NULL, 4),
(1373, 256, NULL, 3),
(1374, 6, NULL, 2),
(1374, 182, NULL, 4),
(1374, 234, NULL, 3),
(1374, 299, NULL, 1),
(1375, 38, NULL, 3),
(1375, 119, NULL, 1),
(1375, 158, NULL, 4),
(1375, 194, NULL, 2),
(1376, 81, NULL, 2),
(1376, 92, NULL, 4),
(1376, 355, NULL, 1),
(1376, 363, NULL, 3),
(1377, 40, NULL, 1),
(1377, 81, NULL, 2),
(1377, 89, NULL, 4),
(1377, 183, NULL, 3),
(1378, 245, NULL, 2),
(1378, 260, NULL, 1),
(1378, 263, NULL, 3),
(1378, 269, NULL, 4),
(1379, 5, NULL, 4),
(1379, 116, NULL, 2),
(1379, 180, NULL, 1),
(1379, 231, NULL, 3),
(1380, 100, NULL, 3),
(1380, 116, NULL, 1),
(1380, 197, NULL, 2),
(1380, 322, NULL, 4),
(1381, 116, NULL, 2),
(1381, 123, NULL, 4),
(1381, 199, NULL, 3),
(1381, 371, NULL, 1),
(1382, 81, NULL, 4),
(1382, 185, NULL, 3),
(1382, 252, NULL, 2),
(1382, 262, NULL, 1),
(1383, 166, NULL, 3),
(1383, 210, NULL, 2),
(1383, 299, NULL, 1),
(1383, 344, NULL, 4),
(1384, 75, NULL, 1),
(1384, 179, NULL, 2),
(1384, 183, NULL, 3),
(1384, 191, NULL, 4),
(1385, 36, NULL, 1),
(1385, 148, NULL, 3),
(1385, 209, NULL, 2),
(1385, 288, NULL, 4),
(1386, 3, NULL, 2),
(1386, 13, NULL, 3),
(1386, 36, NULL, 1),
(1386, 158, NULL, 4),
(1387, 165, NULL, 2),
(1387, 169, NULL, 3),
(1387, 237, NULL, 4),
(1387, 376, NULL, 1),
(1388, 9, NULL, 1),
(1388, 28, NULL, 4),
(1388, 168, NULL, 3),
(1388, 232, NULL, 2),
(1389, 148, NULL, 2),
(1389, 170, NULL, 4),
(1389, 199, NULL, 3),
(1389, 360, NULL, 1),
(1390, 248, NULL, 2),
(1390, 289, NULL, 4),
(1390, 302, NULL, 3),
(1390, 334, NULL, 1),
(1391, 197, NULL, 2),
(1391, 227, NULL, 1),
(1391, 319, NULL, 4),
(1391, 327, NULL, 3),
(1392, 262, NULL, 2),
(1392, 271, NULL, 4),
(1392, 305, NULL, 3),
(1392, 335, NULL, 1),
(1393, 146, NULL, 2),
(1393, 159, NULL, 4),
(1393, 209, NULL, 1),
(1393, 214, NULL, 3),
(1394, 106, NULL, 4),
(1394, 115, NULL, 2),
(1394, 117, NULL, 3),
(1394, 145, NULL, 1),
(1395, 196, NULL, 4),
(1395, 247, NULL, 2),
(1395, 273, NULL, 3),
(1395, 365, NULL, 1),
(1396, 47, NULL, 1),
(1396, 56, NULL, 3),
(1396, 167, NULL, 2),
(1396, 188, NULL, 4),
(1397, 35, NULL, 4),
(1397, 151, NULL, 2),
(1397, 155, NULL, 3),
(1397, 265, NULL, 1),
(1398, 211, NULL, 3),
(1398, 264, NULL, 4),
(1398, 268, NULL, 2),
(1398, 343, NULL, 1),
(1399, 1, NULL, 1),
(1399, 79, NULL, 2),
(1399, 151, NULL, 4),
(1399, 251, NULL, 3),
(1400, 18, NULL, 4),
(1400, 210, NULL, 2),
(1400, 284, NULL, 3),
(1400, 316, NULL, 1),
(1401, 251, NULL, 4),
(1401, 289, NULL, 3),
(1401, 334, NULL, 1),
(1401, 372, NULL, 2),
(1402, 179, NULL, 3),
(1402, 227, NULL, 2),
(1402, 229, NULL, 1),
(1402, 276, NULL, 4),
(1403, 182, NULL, 3),
(1403, 238, NULL, 4),
(1403, 248, NULL, 2),
(1403, 260, NULL, 1),
(1404, 46, NULL, 4),
(1404, 164, NULL, 2),
(1404, 230, NULL, 1),
(1404, 275, NULL, 3),
(1405, 11, NULL, 4),
(1405, 156, NULL, 3),
(1405, 185, NULL, 2),
(1405, 365, NULL, 1),
(1406, 179, NULL, 2),
(1406, 185, NULL, 4),
(1406, 226, NULL, 1),
(1406, 271, NULL, 3),
(1407, 180, NULL, 2),
(1407, 189, NULL, 3),
(1407, 318, NULL, 1),
(1407, 322, NULL, 4),
(1408, 41, NULL, 2),
(1408, 131, NULL, 4),
(1408, 229, NULL, 1),
(1408, 232, NULL, 3),
(1409, 227, NULL, 3),
(1409, 282, NULL, 2),
(1409, 300, NULL, 1),
(1409, 325, NULL, 4),
(1410, 32, NULL, 4),
(1410, 144, NULL, 3),
(1410, 146, NULL, 1),
(1410, 172, NULL, 2),
(1411, 36, NULL, 3),
(1411, 129, NULL, 2),
(1411, 200, NULL, 1),
(1411, 233, NULL, 4),
(1412, 5, NULL, 2),
(1412, 145, NULL, 1),
(1412, 148, NULL, 3),
(1412, 279, NULL, 4),
(1413, 163, NULL, 2),
(1413, 171, NULL, 4),
(1413, 255, NULL, 3),
(1413, 356, NULL, 1),
(1414, 3, NULL, 2),
(1414, 80, NULL, 4),
(1414, 179, NULL, 3),
(1414, 194, NULL, 1),
(1415, 194, NULL, 1),
(1415, 210, NULL, 3),
(1415, 212, NULL, 2),
(1415, 220, NULL, 4),
(1416, 6, NULL, 2),
(1416, 52, NULL, 4),
(1416, 203, NULL, 3),
(1416, 378, NULL, 1),
(1417, 75, NULL, 1),
(1417, 80, NULL, 3),
(1417, 180, NULL, 2),
(1417, 361, NULL, 4),
(1418, 82, NULL, 3),
(1418, 121, NULL, 4),
(1418, 197, NULL, 2),
(1418, 259, NULL, 1),
(1419, 85, NULL, 3),
(1419, 185, NULL, 2),
(1419, 260, NULL, 1),
(1419, 340, NULL, 4),
(1420, 180, NULL, 3),
(1420, 210, NULL, 2),
(1420, 244, NULL, 4),
(1420, 261, NULL, 1),
(1421, 28, NULL, 4),
(1421, 211, NULL, 1),
(1421, 235, NULL, 3),
(1421, 254, NULL, 2),
(1422, 16, NULL, 3),
(1422, 38, NULL, 1),
(1422, 255, NULL, 4),
(1422, 321, NULL, 2),
(1423, 158, NULL, 4),
(1423, 196, NULL, 2),
(1423, 259, NULL, 1),
(1423, 263, NULL, 3),
(1424, 77, 55, 4),
(1424, 88, NULL, 3),
(1424, 199, NULL, 1),
(1424, 201, NULL, 2),
(1425, 58, 7, 4),
(1425, 165, NULL, 3),
(1425, 211, NULL, 2),
(1425, 355, NULL, 1),
(1426, 149, NULL, 2),
(1426, 152, NULL, 3),
(1426, 236, NULL, 4),
(1426, 358, NULL, 1),
(1427, 62, NULL, 4),
(1427, 163, NULL, 1),
(1427, 216, NULL, 2),
(1427, 274, NULL, 3),
(1428, 73, NULL, 4),
(1428, 121, NULL, 2),
(1428, 352, NULL, 3),
(1428, 376, NULL, 1),
(1429, 98, NULL, 4),
(1429, 197, NULL, 3),
(1429, 261, NULL, 2),
(1429, 358, NULL, 1),
(1430, 7, NULL, 3),
(1430, 21, NULL, 4),
(1430, 144, NULL, 1),
(1430, 271, NULL, 2),
(1431, 121, NULL, 1),
(1431, 178, NULL, 2),
(1431, 227, NULL, 4),
(1431, 271, NULL, 3),
(1432, 45, NULL, 2),
(1432, 60, 45, 4),
(1432, 235, NULL, 3),
(1432, 366, NULL, 1),
(1433, 119, NULL, 3),
(1433, 305, NULL, 2),
(1433, 310, NULL, 4),
(1433, 316, NULL, 1),
(1434, 124, NULL, 4),
(1434, 365, NULL, 3),
(1434, 368, NULL, 2),
(1434, 377, NULL, 1),
(1435, 183, NULL, 3),
(1435, 286, NULL, 4),
(1435, 341, NULL, 2),
(1435, 368, NULL, 1),
(1436, 226, NULL, 2),
(1436, 248, NULL, 4),
(1436, 280, NULL, 1),
(1436, 343, NULL, 3),
(1437, 80, NULL, 2),
(1437, 88, NULL, 3),
(1437, 99, NULL, 4),
(1437, 367, NULL, 1),
(1438, 38, NULL, 2),
(1438, 42, NULL, 3),
(1438, 48, NULL, 4),
(1438, 229, NULL, 1),
(1439, 22, NULL, 4),
(1439, 39, NULL, 2),
(1439, 147, NULL, 1),
(1439, 185, NULL, 3),
(1440, 79, NULL, 1),
(1440, 81, NULL, 3),
(1440, 85, NULL, 2),
(1440, 87, NULL, 4),
(1441, 55, NULL, 4),
(1441, 144, NULL, 1),
(1441, 149, NULL, 3),
(1441, 164, NULL, 2),
(1442, 145, NULL, 4),
(1442, 188, NULL, 3),
(1442, 213, NULL, 1),
(1442, 264, NULL, 2),
(1443, 2, NULL, 2),
(1443, 47, NULL, 1),
(1443, 171, NULL, 3),
(1443, 200, NULL, 4),
(1444, 8, NULL, 2),
(1444, 195, NULL, 1),
(1444, 198, NULL, 3),
(1444, 203, NULL, 4),
(1445, 59, NULL, 2),
(1445, 209, NULL, 1),
(1445, 214, NULL, 3),
(1445, 341, NULL, 4),
(1446, 38, NULL, 1),
(1446, 49, NULL, 4),
(1446, 146, NULL, 2),
(1446, 254, NULL, 3),
(1447, 78, NULL, 2),
(1447, 151, NULL, 4),
(1447, 165, NULL, 3),
(1447, 194, NULL, 1),
(1448, 281, NULL, 2),
(1448, 284, NULL, 3),
(1448, 294, NULL, 4),
(1448, 315, NULL, 1),
(1449, 126, NULL, 3),
(1449, 210, NULL, 1),
(1449, 254, NULL, 2),
(1449, 275, NULL, 4),
(1450, 39, NULL, 2),
(1450, 117, NULL, 1),
(1450, 171, NULL, 3),
(1450, 354, NULL, 4),
(1451, 38, NULL, 1),
(1451, 45, NULL, 2),
(1451, 101, NULL, 4),
(1451, 169, NULL, 3),
(1452, 41, NULL, 1),
(1452, 99, NULL, 4),
(1452, 149, NULL, 2),
(1452, 186, NULL, 3),
(1453, 43, NULL, 2),
(1453, 129, NULL, 3),
(1453, 164, NULL, 1),
(1453, 210, NULL, 4),
(1454, 78, NULL, 1),
(1454, 180, NULL, 2),
(1454, 210, NULL, 3),
(1454, 234, NULL, 4),
(1455, 81, NULL, 2),
(1455, 214, NULL, 4),
(1455, 280, NULL, 1),
(1455, 284, NULL, 3),
(1456, 251, NULL, 2),
(1456, 319, NULL, 1),
(1456, 320, NULL, 3),
(1456, 322, NULL, 4),
(1457, 49, NULL, 4),
(1457, 74, NULL, 1),
(1457, 178, NULL, 2),
(1457, 234, NULL, 3),
(1458, 117, NULL, 3),
(1458, 175, NULL, 4),
(1458, 227, NULL, 1),
(1458, 232, NULL, 2),
(1459, 43, NULL, 3),
(1459, 149, NULL, 1),
(1459, 206, 46, 4),
(1459, 377, NULL, 2),
(1460, 232, NULL, 3),
(1460, 300, NULL, 1),
(1460, 319, NULL, 2),
(1460, 329, NULL, 4),
(1461, 1, NULL, 1),
(1461, 165, NULL, 2),
(1461, 261, NULL, 3),
(1461, 279, NULL, 4),
(1462, 156, NULL, 4),
(1462, 180, NULL, 3),
(1462, 230, NULL, 2),
(1462, 366, NULL, 1),
(1463, 178, NULL, 3),
(1463, 210, NULL, 1),
(1463, 285, NULL, 2),
(1463, 288, NULL, 4),
(1464, 182, NULL, 3),
(1464, 299, NULL, 1),
(1464, 302, NULL, 2),
(1464, 328, NULL, 4),
(1465, 45, NULL, 2),
(1465, 203, NULL, 3),
(1465, 275, NULL, 4),
(1465, 378, NULL, 1),
(1466, 163, NULL, 2),
(1466, 227, NULL, 1),
(1466, 234, 6, 4),
(1466, 268, NULL, 3),
(1467, 247, NULL, 4),
(1467, 262, NULL, 1),
(1467, 269, NULL, 2),
(1467, 273, NULL, 3),
(1468, 210, NULL, 3),
(1468, 282, NULL, 1),
(1468, 285, NULL, 2),
(1468, 295, NULL, 4),
(1469, 18, NULL, 3),
(1469, 145, NULL, 1),
(1469, 151, NULL, 2),
(1469, 209, NULL, 4),
(1470, 199, NULL, 2),
(1470, 204, NULL, 4),
(1470, 317, NULL, 1),
(1470, 340, NULL, 3),
(1471, 178, NULL, 1),
(1471, 211, NULL, 2),
(1471, 280, NULL, 3),
(1471, 302, NULL, 4),
(1472, 214, NULL, 2),
(1472, 220, NULL, 3),
(1472, 263, NULL, 1),
(1472, 277, NULL, 4),
(1473, 295, NULL, 4),
(1473, 335, NULL, 1),
(1473, 337, NULL, 2),
(1473, 340, NULL, 3),
(1474, 281, NULL, 2),
(1474, 288, NULL, 3),
(1474, 323, NULL, 4),
(1474, 334, NULL, 1),
(1475, 184, NULL, 3),
(1475, 319, NULL, 2),
(1475, 334, NULL, 1),
(1475, 343, NULL, 4),
(1476, 18, NULL, 4),
(1476, 37, NULL, 3),
(1476, 167, NULL, 2),
(1476, 228, NULL, 1),
(1477, 145, NULL, 2),
(1477, 170, NULL, 3),
(1477, 172, NULL, 4),
(1477, 229, NULL, 1),
(1478, 17, NULL, 3),
(1478, 207, NULL, 4),
(1478, 342, NULL, 2),
(1478, 366, NULL, 1),
(1479, 166, NULL, 2),
(1479, 284, NULL, 3),
(1479, 337, NULL, 1),
(1479, 345, NULL, 4),
(1480, 84, NULL, 3),
(1480, 95, NULL, 4),
(1480, 180, NULL, 1),
(1480, 251, NULL, 2),
(1481, 2, NULL, 1),
(1481, 42, NULL, 4),
(1481, 117, NULL, 3),
(1481, 231, NULL, 2),
(1482, 63, NULL, 4),
(1482, 82, NULL, 2),
(1482, 121, NULL, 1),
(1482, 153, NULL, 3),
(1483, 92, NULL, 4),
(1483, 184, NULL, 2),
(1483, 248, NULL, 1),
(1483, 361, NULL, 3),
(1484, 47, NULL, 3),
(1484, 147, NULL, 2),
(1484, 168, NULL, 4),
(1484, 259, NULL, 1),
(1485, 42, NULL, 2),
(1485, 43, NULL, 1),
(1485, 136, NULL, 4),
(1485, 165, NULL, 3),
(1486, 146, NULL, 1),
(1486, 151, NULL, 2),
(1486, 220, NULL, 3),
(1486, 306, NULL, 4),
(1487, 180, NULL, 3),
(1487, 196, NULL, 1),
(1487, 247, NULL, 2),
(1487, 256, NULL, 4),
(1488, 3, NULL, 1),
(1488, 84, NULL, 3),
(1488, 149, NULL, 2),
(1488, 153, NULL, 4),
(1489, 169, NULL, 2),
(1489, 239, NULL, 3),
(1489, 240, NULL, 4),
(1489, 372, NULL, 1),
(1490, 164, NULL, 2),
(1490, 179, NULL, 3),
(1490, 214, NULL, 4),
(1490, 246, NULL, 1),
(1491, 53, NULL, 1),
(1491, 76, NULL, 4),
(1491, 180, NULL, 2),
(1491, 299, NULL, 3),
(1492, 37, NULL, 1),
(1492, 39, NULL, 2),
(1492, 84, 46, 4),
(1492, 274, NULL, 3),
(1493, 166, NULL, 3),
(1493, 210, NULL, 2),
(1493, 246, NULL, 1),
(1493, 252, NULL, 4),
(1494, 14, NULL, 2),
(1494, 26, 59, 3),
(1494, 139, NULL, 4),
(1494, 174, NULL, 1),
(1495, 65, 60, 4),
(1495, 92, NULL, 2),
(1495, 180, NULL, 1),
(1495, 361, NULL, 3),
(1496, 238, NULL, 2),
(1496, 281, NULL, 1),
(1496, 291, NULL, 3),
(1496, 359, NULL, 4),
(1497, 146, NULL, 1),
(1497, 197, NULL, 2),
(1497, 247, NULL, 3),
(1497, 273, NULL, 4),
(1498, 3, NULL, 1),
(1498, 147, NULL, 3),
(1498, 211, NULL, 4),
(1498, 227, NULL, 2),
(1499, 35, NULL, 1),
(1499, 165, NULL, 2),
(1499, 236, NULL, 3),
(1499, 373, NULL, 4),
(1500, 180, NULL, 2),
(1500, 203, NULL, 3),
(1500, 258, NULL, 4),
(1500, 260, NULL, 1),
(1501, 14, NULL, 4),
(1501, 37, NULL, 1),
(1501, 45, NULL, 2),
(1501, 264, NULL, 3),
(1502, 53, NULL, 4),
(1502, 144, NULL, 1),
(1502, 199, NULL, 2),
(1502, 236, NULL, 3),
(1503, 7, NULL, 2),
(1503, 36, NULL, 1),
(1503, 89, NULL, 4),
(1503, 220, NULL, 3),
(1504, 145, NULL, 1),
(1504, 187, NULL, 4),
(1504, 230, NULL, 2),
(1504, 271, NULL, 3),
(1505, 93, NULL, 4),
(1505, 119, NULL, 1),
(1505, 155, NULL, 3),
(1505, 248, NULL, 2),
(1506, 170, NULL, 4),
(1506, 199, NULL, 2),
(1506, 202, NULL, 3),
(1506, 261, NULL, 1),
(1507, 60, NULL, 3),
(1507, 113, NULL, 1),
(1507, 199, NULL, 2),
(1507, 233, NULL, 4),
(1508, 43, NULL, 3),
(1508, 46, NULL, 4),
(1508, 202, 22, 2),
(1508, 355, NULL, 1),
(1509, 16, NULL, 4),
(1509, 148, NULL, 3),
(1509, 355, NULL, 1),
(1509, 367, NULL, 2),
(1510, 25, NULL, 3),
(1510, 209, NULL, 1),
(1510, 225, NULL, 4),
(1510, 234, NULL, 2),
(1511, 81, NULL, 4),
(1511, 179, NULL, 2),
(1511, 180, NULL, 3),
(1511, 260, NULL, 1),
(1512, 7, NULL, 1),
(1512, 38, NULL, 2),
(1512, 96, NULL, 4),
(1512, 197, NULL, 3),
(1513, 52, NULL, 4),
(1513, 74, NULL, 1),
(1513, 78, NULL, 3),
(1513, 178, NULL, 2),
(1514, 117, NULL, 4),
(1514, 180, NULL, 3),
(1514, 196, NULL, 2),
(1514, 371, NULL, 1),
(1515, 199, NULL, 2),
(1515, 310, NULL, 4),
(1515, 338, NULL, 1),
(1515, 375, NULL, 3),
(1516, 6, NULL, 3),
(1516, 145, NULL, 1),
(1516, 198, NULL, 4),
(1516, 251, NULL, 2),
(1517, 40, NULL, 1),
(1517, 81, NULL, 2),
(1517, 123, NULL, 3),
(1517, 127, NULL, 4),
(1518, 260, NULL, 2),
(1518, 270, NULL, 3),
(1518, 338, NULL, 4),
(1518, 376, NULL, 1),
(1519, 156, NULL, 3),
(1519, 182, NULL, 4),
(1519, 197, NULL, 2),
(1519, 209, NULL, 1),
(1520, 36, NULL, 2),
(1520, 117, NULL, 3),
(1520, 146, NULL, 1),
(1520, 175, NULL, 4),
(1521, 42, NULL, 2),
(1521, 96, NULL, 4),
(1521, 146, NULL, 1),
(1521, 166, NULL, 3),
(1522, 53, NULL, 4),
(1522, 115, NULL, 2),
(1522, 166, NULL, 3),
(1522, 228, NULL, 1),
(1523, 122, NULL, 4),
(1523, 149, NULL, 2),
(1523, 214, NULL, 3),
(1523, 299, NULL, 1),
(1524, 57, NULL, 4),
(1524, 185, NULL, 3),
(1524, 209, NULL, 1),
(1524, 231, NULL, 2),
(1525, 245, NULL, 3),
(1525, 259, NULL, 1),
(1525, 327, NULL, 4),
(1525, 335, NULL, 2),
(1526, 76, NULL, 2),
(1526, 166, NULL, 3),
(1526, 195, NULL, 1),
(1526, 238, NULL, 4),
(1527, 199, NULL, 3),
(1527, 263, NULL, 2),
(1527, 276, NULL, 4),
(1527, 340, NULL, 1),
(1528, 35, NULL, 2),
(1528, 58, NULL, 4),
(1528, 209, NULL, 1),
(1528, 227, NULL, 3),
(1529, 42, NULL, 2),
(1529, 122, NULL, 3),
(1529, 308, NULL, 4),
(1529, 354, NULL, 1),
(1530, 13, NULL, 3),
(1530, 165, NULL, 2),
(1530, 209, NULL, 1),
(1530, 252, NULL, 4),
(1531, 9, NULL, 4),
(1531, 146, NULL, 3),
(1531, 210, NULL, 2),
(1531, 317, NULL, 1),
(1532, 247, NULL, 4),
(1532, 259, NULL, 1),
(1532, 316, NULL, 2),
(1532, 348, NULL, 3),
(1533, 185, NULL, 3),
(1533, 232, NULL, 2),
(1533, 260, NULL, 1),
(1533, 270, NULL, 4),
(1534, 260, NULL, 1),
(1534, 281, NULL, 2),
(1534, 282, NULL, 3),
(1534, 305, 40, 4),
(1535, 189, NULL, 3),
(1535, 308, NULL, 1),
(1535, 311, NULL, 4),
(1535, 329, NULL, 2),
(1536, 286, NULL, 4),
(1536, 335, NULL, 2),
(1536, 341, NULL, 3),
(1536, 359, NULL, 1),
(1537, 216, NULL, 3),
(1537, 303, NULL, 2),
(1537, 308, NULL, 4),
(1537, 355, NULL, 1),
(1538, 118, NULL, 1),
(1538, 203, NULL, 4),
(1538, 207, NULL, 3),
(1538, 368, NULL, 2),
(1539, 247, NULL, 4),
(1539, 259, NULL, 1),
(1539, 325, NULL, 3),
(1539, 334, NULL, 2),
(1540, 17, NULL, 4),
(1540, 241, 25, 3),
(1540, 247, NULL, 2),
(1540, 368, NULL, 1),
(1541, 41, NULL, 2),
(1541, 209, NULL, 4),
(1541, 255, NULL, 3),
(1541, 268, NULL, 1),
(1542, 42, NULL, 3),
(1542, 202, NULL, 2),
(1542, 278, NULL, 4),
(1542, 365, NULL, 1),
(1543, 75, NULL, 2),
(1543, 87, NULL, 4),
(1543, 113, NULL, 3),
(1543, 228, NULL, 1),
(1544, 17, NULL, 4),
(1544, 180, NULL, 1),
(1544, 185, NULL, 2),
(1544, 188, NULL, 3),
(1545, 12, 51, 3),
(1545, 24, 52, 4),
(1545, 201, NULL, 1),
(1545, 213, NULL, 2),
(1546, 278, NULL, 4),
(1546, 334, NULL, 1),
(1546, 337, NULL, 2),
(1546, 340, NULL, 3),
(1547, 144, NULL, 2),
(1547, 265, NULL, 3),
(1547, 278, NULL, 4),
(1547, 280, NULL, 1),
(1548, 149, NULL, 2),
(1548, 215, NULL, 3),
(1548, 220, NULL, 4),
(1548, 229, NULL, 1),
(1549, 167, NULL, 2),
(1549, 172, 74, 4),
(1549, 194, NULL, 1),
(1549, 260, NULL, 3),
(1550, 167, NULL, 2),
(1550, 214, NULL, 1),
(1550, 227, NULL, 3),
(1550, 242, NULL, 4),
(1551, 180, NULL, 2),
(1551, 200, NULL, 3),
(1551, 210, NULL, 1),
(1551, 218, 53, 4),
(1552, 180, NULL, 2),
(1552, 214, NULL, 3),
(1552, 260, NULL, 1),
(1552, 275, 48, 4),
(1553, 271, NULL, 2),
(1553, 303, NULL, 3),
(1553, 315, NULL, 1),
(1553, 345, NULL, 4),
(1554, 308, NULL, 4),
(1554, 318, NULL, 2),
(1554, 334, NULL, 1),
(1554, 340, NULL, 3),
(1555, 51, NULL, 3),
(1555, 169, NULL, 4),
(1555, 180, NULL, 2),
(1555, 213, NULL, 1),
(1556, 43, NULL, 2),
(1556, 171, NULL, 4),
(1556, 355, NULL, 1),
(1556, 365, NULL, 3),
(1557, 2, NULL, 2),
(1557, 36, NULL, 1),
(1557, 85, NULL, 4),
(1557, 178, NULL, 3),
(1558, 66, NULL, 2),
(1558, 98, NULL, 3),
(1558, 175, NULL, 1),
(1558, 360, NULL, 4),
(1559, 1, NULL, 1),
(1559, 91, NULL, 4),
(1559, 146, NULL, 2),
(1559, 214, NULL, 3),
(1560, 127, NULL, 4),
(1560, 148, NULL, 3),
(1560, 209, NULL, 2),
(1560, 358, NULL, 1),
(1561, 62, NULL, 4),
(1561, 281, NULL, 1),
(1561, 319, NULL, 2),
(1561, 325, NULL, 3),
(1562, 210, NULL, 2),
(1562, 319, NULL, 1),
(1562, 332, NULL, 4),
(1562, 347, NULL, 3),
(1563, 41, NULL, 2),
(1563, 113, NULL, 1),
(1563, 196, NULL, 3),
(1563, 272, NULL, 4),
(1564, 1, NULL, 1),
(1564, 44, NULL, 2),
(1564, 234, NULL, 3),
(1564, 252, NULL, 4),
(1565, 126, NULL, 4),
(1565, 179, NULL, 3),
(1565, 200, NULL, 1),
(1565, 261, NULL, 2),
(1566, 10, NULL, 4),
(1566, 168, NULL, 2),
(1566, 200, NULL, 3),
(1566, 265, NULL, 1),
(1567, 59, NULL, 3),
(1567, 175, NULL, 2),
(1567, 237, NULL, 4),
(1567, 367, NULL, 1),
(1568, 56, NULL, 4),
(1568, 116, NULL, 1),
(1568, 178, NULL, 2),
(1568, 198, NULL, 3),
(1569, 7, NULL, 2),
(1569, 89, NULL, 4),
(1569, 144, NULL, 1),
(1569, 153, NULL, 3),
(1570, 178, NULL, 3),
(1570, 210, NULL, 4),
(1570, 227, NULL, 1),
(1570, 368, NULL, 2),
(1571, 10, NULL, 1),
(1571, 44, 50, 4),
(1571, 200, NULL, 3),
(1571, 210, NULL, 2),
(1572, 145, NULL, 1),
(1572, 147, NULL, 3),
(1572, 166, NULL, 4),
(1572, 282, NULL, 2),
(1573, 55, NULL, 2),
(1573, 209, NULL, 1),
(1573, 212, NULL, 3),
(1573, 274, NULL, 4),
(1574, 188, NULL, 3),
(1574, 266, NULL, 2),
(1574, 291, 41, 4),
(1574, 316, NULL, 1),
(1575, 58, NULL, 2),
(1575, 63, NULL, 4),
(1575, 174, NULL, 3),
(1575, 363, NULL, 1),
(1576, 133, NULL, 3),
(1576, 207, NULL, 2),
(1576, 346, NULL, 1),
(1576, 349, NULL, 4),
(1577, 300, NULL, 1),
(1577, 329, NULL, 4),
(1577, 335, NULL, 3),
(1577, 360, NULL, 2),
(1578, 75, NULL, 2),
(1578, 79, NULL, 3),
(1578, 111, NULL, 4),
(1578, 372, NULL, 1),
(1579, 35, NULL, 1),
(1579, 39, NULL, 2),
(1579, 45, NULL, 3),
(1579, 108, NULL, 4),
(1580, 1, NULL, 1),
(1580, 81, NULL, 3),
(1580, 95, NULL, 4),
(1580, 119, NULL, 2),
(1581, 185, NULL, 3),
(1581, 315, NULL, 1),
(1581, 320, NULL, 2),
(1581, 346, NULL, 4),
(1582, 148, NULL, 2),
(1582, 195, NULL, 1),
(1582, 210, NULL, 3),
(1582, 258, NULL, 4),
(1583, 99, NULL, 4),
(1583, 209, NULL, 1),
(1583, 230, NULL, 2),
(1583, 354, NULL, 3),
(1584, 185, NULL, 3),
(1584, 280, NULL, 1),
(1584, 319, NULL, 2),
(1584, 340, NULL, 4),
(1585, 212, NULL, 3),
(1585, 289, NULL, 4),
(1585, 299, NULL, 1),
(1585, 318, NULL, 2),
(1586, 110, NULL, 3),
(1586, 210, NULL, 4),
(1586, 326, NULL, 2),
(1586, 333, NULL, 1),
(1587, 45, NULL, 1),
(1587, 82, NULL, 4),
(1587, 152, NULL, 2),
(1587, 156, NULL, 3),
(1588, 2, NULL, 1),
(1588, 24, NULL, 4),
(1588, 57, NULL, 2),
(1588, 87, NULL, 3),
(1589, 318, NULL, 2),
(1589, 327, NULL, 3),
(1589, 334, NULL, 1),
(1589, 338, NULL, 4),
(1590, 164, NULL, 1),
(1590, 230, NULL, 2),
(1590, 246, NULL, 3),
(1590, 327, NULL, 4),
(1591, 3, NULL, 1),
(1591, 100, NULL, 4),
(1591, 119, NULL, 3),
(1591, 128, NULL, 2),
(1592, 89, NULL, 3),
(1592, 178, NULL, 1),
(1592, 180, NULL, 4),
(1592, 246, NULL, 2),
(1593, 152, NULL, 4),
(1593, 170, NULL, 2),
(1593, 210, NULL, 1),
(1593, 215, NULL, 3),
(1594, 3, NULL, 2),
(1594, 148, NULL, 3),
(1594, 211, NULL, 1),
(1594, 222, 47, 4),
(1595, 75, NULL, 3),
(1595, 114, NULL, 1),
(1595, 195, NULL, 2),
(1595, 257, NULL, 4),
(1596, 6, NULL, 1),
(1596, 58, 46, 4),
(1596, 81, NULL, 2),
(1596, 150, NULL, 3),
(1597, 197, NULL, 2),
(1597, 256, NULL, 3),
(1597, 319, NULL, 1),
(1597, 322, NULL, 4),
(1598, 51, 49, 4),
(1598, 200, NULL, 2),
(1598, 226, NULL, 1),
(1598, 234, NULL, 3),
(1599, 165, NULL, 3),
(1599, 186, NULL, 4),
(1599, 195, NULL, 2),
(1599, 229, NULL, 1),
(1600, 290, NULL, 4),
(1600, 299, NULL, 2),
(1600, 321, NULL, 3),
(1600, 368, NULL, 1),
(1601, 13, NULL, 4),
(1601, 44, NULL, 1),
(1601, 255, NULL, 2),
(1601, 266, NULL, 3),
(1602, 114, NULL, 2),
(1602, 245, NULL, 1),
(1602, 247, NULL, 4),
(1602, 272, NULL, 3),
(1603, 231, NULL, 2),
(1603, 299, NULL, 1),
(1603, 322, NULL, 4),
(1603, 340, NULL, 3),
(1604, 48, NULL, 3),
(1604, 227, NULL, 2),
(1604, 255, NULL, 4),
(1604, 360, NULL, 1),
(1605, 8, NULL, 3),
(1605, 38, NULL, 2),
(1605, 90, NULL, 4),
(1605, 352, NULL, 1),
(1606, 47, NULL, 2),
(1606, 209, NULL, 1),
(1606, 234, NULL, 4),
(1606, 377, NULL, 3),
(1607, 259, NULL, 3),
(1607, 335, NULL, 1),
(1607, 337, NULL, 2),
(1607, 346, NULL, 4),
(1608, 2, NULL, 1),
(1608, 82, 50, 4),
(1608, 210, 42, 3),
(1608, 334, 13, 2),
(1609, 40, 37, 2),
(1609, 145, NULL, 1),
(1609, 161, 66, 4),
(1609, 205, 44, 3),
(1610, 36, 14, 2),
(1610, 210, 37, 3),
(1610, 226, NULL, 1),
(1610, 251, 48, 4),
(1611, 36, NULL, 1),
(1611, 84, 53, 4),
(1611, 144, 17, 2),
(1611, 198, 41, 3),
(1612, 2, 21, 2),
(1612, 281, NULL, 1),
(1612, 284, 32, 3),
(1612, 345, 45, 4),
(1613, 57, 70, 4),
(1613, 163, 28, 2),
(1613, 164, NULL, 1),
(1613, 231, 39, 3),
(1614, 7, 53, 4),
(1614, 45, 41, 3),
(1614, 74, 10, 1),
(1614, 79, 24, 2),
(1615, 37, 39, 3),
(1615, 281, NULL, 1),
(1615, 291, 44, 4),
(1615, 302, 21, 2),
(1616, 2, NULL, 2),
(1616, 90, 70, 4),
(1616, 180, 8, 3),
(1616, 353, NULL, 1),
(1617, 1, 9, 1),
(1617, 114, 58, 4),
(1617, 182, 24, 2),
(1617, 275, 43, 3),
(1618, 163, NULL, 1),
(1618, 205, 62, 4),
(1618, 260, 23, 2),
(1618, 262, 35, 3),
(1619, 42, 16, 2),
(1619, 122, 43, 3),
(1619, 212, NULL, 1),
(1619, 249, 55, 4),
(1620, 12, 54, 4),
(1620, 194, NULL, 1),
(1620, 196, 20, 2),
(1620, 259, 32, 3),
(1621, 78, 44, 4),
(1621, 113, NULL, 1),
(1621, 164, NULL, 2),
(1621, 215, 38, 3),
(1622, 153, 35, 3),
(1622, 209, 9, 1),
(1622, 210, 22, 2),
(1622, 214, 54, 4),
(1623, 39, NULL, 2),
(1623, 79, 28, 3),
(1623, 156, 49, 4),
(1623, 354, NULL, 1),
(1624, 35, NULL, 2),
(1624, 59, 83, 4),
(1624, 162, NULL, 1),
(1624, 169, NULL, 3),
(1625, 37, NULL, 2),
(1625, 132, NULL, 4),
(1625, 162, NULL, 3),
(1625, 228, NULL, 1),
(1626, 287, NULL, 4),
(1626, 299, NULL, 2),
(1626, 300, NULL, 3),
(1626, 366, NULL, 1),
(1627, 20, NULL, 4),
(1627, 37, NULL, 2),
(1627, 163, NULL, 1),
(1627, 171, NULL, 3),
(1628, 3, NULL, 1),
(1628, 42, NULL, 3),
(1628, 47, NULL, 2),
(1628, 60, NULL, 4),
(1629, 37, NULL, 1),
(1629, 155, NULL, 4),
(1629, 227, NULL, 3),
(1629, 232, NULL, 2),
(1630, 259, NULL, 1),
(1630, 300, NULL, 2),
(1630, 318, NULL, 3),
(1630, 323, NULL, 4),
(1631, 37, NULL, 2),
(1631, 167, NULL, 3),
(1631, 234, NULL, 4),
(1631, 373, NULL, 1),
(1632, 37, NULL, 2),
(1632, 147, NULL, 3),
(1632, 274, 52, 4),
(1632, 375, NULL, 1),
(1633, 319, NULL, 1),
(1633, 321, NULL, 3),
(1633, 323, NULL, 4),
(1633, 327, NULL, 2),
(1634, 162, NULL, 2),
(1634, 205, NULL, 4),
(1634, 228, NULL, 1),
(1634, 274, NULL, 3),
(1635, 168, NULL, 2),
(1635, 228, NULL, 1),
(1635, 232, NULL, 3),
(1635, 300, NULL, 4),
(1636, 151, NULL, 4),
(1636, 162, NULL, 1),
(1636, 225, NULL, 3),
(1636, 234, NULL, 2),
(1637, 202, NULL, 2),
(1637, 227, NULL, 1),
(1637, 228, NULL, 3),
(1637, 248, NULL, 4),
(1638, 37, NULL, 2),
(1638, 47, NULL, 3),
(1638, 59, 53, 4),
(1638, 115, NULL, 1),
(1639, 48, NULL, 3),
(1639, 162, NULL, 2),
(1639, 168, NULL, 4),
(1639, 228, NULL, 1),
(1640, 74, NULL, 2),
(1640, 187, NULL, 3),
(1640, 196, NULL, 1),
(1640, 261, NULL, 4),
(1641, 329, NULL, 4),
(1641, 337, NULL, 2),
(1641, 341, NULL, 3),
(1641, 378, NULL, 1),
(1642, 321, NULL, 1),
(1642, 334, NULL, 2),
(1642, 337, NULL, 3),
(1642, 348, NULL, 4),
(1643, 167, NULL, 2),
(1643, 179, NULL, 1),
(1643, 232, NULL, 4),
(1643, 248, NULL, 3),
(1644, 51, NULL, 4),
(1644, 202, NULL, 3),
(1644, 226, NULL, 2),
(1644, 354, NULL, 1),
(1645, 40, NULL, 3),
(1645, 114, NULL, 1),
(1645, 165, NULL, 4),
(1645, 195, NULL, 2),
(1646, 114, NULL, 2),
(1646, 196, NULL, 3),
(1646, 266, NULL, 4),
(1646, 378, NULL, 1),
(1647, 9, NULL, 3),
(1647, 158, NULL, 4),
(1647, 212, NULL, 2),
(1647, 226, NULL, 1),
(1648, 114, NULL, 2),
(1648, 148, NULL, 4),
(1648, 195, NULL, 1),
(1648, 198, NULL, 3),
(1649, 53, NULL, 4),
(1649, 79, NULL, 3),
(1649, 114, NULL, 1),
(1649, 174, NULL, 2),
(1650, 93, NULL, 2),
(1650, 151, NULL, 3),
(1650, 192, NULL, 4),
(1650, 194, NULL, 1),
(1651, 119, NULL, 3),
(1651, 166, NULL, 4),
(1651, 197, NULL, 2),
(1651, 231, NULL, 1),
(1652, 42, NULL, 3),
(1652, 182, NULL, 2),
(1652, 187, NULL, 4),
(1652, 229, NULL, 1),
(1653, 6, NULL, 3),
(1653, 113, NULL, 1),
(1653, 149, NULL, 2),
(1653, 188, NULL, 4),
(1654, 196, NULL, 1),
(1654, 203, NULL, 3),
(1654, 260, NULL, 2),
(1654, 330, NULL, 4),
(1655, 4, NULL, 1),
(1655, 8, NULL, 2),
(1655, 131, NULL, 4),
(1655, 151, NULL, 3),
(1656, 25, NULL, 2),
(1656, 77, NULL, 3),
(1656, 90, NULL, 4),
(1656, 354, NULL, 1),
(1657, 78, NULL, 2),
(1657, 130, NULL, 4),
(1657, 164, NULL, 3),
(1657, 190, NULL, 1),
(1658, 79, NULL, 2),
(1658, 164, NULL, 3),
(1658, 230, NULL, 1),
(1658, 258, NULL, 4),
(1659, 35, NULL, 2),
(1659, 87, NULL, 4),
(1659, 164, NULL, 1),
(1659, 230, NULL, 3),
(1660, 35, NULL, 2),
(1660, 98, NULL, 4),
(1660, 164, NULL, 3),
(1660, 230, NULL, 1),
(1661, 35, NULL, 1),
(1661, 103, NULL, 4),
(1661, 164, NULL, 2),
(1661, 230, NULL, 3),
(1662, 302, NULL, 2),
(1662, 327, NULL, 3),
(1662, 328, NULL, 4),
(1662, 372, NULL, 1),
(1663, 76, NULL, 2),
(1663, 121, NULL, 4),
(1663, 164, NULL, 1),
(1663, 340, NULL, 3),
(1664, 35, NULL, 3),
(1664, 85, NULL, 4),
(1664, 164, NULL, 2),
(1664, 230, NULL, 1),
(1665, 78, NULL, 1),
(1665, 128, NULL, 4),
(1665, 182, NULL, 3),
(1665, 229, NULL, 2),
(1666, 164, NULL, 2),
(1666, 215, NULL, 3),
(1666, 230, NULL, 1),
(1666, 263, NULL, 4),
(1667, 48, NULL, 4),
(1667, 164, NULL, 3),
(1667, 190, NULL, 2),
(1667, 378, NULL, 1),
(1668, 35, NULL, 1),
(1668, 78, NULL, 4),
(1668, 184, NULL, 2),
(1668, 230, NULL, 3),
(1669, 164, NULL, 2),
(1669, 230, NULL, 3),
(1669, 302, NULL, 1),
(1669, 347, NULL, 4),
(1670, 78, NULL, 3),
(1670, 230, NULL, 2),
(1670, 259, NULL, 1),
(1670, 270, NULL, 4),
(1671, 78, NULL, 2),
(1671, 164, NULL, 3),
(1671, 202, NULL, 4),
(1671, 230, NULL, 1),
(1672, 6, NULL, 3),
(1672, 82, NULL, 4),
(1672, 197, NULL, 2),
(1672, 374, NULL, 1),
(1673, 312, NULL, 4),
(1673, 338, NULL, 2),
(1673, 340, NULL, 3),
(1673, 377, NULL, 1),
(1674, 164, NULL, 3),
(1674, 197, NULL, 1),
(1674, 213, NULL, 4),
(1674, 230, NULL, 2),
(1675, 78, NULL, 4),
(1675, 197, NULL, 1),
(1675, 209, NULL, 2),
(1675, 268, NULL, 3),
(1676, 81, NULL, 4),
(1676, 82, NULL, 1),
(1676, 197, NULL, 2),
(1676, 248, NULL, 3),
(1677, 82, NULL, 1),
(1677, 186, NULL, 3),
(1677, 247, NULL, 2),
(1677, 352, NULL, 4),
(1678, 10, NULL, 4),
(1678, 197, NULL, 3),
(1678, 354, NULL, 2),
(1678, 377, NULL, 1),
(1679, 144, NULL, 2),
(1679, 172, NULL, 4),
(1679, 230, NULL, 3),
(1679, 231, NULL, 1),
(1680, 35, NULL, 2),
(1680, 149, NULL, 3),
(1680, 231, NULL, 1),
(1680, 258, NULL, 4),
(1681, 41, NULL, 2),
(1681, 280, NULL, 1),
(1681, 316, NULL, 3),
(1681, 346, NULL, 4),
(1682, 6, NULL, 4),
(1682, 162, NULL, 2),
(1682, 164, NULL, 1),
(1682, 267, NULL, 3),
(1683, 82, NULL, 2),
(1683, 221, NULL, 4),
(1683, 231, NULL, 3),
(1683, 352, NULL, 1),
(1684, 3, NULL, 3),
(1684, 139, NULL, 4),
(1684, 231, NULL, 2),
(1684, 372, NULL, 1),
(1685, 52, NULL, 4),
(1685, 227, NULL, 1),
(1685, 232, NULL, 3),
(1685, 334, NULL, 2),
(1686, 126, NULL, 4),
(1686, 128, NULL, 2),
(1686, 197, NULL, 1),
(1686, 227, NULL, 3),
(1687, 82, NULL, 2),
(1687, 84, NULL, 4),
(1687, 197, NULL, 1),
(1687, 209, NULL, 3),
(1688, 74, NULL, 1),
(1688, 98, NULL, 4),
(1688, 182, NULL, 3),
(1688, 229, NULL, 2),
(1689, 3, NULL, 4),
(1689, 8, NULL, 3),
(1689, 181, NULL, 2),
(1689, 372, NULL, 1),
(1690, 164, NULL, 3),
(1690, 170, NULL, 2),
(1690, 229, NULL, 1),
(1690, 244, 49, 4),
(1691, 38, NULL, 3),
(1691, 190, NULL, 2),
(1691, 193, 52, 4),
(1691, 352, NULL, 1),
(1692, 42, NULL, 4),
(1692, 146, NULL, 2),
(1692, 148, NULL, 1),
(1692, 187, NULL, 3),
(1693, 49, NULL, 4),
(1693, 220, NULL, 3),
(1693, 229, NULL, 2),
(1693, 352, NULL, 1),
(1694, 123, NULL, 3),
(1694, 245, NULL, 1),
(1694, 263, NULL, 2),
(1694, 276, NULL, 4),
(1695, 68, NULL, 4),
(1695, 170, NULL, 3),
(1695, 179, NULL, 2),
(1695, 352, NULL, 1),
(1696, 165, NULL, 2),
(1696, 172, NULL, 4),
(1696, 229, NULL, 1),
(1696, 356, NULL, 3),
(1697, 182, NULL, 1),
(1697, 183, NULL, 3),
(1697, 214, NULL, 2),
(1697, 220, NULL, 4),
(1698, 263, NULL, 3),
(1698, 309, NULL, 4),
(1698, 317, NULL, 1),
(1698, 320, NULL, 2),
(1699, 39, NULL, 3),
(1699, 132, NULL, 4),
(1699, 190, NULL, 2),
(1699, 229, NULL, 1),
(1700, 1, NULL, 2),
(1700, 5, NULL, 4),
(1700, 49, NULL, 3),
(1700, 182, NULL, 1),
(1701, 44, NULL, 1),
(1701, 84, NULL, 2),
(1701, 205, NULL, 4),
(1701, 240, NULL, 3),
(1702, 4, NULL, 2),
(1702, 76, NULL, 3),
(1702, 184, NULL, 4),
(1702, 259, NULL, 1),
(1703, 282, NULL, 2),
(1703, 284, NULL, 3),
(1703, 334, NULL, 1),
(1703, 341, NULL, 4),
(1704, 93, 55, 4),
(1704, 166, NULL, 2),
(1704, 236, NULL, 3),
(1704, 364, NULL, 1),
(1705, 53, NULL, 4),
(1705, 169, NULL, 2),
(1705, 170, NULL, 1),
(1705, 227, NULL, 3),
(1706, 53, NULL, 4),
(1706, 151, NULL, 3),
(1706, 232, NULL, 2),
(1706, 234, NULL, 1),
(1707, 199, NULL, 3),
(1707, 203, NULL, 4),
(1707, 234, NULL, 2),
(1707, 247, NULL, 1),
(1708, 148, NULL, 4),
(1708, 166, NULL, 3),
(1708, 185, NULL, 2),
(1708, 195, NULL, 1),
(1709, 168, NULL, 2),
(1709, 205, NULL, 4),
(1709, 234, NULL, 3),
(1709, 259, NULL, 1),
(1710, 166, NULL, 2),
(1710, 202, NULL, 3),
(1710, 232, NULL, 1),
(1710, 234, NULL, 4),
(1711, 53, NULL, 1),
(1711, 144, NULL, 2),
(1711, 155, NULL, 3),
(1711, 166, NULL, 4),
(1712, 49, NULL, 2),
(1712, 144, NULL, 3),
(1712, 166, NULL, 1),
(1712, 279, NULL, 4),
(1713, 18, NULL, 4),
(1713, 225, NULL, 3),
(1713, 232, NULL, 2),
(1713, 354, NULL, 1),
(1714, 87, NULL, 4),
(1714, 197, NULL, 2),
(1714, 234, NULL, 1),
(1714, 236, NULL, 3),
(1715, 159, 62, 4),
(1715, 284, NULL, 2),
(1715, 308, NULL, 3),
(1715, 368, NULL, 1),
(1716, 53, NULL, 1),
(1716, 75, NULL, 2),
(1716, 93, NULL, 4),
(1716, 234, NULL, 3),
(1717, 335, NULL, 2),
(1717, 344, NULL, 4),
(1717, 349, NULL, 3),
(1717, 372, NULL, 1),
(1718, 81, NULL, 2),
(1718, 203, NULL, 1),
(1718, 212, NULL, 4),
(1718, 214, NULL, 3),
(1719, 195, NULL, 3),
(1719, 220, NULL, 4),
(1719, 226, NULL, 1),
(1719, 261, NULL, 2),
(1720, 42, NULL, 1),
(1720, 83, NULL, 4),
(1720, 151, NULL, 2),
(1720, 337, NULL, 3),
(1721, 42, NULL, 4),
(1721, 282, NULL, 2),
(1721, 335, NULL, 1),
(1721, 341, NULL, 3),
(1722, 116, NULL, 2),
(1722, 240, NULL, 1),
(1722, 261, NULL, 3),
(1722, 349, NULL, 4),
(1723, 42, NULL, 3),
(1723, 232, NULL, 2),
(1723, 261, NULL, 1),
(1723, 275, NULL, 4),
(1724, 122, NULL, 3),
(1724, 144, NULL, 2),
(1724, 261, NULL, 1),
(1724, 279, NULL, 4),
(1725, 40, NULL, 2),
(1725, 116, NULL, 3),
(1725, 138, NULL, 4),
(1725, 199, NULL, 1),
(1726, 81, NULL, 1),
(1726, 144, NULL, 4),
(1726, 151, NULL, 2),
(1726, 365, NULL, 3),
(1727, 40, NULL, 1),
(1727, 81, NULL, 3),
(1727, 146, NULL, 2),
(1727, 198, NULL, 4),
(1728, 82, NULL, 3),
(1728, 240, NULL, 4),
(1728, 259, NULL, 1),
(1728, 260, NULL, 2),
(1729, 113, NULL, 1),
(1729, 114, NULL, 3),
(1729, 151, NULL, 4),
(1729, 232, NULL, 2),
(1730, 240, NULL, 2),
(1730, 245, NULL, 1),
(1730, 263, NULL, 3),
(1730, 349, NULL, 4),
(1731, 151, NULL, 1),
(1731, 153, NULL, 4),
(1731, 212, NULL, 3),
(1731, 240, NULL, 2),
(1732, 151, NULL, 4),
(1732, 199, NULL, 1),
(1732, 213, NULL, 3),
(1732, 261, NULL, 2),
(1733, 7, NULL, 1),
(1733, 12, NULL, 4),
(1733, 212, NULL, 2),
(1733, 214, NULL, 3),
(1734, 7, NULL, 3),
(1734, 212, NULL, 1),
(1734, 225, NULL, 2),
(1734, 270, NULL, 4),
(1735, 210, NULL, 3),
(1735, 320, NULL, 2),
(1735, 345, NULL, 4),
(1735, 354, NULL, 1),
(1736, 7, NULL, 1),
(1736, 99, NULL, 3),
(1736, 100, NULL, 4),
(1736, 212, NULL, 2),
(1737, 2, NULL, 4),
(1737, 7, NULL, 2),
(1737, 148, NULL, 1),
(1737, 255, NULL, 3),
(1738, 7, NULL, 2),
(1738, 99, NULL, 3),
(1738, 253, NULL, 4),
(1738, 353, NULL, 1),
(1739, 82, NULL, 4),
(1739, 148, NULL, 1),
(1739, 165, NULL, 3),
(1739, 210, NULL, 2),
(1740, 272, NULL, 3),
(1740, 323, NULL, 2),
(1740, 334, NULL, 1),
(1740, 348, NULL, 4),
(1741, 24, NULL, 4),
(1741, 194, NULL, 1),
(1741, 212, NULL, 2),
(1741, 370, NULL, 3),
(1742, 81, NULL, 2),
(1742, 192, NULL, 3),
(1742, 194, NULL, 1),
(1742, 300, NULL, 4),
(1743, 74, NULL, 3),
(1743, 99, NULL, 2),
(1743, 165, NULL, 4),
(1743, 353, NULL, 1),
(1744, 77, NULL, 3),
(1744, 146, NULL, 1),
(1744, 212, NULL, 2),
(1744, 225, NULL, 4),
(1745, 49, NULL, 3),
(1745, 81, NULL, 4),
(1745, 212, NULL, 1),
(1745, 263, NULL, 2),
(1746, 125, NULL, 4),
(1746, 148, NULL, 3),
(1746, 225, NULL, 2),
(1746, 226, NULL, 1),
(1747, 84, NULL, 3),
(1747, 165, NULL, 2),
(1747, 192, NULL, 4),
(1747, 374, NULL, 1),
(1748, 7, NULL, 3),
(1748, 16, NULL, 2),
(1748, 192, NULL, 4),
(1748, 195, NULL, 1),
(1749, 14, NULL, 4),
(1749, 162, NULL, 1),
(1749, 254, NULL, 3),
(1749, 264, NULL, 2),
(1750, 156, NULL, 1),
(1750, 212, NULL, 2),
(1750, 215, 45, 3),
(1750, 244, 55, 4),
(1751, 22, NULL, 2),
(1751, 32, NULL, 3),
(1751, 191, NULL, 4),
(1751, 362, NULL, 1),
(1752, 81, NULL, 2),
(1752, 156, 71, 4),
(1752, 239, NULL, 3),
(1752, 254, NULL, 1),
(1753, 14, NULL, 4),
(1753, 157, NULL, 1),
(1753, 165, NULL, 3),
(1753, 246, NULL, 2),
(1754, 205, NULL, 4),
(1754, 228, NULL, 2),
(1754, 254, NULL, 1),
(1754, 266, NULL, 3),
(1755, 8, NULL, 2),
(1755, 191, NULL, 4),
(1755, 287, NULL, 3),
(1755, 290, NULL, 1),
(1756, 42, NULL, 2),
(1756, 157, NULL, 1),
(1756, 165, NULL, 3),
(1756, 296, NULL, 4),
(1757, 264, NULL, 4),
(1757, 269, NULL, 2),
(1757, 272, NULL, 3),
(1757, 378, NULL, 1),
(1758, 14, NULL, 4),
(1758, 123, NULL, 3),
(1758, 167, NULL, 2),
(1758, 363, NULL, 1),
(1759, 91, NULL, 3),
(1759, 93, 67, 4),
(1759, 156, NULL, 1),
(1759, 254, NULL, 2),
(1760, 14, NULL, 3),
(1760, 32, NULL, 4),
(1760, 229, NULL, 1),
(1760, 256, NULL, 2),
(1761, 173, NULL, 3),
(1761, 259, NULL, 1),
(1761, 263, NULL, 2),
(1761, 269, NULL, 4),
(1762, 157, NULL, 2),
(1762, 254, NULL, 3),
(1762, 343, NULL, 4),
(1762, 352, NULL, 1),
(1763, 268, NULL, 4),
(1763, 290, NULL, 2),
(1763, 348, NULL, 3),
(1763, 368, NULL, 1),
(1764, 113, NULL, 1),
(1764, 232, NULL, 2),
(1764, 242, NULL, 3),
(1764, 274, NULL, 4),
(1765, 16, NULL, 2),
(1765, 186, NULL, 4),
(1765, 222, NULL, 3),
(1765, 261, NULL, 1),
(1766, 117, NULL, 3),
(1766, 119, NULL, 2),
(1766, 152, NULL, 4),
(1766, 169, NULL, 1),
(1767, 40, NULL, 3),
(1767, 211, NULL, 2),
(1767, 222, NULL, 4),
(1767, 231, NULL, 1),
(1768, 11, NULL, 2),
(1768, 58, NULL, 1),
(1768, 151, NULL, 3),
(1768, 158, NULL, 4),
(1769, 125, NULL, 3),
(1769, 148, NULL, 1),
(1769, 171, NULL, 2),
(1769, 268, NULL, 4),
(1770, 52, NULL, 4),
(1770, 76, NULL, 2),
(1770, 152, NULL, 3),
(1770, 178, NULL, 1),
(1771, 199, NULL, 2),
(1771, 211, NULL, 3),
(1771, 252, NULL, 4),
(1771, 370, NULL, 1),
(1772, 284, NULL, 3),
(1772, 285, NULL, 2),
(1772, 291, NULL, 4),
(1772, 335, NULL, 1),
(1773, 3, NULL, 1),
(1773, 8, NULL, 3),
(1773, 161, NULL, 4),
(1773, 169, NULL, 2),
(1774, 36, NULL, 1),
(1774, 39, NULL, 3),
(1774, 144, NULL, 2),
(1774, 158, NULL, 4),
(1775, 211, NULL, 3),
(1775, 285, NULL, 1),
(1775, 294, NULL, 4),
(1775, 367, NULL, 2),
(1776, 11, NULL, 3),
(1776, 211, NULL, 1),
(1776, 212, NULL, 2),
(1776, 222, NULL, 4),
(1777, 93, NULL, 2),
(1777, 211, NULL, 1),
(1777, 219, NULL, 3),
(1777, 373, 65, 4),
(1778, 152, NULL, 3),
(1778, 212, NULL, 1),
(1778, 227, NULL, 2),
(1778, 234, NULL, 4),
(1779, 198, NULL, 3),
(1779, 261, NULL, 2),
(1779, 269, NULL, 4),
(1779, 372, NULL, 1),
(1780, 11, NULL, 3),
(1780, 21, NULL, 4),
(1780, 211, NULL, 2),
(1780, 354, NULL, 1),
(1781, 90, NULL, 4),
(1781, 122, NULL, 2),
(1781, 146, NULL, 3),
(1781, 368, NULL, 1),
(1782, 53, NULL, 2),
(1782, 117, NULL, 1),
(1782, 151, NULL, 4),
(1782, 227, NULL, 3),
(1783, 281, NULL, 1),
(1783, 319, NULL, 2),
(1783, 322, NULL, 3),
(1783, 341, NULL, 4),
(1784, 88, NULL, 2),
(1784, 185, NULL, 3),
(1784, 217, NULL, 4),
(1784, 360, NULL, 1),
(1785, 42, NULL, 2),
(1785, 88, NULL, 4),
(1785, 115, NULL, 1),
(1785, 217, NULL, 3),
(1786, 286, NULL, 4),
(1786, 308, NULL, 3),
(1786, 322, NULL, 2),
(1786, 372, NULL, 1),
(1787, 41, NULL, 2),
(1787, 118, NULL, 3),
(1787, 127, NULL, 4),
(1787, 178, NULL, 1),
(1788, 115, NULL, 3),
(1788, 162, NULL, 2),
(1788, 228, NULL, 1),
(1788, 279, NULL, 4),
(1789, 91, NULL, 3),
(1789, 180, NULL, 2),
(1789, 195, NULL, 1),
(1789, 252, NULL, 4),
(1790, 53, NULL, 4),
(1790, 168, NULL, 2),
(1790, 234, NULL, 3),
(1790, 375, NULL, 1),
(1791, 166, NULL, 3),
(1791, 232, NULL, 1),
(1791, 236, NULL, 2),
(1791, 254, NULL, 4),
(1792, 122, NULL, 3),
(1792, 146, NULL, 1),
(1792, 236, NULL, 2),
(1792, 254, NULL, 4),
(1793, 122, NULL, 2),
(1793, 147, NULL, 1),
(1793, 168, NULL, 3),
(1793, 170, NULL, 4),
(1794, 199, NULL, 4),
(1794, 247, NULL, 2),
(1794, 249, NULL, 3),
(1794, 259, NULL, 1),
(1795, 170, NULL, 2),
(1795, 197, NULL, 3),
(1795, 205, NULL, 4),
(1795, 358, NULL, 1),
(1796, 163, NULL, 1),
(1796, 203, NULL, 4),
(1796, 247, NULL, 3),
(1796, 376, NULL, 2),
(1797, 170, NULL, 4),
(1797, 190, NULL, 2),
(1797, 229, NULL, 1),
(1797, 261, NULL, 3),
(1798, 130, NULL, 3),
(1798, 229, NULL, 1),
(1798, 287, NULL, 4),
(1798, 302, NULL, 2),
(1799, 317, NULL, 3),
(1799, 320, NULL, 4),
(1799, 330, NULL, 2),
(1799, 361, NULL, 1),
(1800, 220, NULL, 3),
(1800, 229, NULL, 2),
(1800, 258, NULL, 4),
(1800, 378, NULL, 1),
(1801, 58, NULL, 4),
(1801, 63, NULL, 2),
(1801, 181, NULL, 3),
(1801, 356, NULL, 1),
(1802, 188, NULL, 4),
(1802, 190, NULL, 2),
(1802, 209, NULL, 1),
(1802, 212, NULL, 3),
(1803, 149, NULL, 3),
(1803, 226, NULL, 1),
(1803, 230, NULL, 2),
(1803, 254, NULL, 4),
(1804, 37, NULL, 2),
(1804, 145, NULL, 1),
(1804, 165, NULL, 3),
(1804, 187, NULL, 4),
(1805, 7, NULL, 3),
(1805, 61, NULL, 4),
(1805, 214, NULL, 1),
(1805, 220, NULL, 2),
(1806, 7, NULL, 1),
(1806, 177, NULL, 4),
(1806, 184, NULL, 2),
(1806, 239, 49, 3),
(1807, 38, NULL, 1),
(1807, 49, NULL, 2),
(1807, 59, NULL, 4),
(1807, 271, NULL, 3),
(1808, 165, NULL, 2),
(1808, 168, NULL, 3),
(1808, 228, NULL, 1),
(1808, 267, NULL, 4),
(1809, 100, NULL, 2),
(1809, 190, NULL, 3),
(1809, 233, NULL, 4),
(1809, 353, NULL, 1),
(1810, 82, NULL, 1),
(1810, 128, NULL, 2),
(1810, 173, NULL, 3),
(1810, 346, NULL, 4),
(1811, 49, NULL, 1),
(1811, 164, NULL, 3),
(1811, 202, NULL, 4),
(1811, 230, NULL, 2),
(1812, 126, NULL, 4),
(1812, 150, NULL, 3),
(1812, 178, NULL, 1),
(1812, 179, NULL, 2),
(1813, 92, NULL, 3),
(1813, 210, NULL, 2),
(1813, 235, NULL, 1),
(1813, 306, NULL, 4),
(1814, 283, NULL, 1),
(1814, 303, NULL, 2),
(1814, 325, NULL, 3),
(1814, 361, NULL, 4),
(1815, 145, NULL, 1),
(1815, 197, NULL, 3),
(1815, 248, NULL, 2),
(1815, 271, NULL, 4),
(1816, 261, NULL, 3),
(1816, 283, NULL, 2),
(1816, 341, NULL, 4),
(1816, 366, NULL, 1),
(1817, 171, NULL, 4),
(1817, 179, NULL, 1),
(1817, 248, NULL, 3),
(1817, 261, NULL, 2),
(1818, 82, NULL, 3),
(1818, 245, NULL, 2),
(1818, 303, NULL, 1),
(1818, 346, NULL, 4),
(1819, 119, NULL, 2),
(1819, 150, NULL, 1),
(1819, 155, NULL, 4),
(1819, 209, NULL, 3),
(1820, 150, NULL, 3),
(1820, 179, NULL, 2),
(1820, 235, NULL, 4),
(1820, 248, NULL, 1),
(1821, 83, NULL, 2),
(1821, 145, NULL, 1),
(1821, 153, NULL, 4),
(1821, 235, NULL, 3),
(1822, 2, NULL, 1),
(1822, 127, NULL, 4),
(1822, 150, NULL, 3),
(1822, 261, NULL, 2),
(1823, 1, NULL, 2),
(1823, 153, NULL, 4),
(1823, 213, NULL, 3),
(1823, 353, NULL, 1),
(1824, 36, NULL, 1),
(1824, 148, NULL, 2),
(1824, 150, NULL, 3),
(1824, 207, NULL, 4),
(1825, 43, NULL, 3),
(1825, 157, NULL, 4),
(1825, 235, NULL, 2),
(1825, 355, NULL, 1),
(1826, 43, NULL, 1),
(1826, 129, NULL, 2),
(1826, 206, NULL, 3),
(1826, 355, NULL, 4),
(1827, 129, NULL, 2),
(1827, 173, NULL, 4),
(1827, 200, NULL, 3),
(1827, 355, NULL, 1),
(1828, 153, NULL, 2),
(1828, 262, NULL, 1),
(1828, 270, NULL, 3),
(1828, 341, NULL, 4),
(1829, 185, NULL, 3),
(1829, 204, NULL, 4),
(1829, 255, NULL, 1),
(1829, 260, NULL, 2),
(1830, 212, NULL, 3),
(1830, 284, NULL, 1),
(1830, 319, NULL, 2),
(1830, 327, NULL, 4),
(1831, 74, NULL, 2),
(1831, 79, NULL, 3),
(1831, 155, NULL, 4),
(1831, 179, NULL, 1),
(1832, 12, NULL, 2),
(1832, 80, NULL, 1),
(1832, 128, NULL, 4),
(1832, 153, NULL, 3),
(1833, 128, NULL, 1),
(1833, 180, NULL, 3),
(1833, 258, NULL, 4),
(1833, 260, NULL, 2),
(1834, 91, NULL, 4),
(1834, 187, NULL, 2),
(1834, 226, NULL, 1),
(1834, 319, NULL, 3),
(1835, 84, NULL, 3),
(1835, 117, NULL, 2),
(1835, 206, NULL, 4),
(1835, 377, NULL, 1),
(1836, 125, NULL, 4),
(1836, 153, NULL, 3),
(1836, 271, NULL, 2),
(1836, 354, NULL, 1),
(1837, 19, NULL, 4),
(1837, 119, NULL, 2),
(1837, 206, NULL, 3),
(1837, 372, NULL, 1),
(1838, 74, NULL, 1),
(1838, 119, NULL, 3),
(1838, 248, NULL, 4),
(1838, 269, NULL, 2),
(1839, 315, NULL, 2),
(1839, 323, NULL, 4),
(1839, 338, NULL, 1),
(1839, 340, NULL, 3),
(1840, 76, NULL, 3),
(1840, 82, NULL, 1),
(1840, 119, NULL, 2),
(1840, 239, NULL, 4),
(1841, 16, NULL, 4),
(1841, 153, NULL, 3),
(1841, 247, NULL, 2),
(1841, 353, NULL, 1),
(1842, 44, NULL, 4),
(1842, 113, NULL, 1),
(1842, 121, NULL, 3),
(1842, 271, NULL, 2),
(1843, 180, NULL, 2),
(1843, 253, NULL, 3),
(1843, 345, NULL, 4),
(1843, 353, NULL, 1),
(1844, 148, NULL, 4),
(1844, 158, NULL, 2),
(1844, 179, NULL, 3),
(1844, 194, NULL, 1),
(1845, 146, NULL, 2),
(1845, 280, NULL, 1),
(1845, 290, NULL, 3),
(1845, 294, NULL, 4),
(1846, 135, NULL, 4),
(1846, 172, NULL, 3),
(1846, 179, NULL, 2),
(1846, 251, NULL, 1),
(1847, 116, NULL, 3),
(1847, 163, NULL, 2),
(1847, 195, NULL, 1),
(1847, 275, NULL, 4),
(1848, 275, NULL, 1),
(1848, 290, NULL, 3),
(1848, 334, NULL, 2),
(1848, 372, NULL, 4),
(1849, 28, NULL, 4),
(1849, 179, NULL, 2),
(1849, 221, NULL, 3),
(1849, 372, NULL, 1),
(1850, 8, NULL, 2),
(1850, 75, NULL, 3),
(1850, 131, NULL, 1),
(1850, 296, NULL, 4),
(1851, 38, NULL, 1),
(1851, 81, NULL, 3),
(1851, 129, NULL, 4),
(1851, 178, NULL, 2),
(1852, 6, NULL, 3),
(1852, 13, NULL, 4),
(1852, 81, NULL, 1),
(1852, 149, NULL, 2),
(1853, 288, NULL, 4),
(1853, 290, NULL, 3),
(1853, 341, NULL, 2),
(1853, 368, NULL, 1),
(1854, 4, NULL, 2),
(1854, 114, NULL, 1),
(1854, 203, NULL, 4),
(1854, 251, NULL, 3),
(1855, 153, NULL, 3),
(1855, 158, NULL, 2),
(1855, 209, NULL, 1),
(1855, 248, NULL, 4),
(1856, 1, NULL, 1),
(1856, 196, NULL, 2),
(1856, 252, NULL, 4),
(1856, 263, NULL, 3),
(1857, 37, NULL, 1),
(1857, 210, NULL, 2),
(1857, 214, NULL, 4),
(1857, 221, NULL, 3),
(1858, 92, NULL, 4),
(1858, 167, NULL, 1),
(1858, 189, NULL, 3),
(1858, 265, NULL, 2),
(1859, 48, NULL, 2),
(1859, 80, NULL, 4),
(1859, 265, NULL, 1),
(1859, 267, NULL, 3),
(1860, 47, NULL, 3),
(1860, 182, NULL, 1),
(1860, 220, NULL, 2),
(1860, 238, NULL, 4),
(1861, 247, NULL, 3),
(1861, 265, NULL, 2),
(1861, 344, NULL, 4),
(1861, 378, NULL, 1),
(1862, 25, NULL, 4),
(1862, 167, NULL, 3),
(1862, 360, NULL, 1),
(1862, 376, NULL, 2),
(1863, 148, NULL, 2),
(1863, 234, NULL, 3),
(1863, 238, NULL, 1),
(1863, 295, NULL, 4),
(1864, 305, NULL, 2),
(1864, 307, NULL, 3),
(1864, 328, NULL, 4),
(1864, 368, NULL, 1),
(1865, 45, NULL, 1),
(1865, 60, NULL, 3),
(1865, 167, NULL, 2),
(1865, 240, NULL, 4),
(1866, 158, NULL, 3),
(1866, 167, NULL, 2),
(1866, 265, NULL, 1),
(1866, 296, NULL, 4),
(1867, 30, 75, 4),
(1867, 60, NULL, 1),
(1867, 167, NULL, 2),
(1867, 255, NULL, 3),
(1868, 47, NULL, 1),
(1868, 48, NULL, 3),
(1868, 167, NULL, 2),
(1868, 357, 70, 4),
(1869, 47, NULL, 1),
(1869, 130, NULL, 3),
(1869, 174, NULL, 4),
(1869, 184, NULL, 2),
(1870, 168, NULL, 3),
(1870, 182, NULL, 4),
(1870, 238, NULL, 2),
(1870, 267, NULL, 1),
(1871, 81, NULL, 3),
(1871, 167, NULL, 1),
(1871, 238, NULL, 4),
(1871, 267, NULL, 2),
(1872, 48, NULL, 3),
(1872, 60, NULL, 4),
(1872, 184, NULL, 1),
(1872, 246, NULL, 2),
(1873, 48, NULL, 1),
(1873, 99, NULL, 3),
(1873, 123, NULL, 2),
(1873, 307, NULL, 4),
(1874, 258, NULL, 4),
(1874, 263, NULL, 2),
(1874, 265, NULL, 1),
(1874, 267, NULL, 3),
(1875, 25, NULL, 3),
(1875, 48, NULL, 4),
(1875, 307, NULL, 1),
(1875, 328, NULL, 2),
(1876, 85, NULL, 4),
(1876, 184, NULL, 1),
(1876, 246, NULL, 2),
(1876, 248, NULL, 3),
(1877, 7, NULL, 1),
(1877, 25, NULL, 4),
(1877, 87, NULL, 3),
(1877, 184, NULL, 2),
(1878, 47, 55, 4),
(1878, 138, NULL, 1),
(1878, 167, NULL, 2),
(1878, 352, NULL, 3),
(1879, 167, NULL, 1),
(1879, 179, NULL, 2),
(1879, 322, NULL, 3),
(1879, 328, NULL, 4),
(1880, 53, NULL, 2),
(1880, 159, NULL, 4),
(1880, 170, NULL, 1),
(1880, 308, NULL, 3),
(1881, 190, NULL, 3),
(1881, 238, NULL, 2),
(1881, 267, NULL, 1),
(1881, 274, NULL, 4),
(1882, 92, NULL, 3),
(1882, 167, NULL, 2),
(1882, 267, NULL, 1),
(1882, 370, NULL, 4),
(1883, 46, NULL, 2),
(1883, 184, NULL, 1),
(1883, 309, NULL, 3),
(1883, 375, NULL, 4),
(1884, 48, NULL, 1),
(1884, 138, NULL, 2),
(1884, 328, NULL, 3),
(1884, 329, NULL, 4),
(1885, 265, NULL, 2),
(1885, 267, NULL, 1),
(1885, 270, NULL, 3),
(1885, 323, NULL, 4),
(1886, 25, NULL, 2),
(1886, 156, NULL, 3),
(1886, 328, NULL, 4),
(1886, 360, NULL, 1),
(1887, 184, NULL, 1),
(1887, 225, NULL, 4),
(1887, 246, NULL, 2),
(1887, 249, NULL, 3),
(1888, 28, NULL, 4),
(1888, 184, NULL, 1),
(1888, 238, NULL, 3),
(1888, 365, NULL, 2),
(1889, 138, NULL, 2),
(1889, 184, NULL, 3),
(1889, 194, NULL, 1),
(1889, 208, NULL, 4),
(1890, 167, NULL, 2),
(1890, 168, NULL, 1),
(1890, 215, NULL, 3),
(1890, 378, NULL, 4),
(1891, 35, NULL, 3),
(1891, 92, NULL, 4),
(1891, 188, NULL, 1),
(1891, 233, NULL, 2),
(1892, 48, NULL, 2),
(1892, 69, NULL, 4),
(1892, 254, NULL, 3),
(1892, 368, NULL, 1),
(1893, 47, NULL, 1),
(1893, 110, 70, 4),
(1893, 173, NULL, 2),
(1893, 207, NULL, 3),
(1894, 87, NULL, 4),
(1894, 188, NULL, 1),
(1894, 265, NULL, 2),
(1894, 295, NULL, 3),
(1895, 1, NULL, 2),
(1895, 174, NULL, 1),
(1895, 186, NULL, 3),
(1895, 244, 70, 4),
(1896, 69, NULL, 3),
(1896, 92, NULL, 1),
(1896, 201, NULL, 2),
(1896, 246, NULL, 4),
(1897, 188, NULL, 3),
(1897, 213, NULL, 2),
(1897, 244, NULL, 1),
(1897, 274, NULL, 4),
(1898, 30, 70, 4),
(1898, 115, 53, 2),
(1898, 171, 54, 3),
(1898, 188, NULL, 1),
(1899, 192, 67, 4),
(1899, 240, NULL, 3),
(1899, 263, NULL, 2),
(1899, 378, NULL, 1),
(1900, 295, NULL, 1),
(1900, 296, NULL, 2),
(1900, 360, NULL, 3),
(1900, 367, NULL, 4),
(1901, 60, NULL, 4),
(1901, 247, NULL, 2),
(1901, 256, NULL, 3),
(1901, 267, NULL, 1),
(1902, 9, NULL, 4),
(1902, 92, NULL, 3),
(1902, 230, NULL, 1),
(1902, 304, NULL, 2),
(1903, 129, NULL, 3),
(1903, 188, NULL, 2),
(1903, 215, NULL, 1),
(1903, 216, NULL, 4),
(1904, 11, NULL, 3),
(1904, 49, NULL, 1),
(1904, 68, NULL, 4),
(1904, 167, NULL, 2),
(1905, 48, NULL, 2),
(1905, 164, NULL, 1),
(1905, 184, NULL, 3),
(1905, 328, NULL, 4),
(1906, 20, NULL, 4),
(1906, 47, NULL, 3),
(1906, 202, NULL, 1),
(1906, 256, NULL, 2),
(1907, 46, NULL, 1),
(1907, 69, NULL, 4),
(1907, 174, NULL, 3),
(1907, 251, NULL, 2),
(1908, 55, NULL, 3),
(1908, 63, NULL, 4),
(1908, 164, NULL, 1),
(1908, 286, NULL, 2),
(1909, 85, NULL, 1),
(1909, 217, NULL, 2),
(1909, 265, NULL, 3),
(1909, 307, NULL, 4),
(1910, 139, NULL, 3),
(1910, 289, NULL, 2),
(1910, 311, NULL, 4),
(1910, 336, NULL, 1),
(1911, 25, NULL, 3),
(1911, 30, NULL, 4),
(1911, 211, NULL, 2),
(1911, 215, NULL, 1),
(1912, 85, NULL, 1),
(1912, 90, NULL, 4),
(1912, 164, NULL, 2),
(1912, 267, NULL, 3),
(1913, 26, NULL, 4),
(1913, 67, NULL, 3),
(1913, 364, NULL, 2),
(1913, 368, NULL, 1),
(1914, 82, NULL, 3),
(1914, 195, NULL, 2),
(1914, 208, NULL, 4),
(1914, 367, NULL, 1),
(1915, 80, NULL, 2),
(1915, 190, NULL, 4),
(1915, 267, NULL, 3),
(1915, 352, NULL, 1),
(1916, 45, NULL, 2),
(1916, 68, NULL, 4),
(1916, 234, NULL, 3),
(1916, 368, NULL, 1),
(1917, 122, NULL, 2),
(1917, 217, NULL, 4),
(1917, 255, NULL, 3),
(1917, 353, NULL, 1),
(1918, 52, NULL, 4),
(1918, 227, NULL, 2),
(1918, 279, NULL, 3),
(1918, 372, NULL, 1),
(1919, 55, NULL, 3),
(1919, 63, 70, 4),
(1919, 88, NULL, 2),
(1919, 353, NULL, 1),
(1920, 314, NULL, 4),
(1920, 324, NULL, 3),
(1920, 327, NULL, 2),
(1920, 368, NULL, 1),
(1921, 100, NULL, 4),
(1921, 226, NULL, 2),
(1921, 252, NULL, 3),
(1921, 369, NULL, 1),
(1922, 16, NULL, 3),
(1922, 133, 55, 4),
(1922, 203, NULL, 2),
(1922, 354, NULL, 1),
(1923, 16, NULL, 2),
(1923, 32, NULL, 4),
(1923, 156, NULL, 3),
(1923, 360, NULL, 1),
(1924, 257, NULL, 4),
(1924, 321, NULL, 3),
(1924, 329, NULL, 1),
(1924, 377, NULL, 2),
(1925, 93, NULL, 3),
(1925, 95, NULL, 4),
(1925, 266, NULL, 2),
(1925, 368, NULL, 1),
(1926, 69, 65, 4),
(1926, 85, NULL, 3),
(1926, 181, NULL, 1),
(1926, 257, NULL, 2),
(1927, 95, NULL, 3),
(1927, 98, NULL, 1),
(1927, 189, NULL, 2),
(1927, 365, NULL, 4),
(1928, 184, NULL, 3),
(1928, 250, NULL, 2),
(1928, 257, NULL, 1),
(1928, 329, NULL, 4),
(1929, 95, NULL, 2),
(1929, 108, NULL, 4),
(1929, 183, NULL, 3),
(1929, 367, NULL, 1),
(1930, 104, NULL, 4),
(1930, 174, NULL, 2),
(1930, 256, NULL, 3),
(1930, 265, NULL, 1),
(1931, 98, NULL, 4),
(1931, 184, NULL, 2),
(1931, 330, NULL, 3),
(1931, 354, NULL, 1),
(1932, 25, NULL, 3),
(1932, 200, NULL, 1),
(1932, 257, NULL, 4),
(1932, 355, NULL, 2),
(1933, 196, NULL, 3),
(1933, 249, NULL, 2),
(1933, 257, NULL, 1),
(1933, 330, NULL, 4),
(1934, 91, NULL, 2),
(1934, 109, 75, 4),
(1934, 180, NULL, 1),
(1934, 357, 60, 3),
(1935, 21, NULL, 4),
(1935, 222, NULL, 2),
(1935, 354, NULL, 1),
(1935, 358, NULL, 3),
(1936, 39, NULL, 2),
(1936, 71, 75, 4),
(1936, 238, NULL, 1),
(1936, 355, 60, 3),
(1937, 21, NULL, 2),
(1937, 33, NULL, 4),
(1937, 157, NULL, 3),
(1937, 367, NULL, 1),
(1938, 222, NULL, 1),
(1938, 294, NULL, 2),
(1938, 326, 65, 4),
(1938, 366, 40, 3),
(1939, 153, NULL, 3),
(1939, 259, NULL, 1),
(1939, 276, NULL, 4),
(1939, 370, NULL, 2),
(1940, 60, NULL, 4),
(1940, 157, NULL, 3),
(1940, 158, NULL, 1),
(1940, 211, NULL, 2),
(1941, 58, 68, 4),
(1941, 158, NULL, 1),
(1941, 212, NULL, 2),
(1941, 253, 45, 3),
(1942, 21, NULL, 4),
(1942, 47, NULL, 1),
(1942, 152, NULL, 3),
(1942, 158, NULL, 2),
(1943, 47, NULL, 1),
(1943, 55, NULL, 2),
(1943, 56, NULL, 3),
(1943, 158, NULL, 4),
(1944, 222, NULL, 4),
(1944, 294, NULL, 1),
(1944, 307, NULL, 3),
(1944, 377, NULL, 2),
(1945, 1, NULL, 2),
(1945, 30, 75, 4),
(1945, 158, NULL, 3),
(1945, 188, NULL, 1),
(1946, 162, NULL, 2),
(1946, 185, NULL, 1),
(1946, 231, NULL, 3),
(1946, 261, NULL, 4),
(1947, 42, NULL, 4),
(1947, 119, NULL, 1),
(1947, 146, NULL, 2),
(1947, 212, NULL, 3),
(1948, 121, NULL, 1),
(1948, 164, NULL, 2),
(1948, 214, NULL, 4),
(1948, 230, NULL, 3),
(1949, 145, NULL, 2),
(1949, 192, NULL, 4),
(1949, 285, NULL, 3),
(1949, 334, NULL, 1),
(1950, 9, NULL, 4),
(1950, 194, NULL, 1),
(1950, 210, NULL, 3),
(1950, 229, NULL, 2),
(1951, 196, NULL, 2),
(1951, 262, NULL, 1),
(1951, 267, NULL, 3),
(1951, 348, NULL, 4),
(1952, 8, NULL, 1),
(1952, 144, NULL, 2),
(1952, 161, NULL, 4),
(1952, 179, NULL, 3),
(1953, 5, NULL, 4),
(1953, 145, NULL, 1),
(1953, 209, NULL, 2),
(1953, 250, NULL, 3),
(1954, 12, NULL, 3);
INSERT INTO `player_learns_hissatsu` (`player_id`, `item_hissatsu_id`, `learn_lv`, `learn_order`) VALUES
(1954, 149, NULL, 2),
(1954, 165, NULL, 1),
(1954, 234, NULL, 4),
(1955, 5, NULL, 3),
(1955, 145, NULL, 1),
(1955, 152, NULL, 2),
(1955, 261, NULL, 4),
(1956, 1, NULL, 1),
(1956, 122, NULL, 4),
(1956, 259, NULL, 2),
(1956, 273, NULL, 3),
(1957, 231, NULL, 3),
(1957, 316, NULL, 1),
(1957, 318, NULL, 2),
(1957, 327, NULL, 4),
(1958, 3, NULL, 1),
(1958, 30, NULL, 4),
(1958, 174, NULL, 3),
(1958, 365, NULL, 2),
(1959, 114, NULL, 3),
(1959, 135, NULL, 4),
(1959, 194, NULL, 1),
(1959, 226, NULL, 2),
(1960, 62, NULL, 4),
(1960, 89, NULL, 3),
(1960, 194, NULL, 2),
(1960, 358, NULL, 1),
(1961, 144, NULL, 1),
(1961, 231, NULL, 2),
(1961, 248, NULL, 3),
(1961, 261, NULL, 4),
(1962, 80, NULL, 4),
(1962, 194, NULL, 2),
(1962, 335, NULL, 1),
(1962, 341, NULL, 3),
(1963, 226, NULL, 1),
(1963, 227, NULL, 2),
(1963, 261, NULL, 3),
(1963, 264, NULL, 4),
(1964, 74, NULL, 1),
(1964, 79, NULL, 3),
(1964, 128, NULL, 4),
(1964, 194, NULL, 2),
(1965, 40, NULL, 4),
(1965, 42, NULL, 2),
(1965, 74, NULL, 1),
(1965, 78, NULL, 3),
(1966, 115, NULL, 1),
(1966, 128, NULL, 3),
(1966, 197, NULL, 2),
(1966, 234, NULL, 4),
(1967, 116, NULL, 4),
(1967, 146, NULL, 2),
(1967, 165, NULL, 3),
(1967, 178, NULL, 1),
(1968, 118, NULL, 4),
(1968, 144, NULL, 2),
(1968, 229, NULL, 1),
(1968, 231, NULL, 3),
(1969, 199, NULL, 4),
(1969, 263, NULL, 3),
(1969, 265, NULL, 2),
(1969, 378, NULL, 1),
(1970, 75, NULL, 2),
(1970, 82, NULL, 4),
(1970, 88, NULL, 3),
(1970, 378, NULL, 1),
(1971, 61, NULL, 3),
(1971, 150, NULL, 2),
(1971, 209, NULL, 1),
(1971, 235, NULL, 4),
(1972, 3, NULL, 2),
(1972, 92, NULL, 4),
(1972, 200, NULL, 3),
(1972, 366, NULL, 1),
(1973, 259, NULL, 1),
(1973, 287, NULL, 4),
(1973, 299, NULL, 2),
(1973, 335, NULL, 3),
(1974, 166, NULL, 2),
(1974, 234, NULL, 3),
(1974, 275, NULL, 4),
(1974, 371, NULL, 1),
(1975, 44, NULL, 2),
(1975, 84, NULL, 4),
(1975, 117, NULL, 1),
(1975, 179, NULL, 3),
(1976, 334, NULL, 1),
(1976, 335, NULL, 2),
(1976, 341, NULL, 3),
(1976, 361, NULL, 4),
(1977, 42, NULL, 4),
(1977, 194, NULL, 1),
(1977, 229, NULL, 3),
(1977, 235, NULL, 2),
(1978, 1, NULL, 2),
(1978, 46, NULL, 1),
(1978, 215, NULL, 3),
(1978, 216, NULL, 4),
(1979, 46, NULL, 1),
(1979, 79, NULL, 2),
(1979, 87, NULL, 4),
(1979, 231, NULL, 3),
(1980, 44, NULL, 3),
(1980, 78, NULL, 2),
(1980, 85, NULL, 4),
(1980, 155, NULL, 1),
(1981, 164, NULL, 2),
(1981, 215, NULL, 3),
(1981, 230, NULL, 1),
(1981, 244, NULL, 4),
(1982, 46, NULL, 4),
(1982, 164, NULL, 1),
(1982, 215, NULL, 3),
(1982, 231, NULL, 2),
(1983, 46, NULL, 3),
(1983, 215, NULL, 1),
(1983, 271, NULL, 2),
(1983, 278, NULL, 4),
(1984, 254, NULL, 4),
(1984, 278, NULL, 1),
(1984, 289, NULL, 3),
(1984, 334, NULL, 2),
(1985, 87, NULL, 4),
(1985, 197, NULL, 3),
(1985, 299, NULL, 1),
(1985, 327, NULL, 2),
(1986, 262, NULL, 3),
(1986, 270, NULL, 4),
(1986, 289, NULL, 1),
(1986, 318, NULL, 2),
(1987, 149, NULL, 1),
(1987, 170, NULL, 3),
(1987, 202, NULL, 4),
(1987, 227, NULL, 2),
(1988, 129, NULL, 2),
(1988, 155, NULL, 3),
(1988, 216, NULL, 1),
(1988, 224, 69, 4),
(1989, 197, NULL, 3),
(1989, 215, NULL, 4),
(1989, 231, NULL, 2),
(1989, 252, NULL, 1),
(1990, 144, NULL, 1),
(1990, 188, NULL, 4),
(1990, 202, NULL, 2),
(1990, 215, NULL, 3),
(1991, 16, NULL, 4),
(1991, 155, NULL, 2),
(1991, 216, NULL, 3),
(1991, 355, NULL, 1),
(1992, 245, NULL, 1),
(1992, 272, NULL, 2),
(1992, 278, NULL, 4),
(1992, 331, NULL, 3),
(1993, 36, NULL, 1),
(1993, 129, NULL, 4),
(1993, 146, NULL, 2),
(1993, 155, NULL, 3),
(1994, 168, NULL, 2),
(1994, 237, NULL, 3),
(1994, 271, NULL, 4),
(1994, 375, NULL, 1),
(1995, 8, NULL, 2),
(1995, 206, NULL, 4),
(1995, 237, NULL, 3),
(1995, 375, NULL, 1),
(1996, 51, NULL, 4),
(1996, 237, NULL, 3),
(1996, 254, NULL, 2),
(1996, 375, NULL, 1),
(1997, 204, NULL, 4),
(1997, 214, NULL, 2),
(1997, 237, NULL, 3),
(1997, 375, NULL, 1),
(1998, 82, NULL, 2),
(1998, 237, NULL, 3),
(1998, 241, NULL, 4),
(1998, 375, NULL, 1),
(1999, 93, NULL, 2),
(1999, 206, NULL, 4),
(1999, 237, NULL, 3),
(1999, 375, NULL, 1),
(2000, 295, NULL, 4),
(2000, 336, NULL, 2),
(2000, 347, NULL, 3),
(2000, 375, NULL, 1),
(2001, 81, NULL, 2),
(2001, 106, NULL, 4),
(2001, 237, NULL, 3),
(2001, 375, NULL, 1),
(2002, 127, NULL, 2),
(2002, 202, NULL, 4),
(2002, 237, NULL, 3),
(2002, 375, NULL, 1),
(2003, 113, NULL, 2),
(2003, 175, NULL, 4),
(2003, 371, NULL, 3),
(2003, 375, NULL, 1),
(2004, 53, NULL, 2),
(2004, 237, NULL, 3),
(2004, 354, NULL, 4),
(2004, 375, NULL, 1),
(2005, 41, NULL, 2),
(2005, 89, NULL, 4),
(2005, 214, NULL, 1),
(2005, 241, NULL, 3),
(2006, 6, NULL, 1),
(2006, 84, NULL, 3),
(2006, 153, NULL, 2),
(2006, 254, NULL, 4),
(2007, 10, NULL, 4),
(2007, 148, NULL, 2),
(2007, 204, NULL, 3),
(2007, 214, NULL, 1),
(2008, 42, NULL, 3),
(2008, 93, NULL, 2),
(2008, 113, NULL, 4),
(2008, 252, NULL, 1),
(2009, 7, NULL, 3),
(2009, 19, NULL, 2),
(2009, 149, NULL, 1),
(2009, 254, NULL, 4),
(2010, 6, NULL, 2),
(2010, 130, NULL, 3),
(2010, 163, NULL, 1),
(2010, 165, NULL, 4),
(2011, 82, NULL, 2),
(2011, 149, NULL, 1),
(2011, 251, NULL, 3),
(2011, 318, NULL, 4),
(2012, 80, NULL, 3),
(2012, 164, NULL, 2),
(2012, 170, NULL, 4),
(2012, 210, NULL, 1),
(2013, 286, NULL, 4),
(2013, 321, NULL, 2),
(2013, 336, NULL, 1),
(2013, 339, NULL, 3),
(2014, 18, NULL, 4),
(2014, 93, NULL, 3),
(2014, 180, NULL, 2),
(2014, 262, NULL, 1),
(2015, 10, NULL, 3),
(2015, 14, NULL, 4),
(2015, 37, NULL, 1),
(2015, 226, NULL, 2),
(2016, 41, NULL, 2),
(2016, 55, NULL, 4),
(2016, 272, NULL, 3),
(2016, 352, NULL, 1),
(2017, 88, NULL, 1),
(2017, 153, NULL, 2),
(2017, 155, NULL, 3),
(2017, 254, NULL, 4),
(2018, 171, NULL, 3),
(2018, 220, NULL, 2),
(2018, 239, NULL, 4),
(2018, 354, NULL, 1),
(2019, 93, NULL, 3),
(2019, 151, NULL, 2),
(2019, 212, NULL, 1),
(2019, 271, NULL, 4),
(2020, 93, NULL, 1),
(2020, 97, NULL, 4),
(2020, 149, NULL, 3),
(2020, 180, NULL, 2),
(2021, 44, NULL, 4),
(2021, 163, NULL, 1),
(2021, 202, NULL, 2),
(2021, 248, NULL, 3),
(2022, 149, NULL, 1),
(2022, 153, NULL, 3),
(2022, 192, NULL, 4),
(2022, 232, NULL, 2),
(2023, 155, NULL, 2),
(2023, 210, NULL, 1),
(2023, 215, NULL, 3),
(2023, 239, NULL, 4),
(2024, 331, NULL, 4),
(2024, 332, NULL, 3),
(2024, 336, NULL, 2),
(2024, 369, NULL, 1),
(2025, 12, NULL, 2),
(2025, 107, NULL, 4),
(2025, 185, NULL, 3),
(2025, 360, NULL, 1),
(2026, 10, NULL, 1),
(2026, 16, NULL, 3),
(2026, 18, NULL, 4),
(2026, 19, NULL, 2),
(2027, 9, NULL, 4),
(2027, 198, NULL, 1),
(2027, 232, NULL, 3),
(2027, 372, NULL, 2),
(2028, 146, NULL, 3),
(2028, 174, NULL, 4),
(2028, 211, NULL, 2),
(2028, 264, NULL, 1),
(2029, 198, NULL, 2),
(2029, 221, NULL, 1),
(2029, 274, NULL, 4),
(2029, 366, NULL, 3),
(2030, 122, NULL, 3),
(2030, 199, NULL, 1),
(2030, 264, NULL, 2),
(2030, 266, NULL, 4),
(2031, 9, NULL, 2),
(2031, 148, NULL, 3),
(2031, 158, NULL, 1),
(2031, 169, NULL, 4),
(2032, 3, NULL, 3),
(2032, 185, NULL, 2),
(2032, 198, NULL, 1),
(2032, 251, NULL, 4),
(2033, 39, NULL, 3),
(2033, 288, NULL, 1),
(2033, 294, NULL, 2),
(2033, 302, NULL, 4),
(2034, 148, NULL, 2),
(2034, 158, NULL, 1),
(2034, 264, NULL, 3),
(2034, 268, NULL, 4),
(2035, 13, NULL, 1),
(2035, 158, NULL, 2),
(2035, 228, NULL, 3),
(2035, 269, NULL, 4),
(2036, 198, NULL, 3),
(2036, 288, NULL, 1),
(2036, 290, NULL, 2),
(2036, 359, 64, 4),
(2037, 221, NULL, 2),
(2037, 264, NULL, 1),
(2037, 266, NULL, 4),
(2037, 288, NULL, 3),
(2038, 9, NULL, 2),
(2038, 13, NULL, 1),
(2038, 51, NULL, 4),
(2038, 354, NULL, 3),
(2039, 258, NULL, 4),
(2039, 260, NULL, 1),
(2039, 264, NULL, 2),
(2039, 337, NULL, 3),
(2040, 81, NULL, 2),
(2040, 198, NULL, 1),
(2040, 212, NULL, 3),
(2040, 252, NULL, 4),
(2041, 3, NULL, 2),
(2041, 51, NULL, 4),
(2041, 198, NULL, 3),
(2041, 212, NULL, 1),
(2042, 3, NULL, 3),
(2042, 13, NULL, 1),
(2042, 148, NULL, 2),
(2042, 375, NULL, 4),
(2043, 51, NULL, 1),
(2043, 79, NULL, 2),
(2043, 267, NULL, 4),
(2043, 358, NULL, 3),
(2044, 51, NULL, 1),
(2044, 79, NULL, 3),
(2044, 213, NULL, 2),
(2044, 330, 53, 4),
(2045, 6, NULL, 4),
(2045, 182, NULL, 3),
(2045, 213, NULL, 1),
(2045, 220, NULL, 2),
(2046, 146, NULL, 1),
(2046, 170, 50, 3),
(2046, 231, NULL, 2),
(2046, 236, NULL, 4),
(2047, 156, NULL, 1),
(2047, 190, NULL, 4),
(2047, 201, NULL, 2),
(2047, 266, NULL, 3),
(2048, 266, NULL, 4),
(2048, 281, NULL, 2),
(2048, 284, NULL, 3),
(2048, 291, NULL, 1),
(2049, 260, NULL, 2),
(2049, 291, NULL, 1),
(2049, 323, NULL, 4),
(2049, 377, NULL, 3),
(2050, 90, NULL, 4),
(2050, 183, NULL, 3),
(2050, 213, NULL, 1),
(2050, 227, NULL, 2),
(2051, 182, NULL, 3),
(2051, 213, NULL, 1),
(2051, 220, NULL, 2),
(2051, 275, NULL, 4),
(2052, 51, NULL, 1),
(2052, 201, NULL, 2),
(2052, 213, NULL, 3),
(2052, 369, NULL, 4),
(2053, 169, NULL, 3),
(2053, 197, NULL, 2),
(2053, 201, NULL, 1),
(2053, 266, NULL, 4),
(2054, 47, NULL, 4),
(2054, 51, NULL, 2),
(2054, 337, NULL, 3),
(2054, 367, NULL, 1),
(2055, 197, NULL, 3),
(2055, 213, NULL, 1),
(2055, 262, NULL, 2),
(2055, 348, NULL, 4),
(2056, 116, NULL, 2),
(2056, 190, NULL, 3),
(2056, 201, NULL, 1),
(2056, 278, NULL, 4),
(2057, 8, NULL, 3),
(2057, 156, NULL, 1),
(2057, 163, NULL, 2),
(2057, 188, NULL, 4),
(2058, 52, NULL, 4),
(2058, 76, NULL, 2),
(2058, 78, NULL, 3),
(2058, 201, NULL, 1),
(2059, 22, NULL, 2),
(2059, 73, NULL, 4),
(2059, 157, NULL, 3),
(2059, 362, NULL, 1),
(2060, 214, NULL, 3),
(2060, 229, NULL, 1),
(2060, 249, NULL, 2),
(2060, 255, NULL, 4),
(2061, 181, NULL, 1),
(2061, 189, NULL, 2),
(2061, 205, NULL, 4),
(2061, 371, NULL, 3),
(2062, 21, NULL, 3),
(2062, 33, 50, 4),
(2062, 158, NULL, 2),
(2062, 367, NULL, 1),
(2063, 121, NULL, 4),
(2063, 181, NULL, 1),
(2063, 205, NULL, 2),
(2063, 230, NULL, 3),
(2064, 322, NULL, 2),
(2064, 325, NULL, 1),
(2064, 329, NULL, 3),
(2064, 361, NULL, 4),
(2065, 131, NULL, 4),
(2065, 146, NULL, 2),
(2065, 189, NULL, 1),
(2065, 354, NULL, 3),
(2066, 82, NULL, 2),
(2066, 249, NULL, 1),
(2066, 340, NULL, 3),
(2066, 370, NULL, 4),
(2067, 321, NULL, 2),
(2067, 325, NULL, 1),
(2067, 329, NULL, 4),
(2067, 360, NULL, 3),
(2068, 88, 0, 3),
(2068, 127, 63, 4),
(2068, 181, 1, 1),
(2068, 360, 1, 2),
(2069, 181, NULL, 1),
(2069, 190, NULL, 4),
(2069, 205, NULL, 3),
(2069, 232, NULL, 2),
(2070, 145, NULL, 4),
(2070, 229, NULL, 3),
(2070, 249, NULL, 2),
(2070, 252, NULL, 1),
(2071, 95, NULL, 3),
(2071, 108, 50, 4),
(2071, 189, NULL, 2),
(2071, 367, NULL, 1),
(2072, 229, NULL, 2),
(2072, 238, NULL, 3),
(2072, 249, NULL, 1),
(2072, 266, NULL, 4),
(2073, 180, NULL, 3),
(2073, 189, NULL, 2),
(2073, 249, NULL, 1),
(2073, 352, NULL, 4),
(2074, 14, NULL, 4),
(2074, 229, NULL, 2),
(2074, 249, NULL, 3),
(2074, 251, NULL, 1),
(2075, 48, NULL, 2),
(2075, 69, NULL, 4),
(2075, 254, NULL, 3),
(2075, 368, NULL, 1),
(2076, 328, NULL, 4),
(2076, 349, NULL, 3),
(2076, 360, NULL, 1),
(2076, 366, NULL, 2),
(2077, 22, NULL, 3),
(2077, 25, NULL, 4),
(2077, 156, NULL, 2),
(2077, 165, NULL, 1),
(2078, 48, NULL, 1),
(2078, 99, NULL, 3),
(2078, 123, NULL, 2),
(2078, 307, NULL, 4),
(2079, 229, NULL, 1),
(2079, 256, NULL, 4),
(2079, 265, NULL, 2),
(2079, 338, NULL, 3),
(2080, 151, NULL, 3),
(2080, 229, NULL, 1),
(2080, 242, NULL, 4),
(2080, 372, NULL, 2),
(2081, 36, NULL, 3),
(2081, 80, NULL, 1),
(2081, 98, NULL, 4),
(2081, 190, NULL, 2),
(2082, 273, NULL, 3),
(2082, 286, NULL, 4),
(2082, 307, NULL, 2),
(2082, 320, NULL, 1),
(2083, 119, NULL, 3),
(2083, 228, NULL, 4),
(2083, 317, NULL, 1),
(2083, 348, NULL, 2),
(2084, 77, NULL, 2),
(2084, 99, NULL, 3),
(2084, 190, NULL, 1),
(2084, 238, NULL, 4),
(2085, 19, 20, 4),
(2085, 84, 15, 3),
(2085, 104, 1, 2),
(2085, 165, 1, 1),
(2086, 100, 58, 3),
(2086, 229, 1, 1),
(2086, 232, 15, 2),
(2086, 309, 68, 4),
(2087, 1, 1, 1),
(2087, 181, 44, 3),
(2087, 240, 20, 2),
(2087, 323, 50, 4),
(2088, 58, 42, 4),
(2088, 98, 1, 1),
(2088, 170, 35, 3),
(2088, 182, 15, 2),
(2089, 49, 42, 4),
(2089, 59, 20, 3),
(2089, 184, 1, 1),
(2089, 376, 1, 2),
(2090, 182, 1, 1),
(2090, 236, 20, 3),
(2090, 267, 30, 4),
(2090, 375, 1, 2),
(2091, 118, NULL, 2),
(2091, 166, NULL, 3),
(2091, 215, NULL, 4),
(2091, 229, 1, 1),
(2092, 48, 46, 3),
(2092, 98, 20, 2),
(2092, 156, 1, 1),
(2092, 242, 58, 4),
(2093, 177, NULL, 4),
(2093, 229, NULL, 1),
(2093, 234, NULL, 3),
(2093, 240, NULL, 2),
(2094, 58, 30, 2),
(2094, 190, 1, 1),
(2094, 254, 38, 3),
(2094, 279, 45, 4),
(2095, 8, NULL, 1),
(2095, 184, NULL, 3),
(2095, 193, NULL, 2),
(2095, 255, NULL, 4),
(2096, 45, NULL, 2),
(2096, 167, NULL, 1),
(2096, 190, NULL, 4),
(2096, 213, NULL, 3),
(2097, 59, NULL, 2),
(2097, 104, NULL, 4),
(2097, 205, NULL, 3),
(2097, 242, NULL, 1),
(2098, 45, NULL, 3),
(2098, 147, NULL, 1),
(2098, 267, NULL, 4),
(2098, 363, NULL, 2),
(2099, 229, NULL, 1),
(2099, 256, NULL, 4),
(2099, 280, NULL, 3),
(2099, 309, NULL, 2),
(2100, 181, NULL, 3),
(2100, 190, NULL, 1),
(2100, 234, NULL, 4),
(2100, 242, NULL, 2),
(2101, 115, NULL, 3),
(2101, 193, NULL, 2),
(2101, 205, NULL, 4),
(2101, 227, NULL, 1),
(2102, 48, NULL, 4),
(2102, 67, NULL, 2),
(2102, 156, NULL, 1),
(2102, 170, NULL, 3),
(2103, 228, NULL, 1),
(2103, 232, NULL, 2),
(2103, 265, NULL, 4),
(2103, 309, NULL, 3),
(2104, 155, NULL, 3),
(2104, 165, NULL, 1),
(2104, 206, NULL, 4),
(2104, 238, NULL, 2),
(2105, 35, NULL, 1),
(2105, 238, NULL, 3),
(2105, 242, NULL, 2),
(2105, 294, NULL, 4),
(2106, 190, NULL, 1),
(2106, 273, NULL, 3),
(2106, 309, NULL, 4),
(2106, 378, NULL, 2),
(2107, 184, NULL, 4),
(2107, 299, NULL, 3),
(2107, 309, NULL, 2),
(2107, 359, NULL, 1),
(2108, 168, NULL, 1),
(2108, 267, NULL, 4),
(2108, 278, NULL, 3),
(2108, 334, NULL, 2),
(2109, 157, NULL, 4),
(2109, 193, NULL, 1),
(2109, 242, NULL, 3),
(2109, 352, NULL, 2),
(2110, 190, NULL, 2),
(2110, 265, NULL, 1),
(2110, 296, NULL, 4),
(2110, 360, NULL, 3),
(2111, 212, NULL, 3),
(2111, 218, 49, 4),
(2111, 268, NULL, 2),
(2111, 299, NULL, 1),
(2112, 26, NULL, 1),
(2112, 126, NULL, 2),
(2112, 171, NULL, 3),
(2112, 354, 58, 4),
(2113, 113, NULL, 2),
(2113, 123, NULL, 3),
(2113, 126, NULL, 1),
(2113, 188, NULL, 4),
(2114, 26, NULL, 4),
(2114, 287, NULL, 1),
(2114, 299, NULL, 2),
(2114, 328, NULL, 3),
(2115, 169, NULL, 3),
(2115, 171, NULL, 1),
(2115, 209, NULL, 2),
(2115, 268, NULL, 4),
(2116, 180, NULL, 3),
(2116, 231, NULL, 4),
(2116, 268, NULL, 1),
(2116, 275, NULL, 2),
(2117, 58, NULL, 4),
(2117, 165, NULL, 2),
(2117, 182, NULL, 3),
(2117, 268, NULL, 1),
(2118, 48, 41, 4),
(2118, 126, 20, 2),
(2118, 163, 28, 3),
(2118, 188, 1, 1),
(2119, 79, NULL, 3),
(2119, 164, NULL, 2),
(2119, 171, NULL, 1),
(2119, 172, NULL, 4),
(2120, 202, NULL, 2),
(2120, 268, NULL, 1),
(2120, 336, NULL, 3),
(2120, 346, NULL, 4),
(2121, 126, 1, 1),
(2121, 165, 25, 2),
(2121, 185, 62, 4),
(2121, 188, 30, 3),
(2122, 202, NULL, 3),
(2122, 287, 1, 1),
(2122, 289, NULL, 2),
(2122, 305, NULL, 4),
(2123, 149, NULL, 2),
(2123, 171, 1, 1),
(2123, 172, NULL, 4),
(2123, 214, NULL, 3),
(2124, 136, NULL, 4),
(2124, 171, NULL, 2),
(2124, 194, NULL, 1),
(2124, 248, NULL, 3),
(2125, 171, NULL, 1),
(2125, 234, NULL, 3),
(2125, 266, NULL, 4),
(2125, 358, NULL, 2),
(2126, 6, 21, 2),
(2126, 26, 60, 4),
(2126, 268, 1, 1),
(2126, 287, 32, 3),
(2127, 183, NULL, 1),
(2127, 187, NULL, 3),
(2127, 212, NULL, 4),
(2127, 226, NULL, 2),
(2128, 165, NULL, 1),
(2128, 171, NULL, 4),
(2128, 271, NULL, 2),
(2128, 318, NULL, 3),
(2129, 196, NULL, 1),
(2129, 205, NULL, 3),
(2129, 250, NULL, 2),
(2129, 331, NULL, 4),
(2130, 149, NULL, 3),
(2130, 166, NULL, 2),
(2130, 179, NULL, 1),
(2130, 208, NULL, 4),
(2131, 85, NULL, 4),
(2131, 91, NULL, 1),
(2131, 131, NULL, 3),
(2131, 153, NULL, 2),
(2132, 250, 1, 1),
(2132, 257, 60, 4),
(2132, 270, 20, 3),
(2132, 370, 1, 2),
(2133, 8, NULL, 1),
(2133, 99, NULL, 4),
(2133, 250, NULL, 3),
(2133, 319, NULL, 2),
(2134, 180, NULL, 3),
(2134, 231, NULL, 1),
(2134, 240, NULL, 4),
(2134, 250, NULL, 2),
(2135, 116, NULL, 2),
(2135, 123, NULL, 3),
(2135, 183, NULL, 4),
(2135, 187, NULL, 1),
(2136, 183, 40, 2),
(2136, 291, 58, 3),
(2136, 331, 1, 1),
(2136, 349, 65, 4),
(2137, 84, NULL, 2),
(2137, 127, NULL, 4),
(2137, 163, NULL, 1),
(2137, 245, NULL, 3),
(2138, 44, NULL, 4),
(2138, 120, NULL, 2),
(2138, 255, NULL, 3),
(2138, 271, NULL, 1),
(2139, 250, NULL, 3),
(2139, 266, NULL, 4),
(2139, 317, NULL, 1),
(2139, 320, NULL, 2),
(2140, 52, NULL, 4),
(2140, 117, NULL, 1),
(2140, 131, NULL, 3),
(2140, 372, NULL, 2),
(2141, 4, NULL, 3),
(2141, 91, NULL, 1),
(2141, 131, NULL, 4),
(2141, 354, NULL, 2),
(2142, 183, NULL, 1),
(2142, 214, NULL, 2),
(2142, 270, NULL, 4),
(2142, 327, NULL, 3),
(2143, 8, NULL, 2),
(2143, 131, NULL, 4),
(2143, 166, NULL, 3),
(2143, 323, NULL, 1),
(2144, 57, NULL, 3),
(2144, 165, NULL, 1),
(2144, 251, NULL, 2),
(2144, 373, NULL, 4),
(2145, 2, NULL, 2),
(2145, 205, NULL, 3),
(2145, 212, NULL, 1),
(2145, 255, NULL, 4),
(2146, 87, NULL, 4),
(2146, 318, NULL, 3),
(2146, 346, NULL, 1),
(2146, 366, NULL, 2),
(2147, 117, NULL, 1),
(2147, 145, NULL, 4),
(2147, 149, NULL, 2),
(2147, 220, NULL, 3),
(2148, 39, NULL, 3),
(2148, 57, NULL, 4),
(2148, 149, NULL, 1),
(2148, 358, NULL, 2),
(2149, 84, NULL, 3),
(2149, 165, NULL, 2),
(2149, 191, NULL, 4),
(2149, 229, NULL, 1),
(2150, 266, NULL, 1),
(2150, 269, NULL, 3),
(2150, 286, NULL, 4),
(2150, 346, NULL, 2),
(2151, 16, NULL, 3),
(2151, 136, NULL, 1),
(2151, 179, NULL, 2),
(2151, 368, NULL, 4),
(2152, 148, NULL, 3),
(2152, 226, NULL, 2),
(2152, 251, NULL, 4),
(2152, 266, NULL, 1),
(2153, 78, NULL, 3),
(2153, 229, NULL, 1),
(2153, 260, NULL, 4),
(2153, 266, NULL, 2),
(2154, 7, NULL, 3),
(2154, 191, NULL, 1),
(2154, 252, NULL, 2),
(2154, 369, NULL, 4),
(2155, 179, NULL, 1),
(2155, 210, NULL, 3),
(2155, 349, NULL, 4),
(2155, 371, NULL, 2),
(2156, 24, NULL, 4),
(2156, 71, NULL, 1),
(2156, 191, NULL, 2),
(2156, 356, NULL, 3),
(2157, 16, NULL, 3),
(2157, 24, NULL, 1),
(2157, 149, NULL, 2),
(2157, 171, NULL, 4),
(2158, 44, NULL, 1),
(2158, 85, NULL, 4),
(2158, 210, NULL, 2),
(2158, 266, NULL, 3),
(2159, 119, NULL, 2),
(2159, 178, NULL, 1),
(2159, 271, NULL, 3),
(2159, 377, NULL, 4),
(2160, 14, 1, 1),
(2160, 81, 37, 3),
(2160, 157, 60, 4),
(2160, 246, 1, 2),
(2161, 6, NULL, 2),
(2161, 100, NULL, 4),
(2161, 172, NULL, 3),
(2161, 178, NULL, 1),
(2162, 48, NULL, 4),
(2162, 266, NULL, 3),
(2162, 274, NULL, 2),
(2162, 320, NULL, 1),
(2163, 178, NULL, 1),
(2163, 215, NULL, 4),
(2163, 236, NULL, 3),
(2163, 274, NULL, 2),
(2164, 75, NULL, 1),
(2164, 100, NULL, 3),
(2164, 158, NULL, 4),
(2164, 172, NULL, 2),
(2165, 172, NULL, 4),
(2165, 199, NULL, 2),
(2165, 203, NULL, 3),
(2165, 271, NULL, 1),
(2166, 157, NULL, 4),
(2166, 172, NULL, 2),
(2166, 210, NULL, 1),
(2166, 321, NULL, 3),
(2167, 321, NULL, 2),
(2167, 335, NULL, 3),
(2167, 343, NULL, 4),
(2167, 348, NULL, 1),
(2168, 172, NULL, 1),
(2168, 254, NULL, 4),
(2168, 267, NULL, 3),
(2168, 274, NULL, 2),
(2169, 140, NULL, 2),
(2169, 207, 60, 4),
(2169, 271, NULL, 3),
(2169, 368, NULL, 1),
(2170, 14, 42, 3),
(2170, 133, 1, 1),
(2170, 178, 1, 2),
(2170, 354, 58, 4),
(2171, 263, 33, 3),
(2171, 343, 1, 1),
(2171, 348, 42, 4),
(2171, 360, 1, 2),
(2172, 144, NULL, 1),
(2172, 156, NULL, 3),
(2172, 274, NULL, 2),
(2172, 365, NULL, 4),
(2173, 148, 1, 2),
(2173, 172, NULL, 4),
(2173, 271, 1, 1),
(2173, 354, NULL, 3),
(2174, 39, NULL, 1),
(2174, 100, NULL, 4),
(2174, 123, NULL, 3),
(2174, 226, NULL, 2),
(2175, 46, NULL, 4),
(2175, 230, NULL, 2),
(2175, 236, NULL, 1),
(2175, 347, NULL, 3),
(2176, 81, NULL, 1),
(2176, 135, NULL, 4),
(2176, 151, NULL, 3),
(2176, 319, NULL, 2),
(2177, 236, NULL, 1),
(2177, 246, NULL, 2),
(2177, 253, NULL, 3),
(2177, 254, NULL, 4),
(2178, 81, NULL, 1),
(2178, 117, NULL, 2),
(2178, 179, NULL, 3),
(2178, 207, NULL, 4),
(2179, 40, NULL, 4),
(2179, 81, NULL, 1),
(2179, 194, NULL, 3),
(2179, 207, NULL, 2),
(2180, 308, NULL, 1),
(2180, 319, NULL, 2),
(2180, 340, NULL, 4),
(2180, 345, NULL, 3),
(2181, 61, NULL, 1),
(2181, 180, NULL, 4),
(2181, 206, NULL, 2),
(2181, 353, NULL, 3),
(2182, 44, NULL, 2),
(2182, 239, NULL, 1),
(2182, 240, NULL, 3),
(2182, 368, NULL, 4),
(2183, 114, NULL, 3),
(2183, 203, NULL, 4),
(2183, 337, NULL, 2),
(2183, 345, NULL, 1),
(2184, 7, NULL, 3),
(2184, 206, NULL, 1),
(2184, 252, NULL, 2),
(2184, 322, NULL, 4),
(2185, 149, NULL, 2),
(2185, 159, NULL, 4),
(2185, 253, NULL, 1),
(2185, 366, NULL, 3),
(2186, 81, NULL, 1),
(2186, 83, NULL, 4),
(2186, 153, NULL, 3),
(2186, 202, NULL, 2),
(2187, 210, NULL, 2),
(2187, 253, NULL, 1),
(2187, 262, NULL, 3),
(2187, 341, NULL, 4),
(2188, 148, NULL, 2),
(2188, 171, NULL, 4),
(2188, 251, NULL, 3),
(2188, 253, NULL, 1),
(2189, 61, NULL, 1),
(2189, 174, NULL, 4),
(2189, 207, NULL, 2),
(2189, 354, NULL, 3),
(2190, 2, 40, 3),
(2190, 135, 1, 1),
(2190, 207, 1, 2),
(2190, 367, 55, 4),
(2191, 28, NULL, 4),
(2191, 161, NULL, 3),
(2191, 170, NULL, 2),
(2191, 236, NULL, 1),
(2192, 196, NULL, 2),
(2192, 203, NULL, 1),
(2192, 276, NULL, 3),
(2192, 277, NULL, 4),
(2193, 80, NULL, 1),
(2193, 120, NULL, 4),
(2193, 248, NULL, 3),
(2193, 374, NULL, 2),
(2194, 304, NULL, 1),
(2194, 311, NULL, 4),
(2194, 326, NULL, 3),
(2194, 354, NULL, 2),
(2195, 77, NULL, 1),
(2195, 96, NULL, 4),
(2195, 180, NULL, 3),
(2195, 251, NULL, 2),
(2196, 202, NULL, 2),
(2196, 220, NULL, 3),
(2196, 234, NULL, 1),
(2196, 375, NULL, 4),
(2197, 156, NULL, 3),
(2197, 188, NULL, 1),
(2197, 255, NULL, 2),
(2197, 347, NULL, 4),
(2198, 9, NULL, 1),
(2198, 158, NULL, 4),
(2198, 252, NULL, 3),
(2198, 374, NULL, 2),
(2199, 41, NULL, 3),
(2199, 103, NULL, 1),
(2199, 161, NULL, 2),
(2199, 361, NULL, 4),
(2200, 138, NULL, 2),
(2200, 161, NULL, 3),
(2200, 358, NULL, 4),
(2200, 364, NULL, 1),
(2201, 2, NULL, 2),
(2201, 217, NULL, 1),
(2201, 345, NULL, 3),
(2201, 377, NULL, 4),
(2202, 119, NULL, 3),
(2202, 169, NULL, 1),
(2202, 251, NULL, 4),
(2202, 377, NULL, 2),
(2203, 22, NULL, 3),
(2203, 121, NULL, 4),
(2203, 184, NULL, 2),
(2203, 231, NULL, 1),
(2204, 52, NULL, 4),
(2204, 117, NULL, 2),
(2204, 122, NULL, 3),
(2204, 187, NULL, 1),
(2205, 11, 1, 1),
(2205, 149, 20, 2),
(2205, 159, 58, 3),
(2205, 221, 62, 4),
(2206, 110, 1, 2),
(2206, 210, 50, 4),
(2206, 326, 2, 3),
(2206, 333, 1, 1),
(2207, 233, NULL, 1),
(2207, 261, NULL, 3),
(2207, 274, NULL, 4),
(2207, 331, NULL, 2),
(2208, 81, NULL, 4),
(2208, 175, NULL, 2),
(2208, 179, NULL, 3),
(2208, 233, NULL, 1),
(2209, 77, NULL, 1),
(2209, 85, NULL, 4),
(2209, 130, NULL, 2),
(2209, 207, NULL, 3),
(2210, 181, NULL, 3),
(2210, 189, NULL, 2),
(2210, 215, NULL, 1),
(2210, 270, NULL, 4),
(2211, 130, NULL, 3),
(2211, 173, NULL, 2),
(2211, 233, NULL, 1),
(2211, 372, NULL, 4),
(2212, 127, NULL, 3),
(2212, 130, NULL, 1),
(2212, 133, 67, 4),
(2212, 173, NULL, 2),
(2213, 84, NULL, 4),
(2213, 130, NULL, 1),
(2213, 173, NULL, 2),
(2213, 360, NULL, 3),
(2214, 173, NULL, 2),
(2214, 318, NULL, 3),
(2214, 329, NULL, 4),
(2214, 346, NULL, 1),
(2215, 130, NULL, 2),
(2215, 207, NULL, 4),
(2215, 233, NULL, 1),
(2215, 374, NULL, 3),
(2216, 260, NULL, 1),
(2216, 306, NULL, 2),
(2216, 319, NULL, 3),
(2216, 328, NULL, 4),
(2217, 130, NULL, 2),
(2217, 173, NULL, 1),
(2217, 186, NULL, 4),
(2217, 237, NULL, 3),
(2218, 204, NULL, 3),
(2218, 212, NULL, 1),
(2218, 236, NULL, 4),
(2218, 252, NULL, 2),
(2219, 130, NULL, 2),
(2219, 170, NULL, 1),
(2219, 212, NULL, 4),
(2219, 264, NULL, 3),
(2220, 130, NULL, 1),
(2220, 170, NULL, 2),
(2220, 204, NULL, 4),
(2220, 358, NULL, 3),
(2221, 194, NULL, 4),
(2221, 233, NULL, 2),
(2221, 252, NULL, 1),
(2221, 309, NULL, 3),
(2222, 207, NULL, 3),
(2222, 233, NULL, 1),
(2222, 251, NULL, 2),
(2222, 369, NULL, 4),
(2223, 24, NULL, 4),
(2223, 125, NULL, 1),
(2223, 183, NULL, 3),
(2223, 214, NULL, 2),
(2224, 166, NULL, 3),
(2224, 251, NULL, 2),
(2224, 254, NULL, 1),
(2224, 305, NULL, 4),
(2225, 43, NULL, 3),
(2225, 302, NULL, 4),
(2225, 306, NULL, 1),
(2225, 344, NULL, 2),
(2226, 148, NULL, 2),
(2226, 157, NULL, 3),
(2226, 165, NULL, 1),
(2226, 357, NULL, 4),
(2227, 124, NULL, 2),
(2227, 188, NULL, 1),
(2227, 250, NULL, 3),
(2227, 352, NULL, 4),
(2228, 103, NULL, 3),
(2228, 125, NULL, 2),
(2228, 165, NULL, 1),
(2228, 365, NULL, 4),
(2229, 165, NULL, 2),
(2229, 242, NULL, 3),
(2229, 248, NULL, 1),
(2229, 374, NULL, 4),
(2230, 24, NULL, 3),
(2230, 43, NULL, 1),
(2230, 246, NULL, 2),
(2230, 354, NULL, 4),
(2231, 43, NULL, 2),
(2231, 51, NULL, 3),
(2231, 165, NULL, 1),
(2231, 172, NULL, 4),
(2232, 43, NULL, 1),
(2232, 99, NULL, 4),
(2232, 246, NULL, 3),
(2232, 251, NULL, 2),
(2233, 262, NULL, 1),
(2233, 269, NULL, 2),
(2233, 270, NULL, 4),
(2233, 320, NULL, 3),
(2234, 163, NULL, 1),
(2234, 187, NULL, 4),
(2234, 219, NULL, 2),
(2234, 249, NULL, 3),
(2235, 56, NULL, 3),
(2235, 123, NULL, 2),
(2235, 211, NULL, 1),
(2235, 287, NULL, 4),
(2236, 287, NULL, 2),
(2236, 306, NULL, 1),
(2236, 350, NULL, 3),
(2236, 359, NULL, 4),
(2237, 100, NULL, 4),
(2237, 183, NULL, 2),
(2237, 202, NULL, 1),
(2237, 265, NULL, 3),
(2238, 24, NULL, 4),
(2238, 125, NULL, 1),
(2238, 246, NULL, 2),
(2238, 354, NULL, 3),
(2239, 104, NULL, 4),
(2239, 237, NULL, 1),
(2239, 268, NULL, 2),
(2239, 366, NULL, 3),
(2240, 48, NULL, 1),
(2240, 63, NULL, 3),
(2240, 237, NULL, 2),
(2240, 362, NULL, 4),
(2241, 70, NULL, 4),
(2241, 87, NULL, 1),
(2241, 120, NULL, 3),
(2241, 152, NULL, 2),
(2242, 58, NULL, 4),
(2242, 172, NULL, 3),
(2242, 237, NULL, 1),
(2242, 249, NULL, 2),
(2243, 199, NULL, 2),
(2243, 204, NULL, 1),
(2243, 262, NULL, 3),
(2243, 277, NULL, 4),
(2244, 266, NULL, 2),
(2244, 287, NULL, 4),
(2244, 324, NULL, 1),
(2244, 341, NULL, 3),
(2245, 87, NULL, 2),
(2245, 180, NULL, 1),
(2245, 270, NULL, 4),
(2245, 306, NULL, 3),
(2246, 237, NULL, 2),
(2246, 306, NULL, 3),
(2246, 324, NULL, 1),
(2246, 359, NULL, 4),
(2247, 58, 47, 3),
(2247, 144, NULL, 1),
(2247, 188, NULL, 2),
(2247, 365, NULL, 4),
(2248, 58, NULL, 3),
(2248, 210, NULL, 1),
(2248, 237, NULL, 2),
(2248, 287, NULL, 4),
(2249, 6, NULL, 3),
(2249, 14, NULL, 2),
(2249, 85, NULL, 4),
(2249, 204, NULL, 1),
(2250, 45, NULL, 2),
(2250, 132, NULL, 3),
(2250, 204, NULL, 1),
(2250, 353, NULL, 4),
(2251, 237, NULL, 2),
(2251, 250, NULL, 4),
(2251, 266, NULL, 3),
(2251, 368, NULL, 1),
(2252, 87, NULL, 4),
(2252, 204, NULL, 2),
(2252, 230, NULL, 3),
(2252, 237, NULL, 1),
(2253, 87, NULL, 1),
(2253, 106, NULL, 4),
(2253, 265, NULL, 2),
(2253, 318, NULL, 3),
(2254, 22, NULL, 4),
(2254, 201, NULL, 1),
(2254, 260, NULL, 3),
(2254, 266, NULL, 2),
(2255, 180, NULL, 3),
(2255, 196, NULL, 1),
(2255, 258, NULL, 4),
(2255, 266, NULL, 2),
(2256, 159, NULL, 4),
(2256, 171, NULL, 3),
(2256, 181, NULL, 2),
(2256, 186, NULL, 1),
(2257, 96, NULL, 3),
(2257, 232, NULL, 1),
(2257, 260, NULL, 2),
(2257, 330, NULL, 4),
(2258, 186, NULL, 1),
(2258, 196, NULL, 2),
(2258, 237, NULL, 4),
(2258, 250, NULL, 3),
(2259, 180, NULL, 2),
(2259, 253, NULL, 1),
(2259, 320, NULL, 3),
(2259, 377, NULL, 4),
(2260, 9, NULL, 2),
(2260, 180, NULL, 1),
(2260, 204, NULL, 4),
(2260, 253, NULL, 3),
(2261, 266, NULL, 3),
(2261, 321, NULL, 2),
(2261, 345, NULL, 1),
(2261, 359, NULL, 4),
(2262, 135, NULL, 4),
(2262, 186, NULL, 3),
(2262, 251, NULL, 2),
(2262, 253, NULL, 1),
(2263, 186, NULL, 2),
(2263, 198, NULL, 3),
(2263, 251, NULL, 1),
(2263, 254, NULL, 4),
(2264, 186, NULL, 1),
(2264, 188, NULL, 2),
(2264, 217, NULL, 3),
(2264, 365, NULL, 4),
(2265, 266, NULL, 4),
(2265, 309, NULL, 3),
(2265, 337, NULL, 1),
(2265, 345, NULL, 2),
(2266, 91, NULL, 2),
(2266, 185, NULL, 3),
(2266, 186, NULL, 1),
(2266, 363, NULL, 4),
(2267, 185, NULL, 2),
(2267, 186, NULL, 3),
(2267, 267, NULL, 1),
(2267, 358, NULL, 4),
(2268, 181, NULL, 3),
(2268, 237, NULL, 1),
(2268, 253, NULL, 2),
(2268, 360, NULL, 4),
(2269, 96, NULL, 3),
(2269, 180, NULL, 2),
(2269, 182, NULL, 4),
(2269, 186, NULL, 1),
(2270, 169, NULL, 2),
(2270, 198, NULL, 1),
(2270, 217, NULL, 4),
(2270, 268, NULL, 3),
(2271, 133, NULL, 3),
(2271, 160, NULL, 2),
(2271, 223, NULL, 1),
(2271, 235, 75, 4),
(2272, 157, 75, 4),
(2272, 160, NULL, 1),
(2272, 191, NULL, 3),
(2272, 219, 50, 2),
(2273, 137, NULL, 3),
(2273, 160, NULL, 1),
(2273, 211, NULL, 4),
(2273, 219, NULL, 2),
(2274, 103, NULL, 3),
(2274, 160, NULL, 1),
(2274, 172, NULL, 4),
(2274, 249, NULL, 2),
(2275, 157, NULL, 2),
(2275, 211, NULL, 3),
(2275, 297, NULL, 1),
(2275, 350, NULL, 4),
(2276, 132, NULL, 2),
(2276, 172, NULL, 3),
(2276, 223, NULL, 1),
(2276, 297, NULL, 4),
(2277, 25, NULL, 4),
(2277, 137, NULL, 1),
(2277, 191, NULL, 2),
(2277, 200, NULL, 3),
(2278, 157, NULL, 3),
(2278, 202, NULL, 2),
(2278, 223, NULL, 1),
(2278, 249, NULL, 4),
(2279, 26, 57, 2),
(2279, 160, NULL, 1),
(2279, 171, NULL, 4),
(2279, 374, NULL, 3),
(2280, 26, 75, 4),
(2280, 72, 60, 3),
(2280, 137, NULL, 1),
(2280, 171, 60, 2),
(2281, 160, NULL, 2),
(2281, 165, NULL, 3),
(2281, 223, NULL, 1),
(2281, 364, NULL, 4),
(2282, 193, NULL, 2),
(2282, 309, 75, 4),
(2282, 313, NULL, 1),
(2282, 373, NULL, 3),
(2283, 176, NULL, 1),
(2283, 177, NULL, 4),
(2283, 267, NULL, 2),
(2283, 313, NULL, 3),
(2284, 109, NULL, 4),
(2284, 176, NULL, 1),
(2284, 235, NULL, 2),
(2284, 242, NULL, 3),
(2285, 91, NULL, 3),
(2285, 176, NULL, 1),
(2285, 201, NULL, 4),
(2285, 274, NULL, 2),
(2286, 64, NULL, 1),
(2286, 67, NULL, 4),
(2286, 168, NULL, 3),
(2286, 274, NULL, 2),
(2287, 64, NULL, 1),
(2287, 91, NULL, 4),
(2287, 141, 60, 3),
(2287, 265, NULL, 2),
(2288, 190, NULL, 2),
(2288, 235, NULL, 4),
(2288, 243, NULL, 1),
(2288, 352, NULL, 3),
(2289, 201, NULL, 3),
(2289, 243, NULL, 1),
(2289, 265, NULL, 2),
(2289, 274, NULL, 4),
(2290, 64, NULL, 2),
(2290, 243, NULL, 1),
(2290, 267, NULL, 4),
(2290, 370, NULL, 3),
(2291, 168, NULL, 2),
(2291, 243, NULL, 1),
(2291, 265, NULL, 4),
(2291, 352, 54, 3),
(2292, 176, NULL, 1),
(2292, 190, 72, 3),
(2292, 242, NULL, 2),
(2292, 356, NULL, 4),
(2293, 12, NULL, 1),
(2293, 20, NULL, 4),
(2293, 118, NULL, 2),
(2293, 271, NULL, 3),
(2294, 292, NULL, 2),
(2294, 293, NULL, 3),
(2294, 298, NULL, 1),
(2294, 373, NULL, 4),
(2295, 201, NULL, 2),
(2295, 244, NULL, 4),
(2295, 266, NULL, 3),
(2295, 276, NULL, 1),
(2296, 242, NULL, 1),
(2296, 252, NULL, 4),
(2296, 258, NULL, 2),
(2296, 369, NULL, 3),
(2297, 252, NULL, 3),
(2297, 266, NULL, 1),
(2297, 293, NULL, 4),
(2297, 361, NULL, 2),
(2298, 165, NULL, 3),
(2298, 252, NULL, 1),
(2298, 266, NULL, 2),
(2298, 369, NULL, 4),
(2299, 54, NULL, 3),
(2299, 193, NULL, 1),
(2299, 265, NULL, 2),
(2299, 266, NULL, 4),
(2300, 201, NULL, 2),
(2300, 244, NULL, 1),
(2300, 266, NULL, 3),
(2300, 356, NULL, 4),
(2301, 94, NULL, 1),
(2301, 177, NULL, 4),
(2301, 201, NULL, 3),
(2301, 265, NULL, 2),
(2302, 54, NULL, 4),
(2302, 94, NULL, 1),
(2302, 160, NULL, 2),
(2302, 201, NULL, 3),
(2303, 54, NULL, 2),
(2303, 143, NULL, 1),
(2303, 177, NULL, 4),
(2303, 361, NULL, 3),
(2304, 54, NULL, 1),
(2304, 94, NULL, 2),
(2304, 176, NULL, 4),
(2304, 190, NULL, 3),
(2305, 351, NULL, 1),
(2305, 361, NULL, 3),
(2305, 367, NULL, 4),
(2305, 368, NULL, 2),
(2306, 28, NULL, 4),
(2306, 159, NULL, 2),
(2306, 220, NULL, 3),
(2306, 364, NULL, 1),
(2307, 199, NULL, 2),
(2307, 262, NULL, 1),
(2307, 277, NULL, 4),
(2307, 368, NULL, 3),
(2308, 15, NULL, 3),
(2308, 158, NULL, 2),
(2308, 221, NULL, 4),
(2308, 361, NULL, 1),
(2309, 174, NULL, 3),
(2309, 217, NULL, 1),
(2309, 244, NULL, 4),
(2309, 367, NULL, 2),
(2310, 8, NULL, 4),
(2310, 218, NULL, 2),
(2310, 225, NULL, 3),
(2310, 367, NULL, 1),
(2311, 70, NULL, 4),
(2311, 177, NULL, 3),
(2311, 275, NULL, 2),
(2311, 352, NULL, 1),
(2312, 20, NULL, 4),
(2312, 152, NULL, 2),
(2312, 219, NULL, 3),
(2312, 367, NULL, 1),
(2313, 105, NULL, 3),
(2313, 109, NULL, 4),
(2313, 180, NULL, 2),
(2313, 367, NULL, 1),
(2314, 102, NULL, 4),
(2314, 175, NULL, 1),
(2314, 244, NULL, 2),
(2314, 368, NULL, 3),
(2315, 17, NULL, 2),
(2315, 221, NULL, 4),
(2315, 247, NULL, 3),
(2315, 368, NULL, 1),
(2316, 31, NULL, 4),
(2316, 177, NULL, 3),
(2316, 271, NULL, 1),
(2316, 375, NULL, 2),
(2317, 101, NULL, 4),
(2317, 192, NULL, 3),
(2317, 256, NULL, 1),
(2317, 368, NULL, 2),
(2318, 314, NULL, 1),
(2318, 361, NULL, 3),
(2318, 367, NULL, 4),
(2318, 368, NULL, 2),
(2319, 70, NULL, 4),
(2319, 177, NULL, 2),
(2319, 356, NULL, 1),
(2319, 367, NULL, 3),
(2320, 62, NULL, 2),
(2320, 175, NULL, 3),
(2320, 361, NULL, 4),
(2320, 368, NULL, 1),
(2321, 162, NULL, 2),
(2321, 164, NULL, 3),
(2321, 210, NULL, 1),
(2321, 215, NULL, 4),
(2322, 42, NULL, 2),
(2322, 53, NULL, 3),
(2322, 155, NULL, 4),
(2322, 210, NULL, 1),
(2323, 116, NULL, 2),
(2323, 146, NULL, 1),
(2323, 192, NULL, 4),
(2323, 203, NULL, 3),
(2324, 182, NULL, 2),
(2324, 213, NULL, 4),
(2324, 229, NULL, 1),
(2324, 261, NULL, 3),
(2325, 149, NULL, 1),
(2325, 252, NULL, 2),
(2325, 260, NULL, 3),
(2325, 299, NULL, 4),
(2326, 170, NULL, 3),
(2326, 210, NULL, 1),
(2326, 214, NULL, 2),
(2326, 236, NULL, 4),
(2327, 40, NULL, 1),
(2327, 161, NULL, 4),
(2327, 168, NULL, 3),
(2327, 187, NULL, 2);

-- --------------------------------------------------------

--
-- Table structure for table `player_obtention_method`
--

CREATE TABLE `player_obtention_method` (
  `player_obtention_method_id` int(11) NOT NULL,
  `player_obtention_method_desc_ja` varchar(32) DEFAULT NULL,
  `player_obtention_method_desc_en` varchar(32) DEFAULT NULL,
  `player_obtention_method_desc_es` varchar(32) DEFAULT NULL
) ENGINE=InnoDB DEFAULT CHARSET=utf8mb4 COLLATE=utf8mb4_general_ci;

--
-- Dumping data for table `player_obtention_method`
--

INSERT INTO `player_obtention_method` (`player_obtention_method_id`, `player_obtention_method_desc_ja`, `player_obtention_method_desc_en`, `player_obtention_method_desc_es`) VALUES
(1, 'ストーリー', 'story', 'historia'),
(2, 'スカウト', 'other team scouting', 'fichaje de otros equipos'),
(3, 'ガチャ', 'gacha', 'gacha'),
(4, '人脈システム', 'connection map', 'mapa de contactos'),
(5, 'ダウンロード', 'download', 'descarga'),
(6, 'パスワード', 'password', 'contraseña'),
(7, 'ミニバトル', 'random battle', 'pachanga'),
(8, '隠しキャラ', 'special player', 'jugador especial'),
(9, 'リワード', 'reward', 'recompensa'),
(10, 'イベント', 'limited distribution', 'distribución limitada'),
(11, 'プレミアムスカウト', 'premium scout', 'fichaje especial'),
(12, 'オーガプレミアムリンク', 'ogre premium link', 'conexión especial ogro'),
(13, 'スパーク交换', 'trade spark', 'intercambio rayo celeste'),
(14, 'ボンバー交换', 'trade bomber', 'intercambio fuego explosivo'),
(15, '入手不可能', 'unobtainable', 'imposible de conseguir'),
(16, 'なし', 'unknown', 'desconocido');

-- --------------------------------------------------------

--
-- Table structure for table `player_plays_during_story_team`
--

CREATE TABLE `player_plays_during_story_team` (
  `player_id` int(11) NOT NULL,
  `team_id` int(11) NOT NULL
) ENGINE=InnoDB DEFAULT CHARSET=utf8mb4 COLLATE=utf8mb4_general_ci;

--
-- Dumping data for table `player_plays_during_story_team`
--

INSERT INTO `player_plays_during_story_team` (`player_id`, `team_id`) VALUES
(2027, 32),
(2028, 32),
(2029, 32),
(2030, 32),
(2031, 32),
(2032, 32),
(2033, 32),
(2034, 32),
(2035, 32),
(2036, 32),
(2037, 32),
(2038, 32),
(2039, 32),
(2040, 32),
(2041, 32),
(2042, 32),
(605, 33),
(2043, 33),
(2045, 33),
(2046, 33),
(2047, 33),
(2048, 33),
(2049, 33),
(2050, 33),
(2051, 33),
(2052, 33),
(2053, 33),
(2054, 33),
(2055, 33),
(2056, 33),
(2057, 33),
(2058, 33),
(1751, 34),
(1929, 34),
(1937, 34),
(2060, 34),
(2061, 34),
(2063, 34),
(2064, 34),
(2065, 34),
(2066, 34),
(2067, 34),
(2068, 34),
(2069, 34),
(2070, 34),
(2072, 34),
(2073, 34),
(2074, 34),
(1638, 35),
(1656, 35),
(1693, 35),
(1696, 35),
(1704, 35),
(1730, 35),
(1736, 35),
(1758, 35),
(1760, 35),
(1799, 35),
(1800, 35),
(1873, 35),
(1892, 35),
(1899, 35),
(1931, 35),
(2077, 35),
(2079, 36),
(2080, 36),
(2081, 36),
(2082, 36),
(2083, 36),
(2084, 36),
(2085, 36),
(2086, 36),
(2087, 36),
(2088, 36),
(2089, 36),
(2090, 36),
(2091, 36),
(2092, 36),
(2093, 36),
(2094, 36),
(2095, 37),
(2096, 37),
(2097, 37),
(2098, 37),
(2099, 37),
(2100, 37),
(2101, 37),
(2102, 37),
(2103, 37),
(2104, 37),
(2105, 37),
(2106, 37),
(2107, 37),
(2108, 37),
(2109, 37),
(2110, 37),
(2111, 38),
(2112, 38),
(2113, 38),
(2114, 38),
(2115, 38),
(2116, 38),
(2117, 38),
(2118, 38),
(2119, 38),
(2120, 38),
(2121, 38),
(2122, 38),
(2123, 38),
(2124, 38),
(2125, 38),
(2126, 38),
(2127, 39),
(2128, 39),
(2129, 39),
(2130, 39),
(2131, 39),
(2132, 39),
(2133, 39),
(2134, 39),
(2135, 39),
(2136, 39),
(2137, 39),
(2138, 39),
(2139, 39),
(2140, 39),
(2141, 39),
(2142, 39),
(116, 40),
(977, 40),
(2143, 40),
(2145, 40),
(2146, 40),
(2147, 40),
(2148, 40),
(2149, 40),
(2150, 40),
(2151, 40),
(2152, 40),
(2153, 40),
(2155, 40),
(2156, 40),
(2157, 40),
(2158, 40),
(2159, 41),
(2160, 41),
(2161, 41),
(2162, 41),
(2163, 41),
(2164, 41),
(2165, 41),
(2166, 41),
(2167, 41),
(2168, 41),
(2169, 41),
(2170, 41),
(2171, 41),
(2172, 41),
(2173, 41),
(2174, 41),
(2175, 42),
(2176, 42),
(2177, 42),
(2178, 42),
(2179, 42),
(2180, 42),
(2181, 42),
(2182, 42),
(2183, 42),
(2184, 42),
(2185, 42),
(2186, 42),
(2187, 42),
(2188, 42),
(2189, 42),
(2190, 42),
(1558, 43),
(1586, 43),
(2191, 43),
(2192, 43),
(2193, 43),
(2194, 43),
(2195, 43),
(2196, 43),
(2197, 43),
(2198, 43),
(2199, 43),
(2200, 43),
(2201, 43),
(2202, 43),
(2203, 43),
(2204, 43),
(2207, 44),
(2208, 44),
(2209, 44),
(2210, 44),
(2211, 44),
(2212, 44),
(2213, 44),
(2214, 44),
(2215, 44),
(2216, 44),
(2217, 44),
(2218, 44),
(2219, 44),
(2220, 44),
(2221, 44),
(2222, 44),
(2223, 45),
(2224, 45),
(2225, 45),
(2226, 45),
(2227, 45),
(2228, 45),
(2229, 45),
(2230, 45),
(2231, 45),
(2232, 45),
(2233, 45),
(2234, 45),
(2235, 45),
(2236, 45),
(2237, 45),
(2238, 45),
(2239, 46),
(2240, 46),
(2241, 46),
(2242, 46),
(2243, 46),
(2244, 46),
(2245, 46),
(2246, 46),
(2247, 46),
(2248, 46),
(2249, 46),
(2250, 46),
(2251, 46),
(2252, 46),
(2253, 46),
(2254, 46),
(2255, 47),
(2256, 47),
(2257, 47),
(2258, 47),
(2259, 47),
(2260, 47),
(2261, 47),
(2262, 47),
(2263, 47),
(2264, 47),
(2265, 47),
(2266, 47),
(2267, 47),
(2268, 47),
(2269, 47),
(2270, 47),
(2271, 48),
(2272, 48),
(2273, 48),
(2274, 48),
(2275, 48),
(2276, 48),
(2277, 48),
(2278, 48),
(2279, 48),
(2280, 48),
(2281, 48),
(2282, 49),
(2283, 49),
(2284, 49),
(2285, 49),
(2286, 49),
(2287, 49),
(2288, 49),
(2289, 49),
(2290, 49),
(2291, 49),
(2292, 49),
(2294, 51),
(2295, 51),
(2296, 51),
(2297, 51),
(2298, 51),
(2299, 51),
(2300, 51),
(2301, 51),
(2302, 51),
(2303, 51),
(2304, 51);

-- --------------------------------------------------------

--
-- Table structure for table `player_received_during_story`
--

CREATE TABLE `player_received_during_story` (
  `player_id` int(11) NOT NULL,
  `story_id` int(11) NOT NULL
) ENGINE=InnoDB DEFAULT CHARSET=utf8mb4 COLLATE=utf8mb4_general_ci;

-- --------------------------------------------------------

--
-- Table structure for table `positi`
--

CREATE TABLE `positi` (
  `positi_id` int(11) NOT NULL,
  `positi_name_ja` varchar(32) DEFAULT NULL,
  `positi_name_en` varchar(32) DEFAULT NULL,
  `positi_name_es` varchar(32) DEFAULT NULL
) ENGINE=InnoDB DEFAULT CHARSET=utf8mb4 COLLATE=utf8mb4_general_ci;

--
-- Dumping data for table `positi`
--

INSERT INTO `positi` (`positi_id`, `positi_name_ja`, `positi_name_en`, `positi_name_es`) VALUES
(1, 'FW', 'FW', 'DL'),
(2, 'MF', 'MF', 'MD'),
(3, 'DF', 'DF', 'DF'),
(4, 'GK', 'GK', 'PR');

-- --------------------------------------------------------

--
-- Table structure for table `practice_game`
--

CREATE TABLE `practice_game` (
  `practice_game_id` int(11) NOT NULL,
  `practice_game_order` int(11) DEFAULT NULL,
  `route_path_id` int(11) DEFAULT NULL,
  `team_id` int(11) DEFAULT NULL
) ENGINE=InnoDB DEFAULT CHARSET=utf8mb4 COLLATE=utf8mb4_general_ci;

-- --------------------------------------------------------

--
-- Table structure for table `practice_game_can_drop_item`
--

CREATE TABLE `practice_game_can_drop_item` (
  `practice_game_id` int(11) NOT NULL,
  `item_id` int(11) NOT NULL,
  `drop_rate` int(11) DEFAULT NULL
) ENGINE=InnoDB DEFAULT CHARSET=utf8mb4 COLLATE=utf8mb4_general_ci;

-- --------------------------------------------------------

--
-- Table structure for table `practice_game_condition`
--

CREATE TABLE `practice_game_condition` (
  `practice_game_condition_id` int(11) NOT NULL,
  `practice_game_condition_desc_ja` varchar(200) DEFAULT NULL,
  `practice_game_condition_desc_en` varchar(200) DEFAULT NULL,
  `practice_game_condition_desc_es` varchar(200) DEFAULT NULL
) ENGINE=InnoDB DEFAULT CHARSET=utf8mb4 COLLATE=utf8mb4_general_ci;

-- --------------------------------------------------------

--
-- Table structure for table `practice_game_dictated_by_pgc`
--

CREATE TABLE `practice_game_dictated_by_pgc` (
  `practice_game_id` int(11) NOT NULL,
  `practice_game_condition_id` int(11) NOT NULL
) ENGINE=InnoDB DEFAULT CHARSET=utf8mb4 COLLATE=utf8mb4_general_ci;

-- --------------------------------------------------------

--
-- Table structure for table `region`
--

CREATE TABLE `region` (
  `region_id` int(11) NOT NULL,
  `region_name_ja` varchar(32) DEFAULT NULL,
  `region_name_en` varchar(32) DEFAULT NULL,
  `region_name_es` varchar(32) DEFAULT NULL
) ENGINE=InnoDB DEFAULT CHARSET=utf8mb4 COLLATE=utf8mb4_general_ci;

--
-- Dumping data for table `region`
--

INSERT INTO `region` (`region_id`, `region_name_ja`, `region_name_en`, `region_name_es`) VALUES
(1, '日本', 'Japan', 'Japón'),
(2, 'ライオコット島', 'Liocott Island', 'Isla Liocott'),
(3, '未来', 'Future', 'Futuro'),
(4, 'イナズマキャラバン', 'Inazuma Caravan', 'Caravana Inazuma');

-- --------------------------------------------------------

--
-- Table structure for table `route_path`
--

CREATE TABLE `route_path` (
  `route_path_id` int(11) NOT NULL,
  `route_path_order` int(11) DEFAULT NULL,
  `extra_battle_route_id` int(11) DEFAULT NULL,
  `reward_n` int(11) DEFAULT NULL,
  `reward_s` int(11) DEFAULT NULL
) ENGINE=InnoDB DEFAULT CHARSET=utf8mb4 COLLATE=utf8mb4_general_ci;

-- --------------------------------------------------------

--
-- Table structure for table `shoot_special_property`
--

CREATE TABLE `shoot_special_property` (
  `shoot_special_property_id` int(11) NOT NULL,
  `shoot_special_property_name_ja` varchar(32) DEFAULT NULL,
  `shoot_special_property_name_en` varchar(32) DEFAULT NULL,
  `shoot_special_property_name_es` varchar(32) DEFAULT NULL
) ENGINE=InnoDB DEFAULT CHARSET=utf8mb4 COLLATE=utf8mb4_general_ci;

--
-- Dumping data for table `shoot_special_property`
--

INSERT INTO `shoot_special_property` (`shoot_special_property_id`, `shoot_special_property_name_ja`, `shoot_special_property_name_en`, `shoot_special_property_name_es`) VALUES
(1, 'シュートチェイン', 'Shoot Chain', 'Tiro Encadenado'),
(2, 'ロングシュート', 'Long Shoot', 'Tiro Largo'),
(3, 'シュートブロック', 'Shoot Block', 'Bloqueo de tiros');

-- --------------------------------------------------------

--
-- Table structure for table `stat`
--

CREATE TABLE `stat` (
  `stat_id` int(11) NOT NULL,
  `stat_name_ja` varchar(32) DEFAULT NULL,
  `stat_name_en` varchar(32) DEFAULT NULL,
  `stat_name_es` varchar(32) DEFAULT NULL
) ENGINE=InnoDB DEFAULT CHARSET=utf8mb4 COLLATE=utf8mb4_general_ci;

--
-- Dumping data for table `stat`
--

INSERT INTO `stat` (`stat_id`, `stat_name_ja`, `stat_name_en`, `stat_name_es`) VALUES
(1, 'GP', 'FP', 'PE'),
(2, 'TP', 'TP', 'PT'),
(3, 'キック', 'Kick', 'Tiro'),
(4, 'ボディ', 'Body', 'Físico'),
(5, 'コントロール', 'Control', 'Control'),
(6, 'ガード', 'Guard', 'Defensa'),
(7, 'スピード', 'Speed', 'Rapidez'),
(8, 'スタミナ', 'Stamina', 'Aguante'),
(9, 'ガッツ', 'Guts', 'Valor'),
(10, '自由値', 'Freedom', 'Libertad');

-- --------------------------------------------------------

--
-- Table structure for table `stor`
--

CREATE TABLE `stor` (
  `stor_id` int(11) NOT NULL,
  `stor_type_id` int(11) DEFAULT NULL,
  `zone_id` int(11) DEFAULT NULL
) ENGINE=InnoDB DEFAULT CHARSET=utf8mb4 COLLATE=utf8mb4_general_ci;

--
-- Dumping data for table `stor`
--

INSERT INTO `stor` (`stor_id`, `stor_type_id`, `zone_id`) VALUES
(1, 1, 98),
(2, 2, 98),
(3, 2, 101),
(4, 1, 130),
(5, 4, 116),
(6, 5, 109),
(7, 4, 146),
(8, 4, 143),
(9, 1, 160),
(10, 2, 160),
(11, 2, 164),
(12, 3, 164),
(13, 2, 152),
(14, 1, 153),
(15, 3, 152),
(16, 1, 162),
(17, 3, 162),
(18, 1, 166),
(19, 2, 166),
(20, 3, 166),
(21, 2, 148),
(22, 1, 148),
(23, 3, 148),
(24, 1, 156),
(25, 2, 157),
(26, 3, 157),
(27, 4, 205),
(28, 4, 212),
(29, 4, 226),
(30, 4, 219),
(31, 4, 241),
(32, 1, 245),
(33, 3, 245),
(34, 2, 246),
(35, 1, 237),
(36, 2, 240),
(37, 3, 239),
(38, 2, 217),
(39, 1, 216),
(40, 3, 218),
(41, 3, 209),
(42, 1, 209),
(43, 2, 211),
(44, 1, 223),
(45, 3, 224),
(46, 2, 223),
(47, 1, 197),
(48, 3, 197),
(49, 2, 197),
(50, 1, 204),
(51, 3, 203),
(52, 2, 203),
(53, 6, 250),
(54, 7, 119);

-- --------------------------------------------------------

--
-- Table structure for table `story`
--

CREATE TABLE `story` (
  `story_id` int(11) NOT NULL,
  `story_name_ja` varchar(32) DEFAULT NULL,
  `story_name_en` varchar(32) DEFAULT NULL,
  `story_name_es` varchar(32) DEFAULT NULL
) ENGINE=InnoDB DEFAULT CHARSET=utf8mb4 COLLATE=utf8mb4_general_ci;

-- --------------------------------------------------------

--
-- Table structure for table `stor_type`
--

CREATE TABLE `stor_type` (
  `stor_type_id` int(11) NOT NULL,
  `stor_type_name_ja` varchar(32) DEFAULT NULL,
  `stor_type_name_en` varchar(32) DEFAULT NULL,
  `stor_type_name_es` varchar(32) DEFAULT NULL
) ENGINE=InnoDB DEFAULT CHARSET=utf8mb4 COLLATE=utf8mb4_general_ci;

--
-- Dumping data for table `stor_type`
--

INSERT INTO `stor_type` (`stor_type_id`, `stor_type_name_ja`, `stor_type_name_en`, `stor_type_name_es`) VALUES
(1, 'ごくらくマーケット', 'Market', 'Mercazuma'),
(2, 'ペンギーゴ', 'Sport Shop', 'Balón Bazar'),
(3, '秘宝堂', 'Tech Shop', 'Todotécnicas'),
(4, '万屋', 'Salesman', 'Vendedor'),
(5, '最強ショップ', 'Strongest shop', 'Supertienda'),
(6, '真・最強ショップ', 'True Strongest shop', 'Supertienda Redux'),
(7, '駄菓子屋', 'Sweet Shop', 'Tienda de Chuches');

-- --------------------------------------------------------

--
-- Table structure for table `tactic_executed_by_team`
--

CREATE TABLE `tactic_executed_by_team` (
  `item_tactic_id` int(11) NOT NULL,
  `team_id` int(11) NOT NULL
) ENGINE=InnoDB DEFAULT CHARSET=utf8mb4 COLLATE=utf8mb4_general_ci;

--
-- Dumping data for table `tactic_executed_by_team`
--

INSERT INTO `tactic_executed_by_team` (`item_tactic_id`, `team_id`) VALUES
(716, 9),
(716, 58),
(716, 72),
(716, 75),
(716, 78),
(716, 95),
(716, 100),
(716, 103),
(716, 135),
(716, 155),
(716, 167),
(717, 10),
(717, 55),
(717, 76),
(717, 86),
(717, 111),
(717, 143),
(717, 145),
(717, 154),
(717, 166),
(717, 179),
(718, 89),
(718, 110),
(718, 122),
(718, 153),
(718, 164),
(718, 172),
(718, 175),
(719, 7),
(719, 35),
(719, 120),
(719, 138),
(719, 147),
(719, 156),
(720, 23),
(720, 38),
(720, 67),
(720, 93),
(720, 102),
(720, 132),
(720, 140),
(721, 40),
(721, 45),
(721, 60),
(721, 104),
(721, 123),
(721, 180),
(722, 37),
(722, 83),
(722, 97),
(722, 126),
(722, 139),
(722, 150),
(722, 159),
(722, 166),
(722, 171),
(722, 173),
(723, 42),
(723, 44),
(723, 63),
(723, 69),
(723, 70),
(723, 151),
(723, 178),
(723, 185),
(724, 43),
(724, 44),
(724, 45),
(724, 53),
(724, 58),
(724, 65),
(724, 116),
(724, 120),
(724, 131),
(724, 144),
(724, 170),
(724, 172),
(724, 182),
(725, 92),
(726, 32),
(726, 56),
(726, 77),
(726, 81),
(726, 101),
(726, 126),
(726, 135),
(726, 155),
(726, 170),
(726, 178),
(727, 24),
(727, 38),
(727, 58),
(727, 101),
(727, 145),
(727, 150),
(727, 159),
(727, 171),
(727, 178),
(728, 39),
(728, 59),
(728, 65),
(728, 68),
(728, 89),
(728, 90),
(728, 147),
(728, 163),
(729, 34),
(729, 47),
(729, 53),
(729, 56),
(729, 151),
(729, 153),
(729, 184),
(729, 185),
(730, 41),
(730, 59),
(730, 64),
(730, 68),
(730, 91),
(730, 149),
(730, 163),
(730, 165),
(730, 170),
(731, 30),
(731, 31),
(731, 43),
(731, 46),
(731, 66),
(731, 106),
(731, 109),
(731, 167),
(732, 35),
(732, 54),
(732, 108),
(732, 128),
(732, 132),
(732, 142),
(732, 144),
(732, 169),
(733, 48),
(733, 51),
(733, 86),
(733, 96),
(733, 98),
(733, 181),
(733, 182),
(733, 184),
(734, 49),
(734, 51),
(734, 134),
(734, 137),
(734, 180),
(734, 181),
(734, 183),
(735, 17),
(735, 18),
(735, 19),
(735, 20),
(735, 22),
(735, 23),
(735, 24),
(735, 25),
(735, 80),
(735, 84),
(735, 85),
(735, 88),
(735, 96),
(735, 105),
(735, 107),
(735, 162),
(735, 177),
(736, 55),
(736, 105),
(736, 147),
(736, 169),
(736, 182);

-- --------------------------------------------------------

--
-- Table structure for table `tactic_side`
--

CREATE TABLE `tactic_side` (
  `tactic_side_id` int(11) NOT NULL,
  `tactic_side_name_ja` varchar(32) DEFAULT NULL,
  `tactic_side_name_en` varchar(32) DEFAULT NULL,
  `tactic_side_name_es` varchar(32) DEFAULT NULL
) ENGINE=InnoDB DEFAULT CHARSET=utf8mb4 COLLATE=utf8mb4_general_ci;

--
-- Dumping data for table `tactic_side`
--

INSERT INTO `tactic_side` (`tactic_side_id`, `tactic_side_name_ja`, `tactic_side_name_en`, `tactic_side_name_es`) VALUES
(1, '自陣', 'Own half only', 'Solo en campo propio'),
(2, '敵陣', 'Opposition half only', 'Solo en campo contrario'),
(3, 'どこでも', 'Either half', 'Ambos campos'),
(4, 'FKとCK', 'Free kick/corner kick only', 'Saque de falta o de córner');

-- --------------------------------------------------------

--
-- Table structure for table `tactic_type`
--

CREATE TABLE `tactic_type` (
  `tactic_type_id` int(11) NOT NULL,
  `tactic_type_name_ja` varchar(32) DEFAULT NULL,
  `tactic_type_name_en` varchar(32) DEFAULT NULL,
  `tactic_type_name_es` varchar(32) DEFAULT NULL
) ENGINE=InnoDB DEFAULT CHARSET=utf8mb4 COLLATE=utf8mb4_general_ci;

--
-- Dumping data for table `tactic_type`
--

INSERT INTO `tactic_type` (`tactic_type_id`, `tactic_type_name_ja`, `tactic_type_name_en`, `tactic_type_name_es`) VALUES
(1, '攻', 'Att.', 'At.'),
(2, '守', 'Def.', 'Def.'),
(3, '攻守', 'A/D', 'A/D'),
(4, 'キック', 'Kick', 'Tiro');

-- --------------------------------------------------------

--
-- Table structure for table `team`
--

CREATE TABLE `team` (
  `team_id` int(11) NOT NULL,
  `team_name_ja` varchar(32) DEFAULT NULL,
  `team_name_en` varchar(32) DEFAULT NULL,
  `team_name_es` varchar(32) DEFAULT NULL,
  `item_formation_id` int(11) DEFAULT NULL,
  `item_wear_id` int(11) DEFAULT NULL
) ENGINE=InnoDB DEFAULT CHARSET=utf8mb4 COLLATE=utf8mb4_general_ci;

--
-- Dumping data for table `team`
--

INSERT INTO `team` (`team_id`, `team_name_ja`, `team_name_en`, `team_name_es`, `item_formation_id`, `item_wear_id`) VALUES
(1, '傘美野', 'Umbrella Junior High', 'Instituto Umbrella', 737, 628),
(2, '尾刈斗', 'Occult Junior High', 'Instituto Occult', 759, 619),
(3, '野生', 'Wild Junior High', 'Instituto Wild', 760, 620),
(4, '御影専農', 'Brainwashing Junior High', 'Instituto Brain', 761, 621),
(5, '秋葉名戸', 'Otaku Junior High', 'Instituto Otaku', 765, 622),
(6, '帝国学園', 'Royal Academy', 'Royal Academy', 748, 618),
(7, '戦国伊賀島', 'Shuriken Junior High', 'Instituto Shuriken', 764, 623),
(8, '千羽山', 'Farm Junior High', 'Instituto Farm', 766, 624),
(9, '木戸川清修', 'Kirkwood Junior High', 'Instituto Kirkwood', 767, 625),
(10, '世宇子', 'Zeus', 'Zeus', 773, 626),
(11, '白恋', 'Alpine', 'Alpino', 737, 635),
(12, '漫遊寺', 'Cloister Divinity', 'Claustro Sagrado', 750, 636),
(13, '真・帝国学園', 'Royal Academy Redux', 'Royal Academy Redux', 748, 637),
(14, '大阪ギャルズCCC', 'Triple C', 'CCC de Osaka', 737, 641),
(15, '陽花戸', 'Fauxshore', 'Fauxshore', 751, 638),
(16, '大海原', 'Mary Times', 'Mary Times', 737, 639),
(17, 'ジェミニストーム', 'Gemini Storm', 'Tormenta de Géminis', 753, 631),
(18, 'イプシロン', 'Epsilon', 'Épsilon', 776, 632),
(19, 'イプシロン改', 'Advanced Epsilon', 'Épsilon Plus', 776, 632),
(20, 'ザ・ジェネシス', 'Genesis', 'Génesis', 754, 633),
(21, '警備マシンズ', 'Robot Guards', 'Robots Guardias', 737, 642),
(22, 'ダークエンペラーズ', 'Dark Emperors', 'Emperadores Oscuros', 739, 640),
(23, 'プロミネンス', 'Prominence', 'Prominence', 737, 643),
(24, 'ダイヤモンドダスト', 'Diamond Dust', 'Polvo de Diamantes', 737, 644),
(25, 'カオス', 'Chaos', 'Caos', 755, 645),
(26, '稲妻KFC', 'Inazuma Kids FC', 'Inazuma Kids FC', 748, 627),
(27, '一番街サリーズ', 'Street Sally\'s', 'Sallys', 748, 630),
(28, 'SPフィクサーズ', 'Secret Service', 'Servicio Secreto', 737, 634),
(29, '樹海チーム', 'Forest Team', 'Mar de Árboles', 737, 689),
(30, '雷門OB', 'Veterans', 'Los Veteranos del Raimon', 751, 629),
(31, 'ヤングイナズマイレブン', 'Young Inazuma', 'Jóvenes Inazuma', 751, NULL),
(32, 'ビッグウェイブス', 'Big Waves', 'Big Waves', 740, 647),
(33, 'デザートライオン', 'Desert Lions', 'Leones del Desierto', 741, 648),
(34, 'ファイアードラゴン', 'Fire Dragon', 'Dragones de Fuego', 770, 650),
(35, 'ネオジャパン', 'Neo National', 'Neo Japón', 780, 649),
(36, 'チームK', 'Team D', 'Equipo D', 756, 652),
(37, 'チーム・ガルシルド', 'Team Zoolan', 'Zoolan Team', 745, 656),
(38, 'ナイツオブクィーン', 'Queen\'s Knights', 'Knights of Queen', 742, 651),
(39, 'ジ・エンパイア', 'The Empire', 'Los Emperadores', 743, 653),
(40, 'ユニコーン', 'Unicorn', 'Unicorn', 744, 654),
(41, 'オルフェウス', 'Orpheus', 'Orfeo', 757, 655),
(42, 'ザ・キングダム', 'The Kingdom', 'Os Reis', 769, 657),
(43, 'リトルギガント', 'Little Gigant', 'Pequeños Gigantes', 746, 658),
(44, 'レッドマタドール', 'Red Matador', 'Los Rojos', 774, 660),
(45, 'ローズグリフォン', 'Rose Griffons', 'Grifos de la Rosa', 747, 659),
(46, 'ブロッケンボーグ', 'Brocken Brigade', 'Brocken Brigade', 763, 661),
(47, 'ザ・グレイトホーン', 'The Cape Crusaders', 'Caimanes del Cabo', 781, 662),
(48, '天空の使徒', 'Apostles from the Sky', 'Sky Team', 762, 663),
(49, '魔界軍団Z', 'Devil Army Z', 'Dark Team', 752, 664),
(50, 'ダークエンジェル', 'Dark Angels', 'Ángel Oscuro', 738, 665),
(51, 'オーガ', 'Team Ogre', 'Equipo Ogro', 758, 666),
(52, '女子選抜チーム', 'The All-Girls Allstars', 'Estrellas Femeninas', 737, 646),
(53, 'アジア代表', 'Asia United', 'Ases Asiáticos', 749, NULL),
(54, 'ネオジャパン改', 'Advanced Neo National', 'Neo Japón Plus', 780, 649),
(55, 'ウラゼウス', 'Fallen Zeus', 'Ultra Zeus', 773, 626),
(56, 'アジア選抜', 'Asian Allstars', 'Astros Asiáticos', 749, 650),
(57, 'ヨーロッパ選抜', 'European Allstars', 'Astros Europeos', 749, 661),
(58, 'グループA選抜', 'Group A Allstars', 'Astros del Grupo A', 757, 655),
(59, '南米選抜', 'South American Allstars', 'Astros Sudamericanos', 749, 653),
(60, 'アメリカ大陸選抜', 'American Allstars', 'Astros Americanos', 769, 654),
(61, '稲妻KFC改', 'Advanced Kids', 'Inazuma Kids FC Plus', 748, 627),
(62, 'イナズマジャパン', 'Inazuma National', 'Inazuma Japón', 737, 646),
(63, 'ドッペルズ', 'The Doppelgangers', 'Los Impostores', 749, 695),
(64, 'ザ・ウッズ', 'The Woods', 'Guardabosques', 749, 678),
(65, 'ザ・マウンテンズ', 'The Mountains', 'Montañeros', 749, 684),
(66, 'ザ・キーパーズ', 'Canny Keepers', 'Porteros Imbatibles', 749, NULL),
(67, 'なりきり戦隊', 'Ultrasquad Omega', 'Ultrapatrulla Omega', 749, NULL),
(68, '南米代表', 'South America United', 'Ases Sudamericanos', 749, 657),
(69, 'ヨーロッパ代表', 'Europe United', 'Ases Europeos', 749, 655),
(70, 'グループB選抜', 'Group B Selection', 'Astros del Grupo B', 769, 658),
(71, 'アフリカ代表', 'Africa United', 'Ases Africanos', 746, 662),
(72, '世界代表', 'International United', 'Ases Internacionales', 748, 704),
(73, 'ザ・フォワーズ', 'Flying Forwards', 'Delanteros Relámpagos', 749, NULL),
(74, 'スーパー大阪CCC', 'Super Triple C', 'Súper Triple C', 751, 641),
(75, 'チーム・カノン', 'Team Canon', 'Equipo Canon', 748, 705),
(76, 'タカビーズ', 'The Ice Queens', 'Reinas del Hielo', 749, 693),
(77, 'アダルトチーム', 'Grown-Ups', 'Equipo de Adultos', 761, 634),
(78, 'イナズマタウンズ', 'Inazuma Town', 'Ciudad Inazuma', 737, 671),
(79, 'アンダー12', 'Under Twelves', 'Los Alevines', 737, 696),
(80, 'ザ・ウインディーズ', 'The Windies', 'Airosos', 749, 688),
(81, 'ザ・ミッズ', 'Mercurial Midfielders', 'Medios Sorprendentes', 749, 661),
(82, 'ゾディアックス', 'The Blastrologers', 'Astros del Firmamento', 749, 669),
(83, 'ネオ帝国', 'Neo Royal', 'Neo Royal Academy', 748, 637),
(84, 'エイリアA', 'Alius A', 'Alius A', 754, 633),
(85, 'エイリアB', 'Alius B', 'Alius B', 776, 633),
(86, '神と宇宙', 'Gods and Aliens', 'Divinidades y Alienígenas', 773, 685),
(87, 'キャッピキャピA', 'Cutesy A', 'Chavalillas A', 737, 681),
(88, 'リトルチーム', 'Little Team', 'Chiquis', 760, 693),
(89, 'スーパーアニマルズ', 'The Zoo Keepers', 'Los Superadorables', 749, NULL),
(90, 'FF地区選抜B', 'FF Regional Pick B', 'Fase Previa FF B', 759, 707),
(91, 'FF全国選抜B', 'FF National Pick B', 'Fase Nacional FF B', 773, 695),
(92, '全国チーム選抜B', 'National Team B', 'Selección Nacional B', 778, 704),
(93, 'チーム東日本', 'E. Japan Orient', 'Japón Este', 749, 711),
(94, '日本代表候補B', 'FFI Trials Team B', 'Pruebas de Selección - Equipo B', 749, 646),
(95, 'ファースト雷門', 'Raimon I', 'Raimon 1', 737, 617),
(96, 'リアル・エイリア', 'Real Alius', 'Atlético Alius', 754, 633),
(97, '影山オールスター', 'Dark\'s All Stars', 'Ray Dark All Stars', 748, 618),
(98, 'アナザーカオス', 'Chaos Returns', 'Nuevo Caos', 737, 645),
(99, 'ピストンベリーズ', 'Piston Berryz', 'Dorremifagol', 749, 702),
(100, '十二天王', 'The Gangs of Four', 'Los Cuatro Magníficos', 770, 713),
(101, 'ザ・カード', 'The Card', 'Tarjeteros', 749, 640),
(102, 'チャンピオンズ', 'Champions', 'Los Campeones', 777, 705),
(103, 'イナズマ’10', 'Inazuma 10', 'Ases del Inazuma 3', 749, 671),
(104, '世界選抜', 'International Allstars', 'Selección Mundial', 749, 658),
(105, 'Ｏ・Ｔ・Ａ・Ｋ・Ｕ', 'Herds of Nerds', 'Horda de Frikis', 765, 697),
(106, '元祖･野球部', 'Baseball All Stars', 'Los Chicos del Bate', 749, 694),
(107, 'スピードスター', 'The Motor Toters', 'Fundidores del Asfalto', 749, 714),
(108, 'FF地区選抜Ａ', 'FF Regional Pick A', 'Fase Previa FF A', 759, 707),
(109, 'スーパー秋葉名戸', 'Super Otaku', 'Súper Otaku', 765, 681),
(110, 'オールド木戸川', 'Old Kirkwood', 'Antiguo Kirkwood', 767, 625),
(111, 'ウラ雷門Ａ', 'Raimon Subs A', 'Ultra Raimon A', 737, 617),
(112, 'チーム西日本', 'W. Japan Wednesday', 'Japón Oeste', 749, 638),
(113, 'ベンチーズ1', 'Benchers 1', 'Chupabanquillos 1', 775, 667),
(114, 'ベンチーズ2', 'Benchers 2', 'Chupabanquillos 2', 765, 667),
(115, 'ベンチーズ3', 'Benchers 3', 'Chupabanquillos 3', 778, 667),
(116, '〇メガネ〇Ｂ', 'Glasses B', 'Gafitas B', 761, 706),
(117, 'ベンチーズ4', 'Benchers 4', 'Chupabanquillos 4', 737, 667),
(118, 'ベンチーズ5', 'Benchers 5', 'Chupabanquillos 5', 737, 667),
(119, 'ベンチーズ6', 'Benchers 6', 'Chupabanquillos 6', 737, 667),
(120, '◇ＮＩＮＪＡ◇', 'The Ninja Infringers', 'Ninjas a Gogó', 764, 623),
(121, 'セカンド雷門', 'Raimon II', 'Raimon II', 777, 617),
(122, '表と裏の王者Ａ', 'Front And Back Kings A', 'Royal Claustro A', 778, 703),
(123, '留学チーム', 'Foreign Students', 'Alumnos de Intercambio', 765, 712),
(124, '〇メガネ〇Ａ', 'Glasses A', 'Gafitas A', 761, 706),
(125, 'キャッピキャピＢ', 'Cutesy B', 'Chavalillas B', 737, 681),
(126, 'Ｍ･Ｏ･Ｅ', 'The Fanboy Favourites', 'Mangapichichis', 737, 681),
(127, 'マスクマンＡ', 'Masked Men A', 'Enmascarados A', 737, 697),
(128, 'ピエロチーム', 'The Clown Princes', 'Los Payasetes', 748, 697),
(129, 'タイニーガール', 'The Munchkins', 'Las Peques', 737, 693),
(130, 'スキンヘッズ', 'The Baldboys', 'Los Cabezahuevo', 767, 636),
(131, '中国キッカーズ', 'The Zing Dynasty', 'Estrellas de China', 749, 673),
(132, 'ヘッドプロテクツ', 'The Hard Headers', 'Los Cara Oculta', 761, 651),
(133, 'ラストイナズマ', 'Allstar Supernova', 'El Equipo Definitivo', 768, 671),
(134, 'スペースボーイズ', 'The Space Cadets', 'Cadetes Espaciales', 753, 631),
(135, 'ダミーエンペラーズ', 'The Dork Emperors', 'Memos Imperiales', 739, 640),
(136, 'ガイア', 'Gaia', 'Gaia', 775, 633),
(137, 'クリアーゴ', 'The Completionists', 'Equipo de Ensueño', 737, 709),
(138, 'FF全国選抜Ａ', 'FF National Pick A', 'Fase Nacional FF A', 764, 695),
(139, 'フドウヘッズ', 'The Stonewall Stylers', 'Los Calebmaníacos', 748, 685),
(140, 'エル・マッチョス', 'Brawn to Be Wild', 'Los Supermachos', 749, 677),
(141, '絶･世路死苦', 'The Wrong Crowd', 'Los Chungoleadores', 749, 678),
(142, 'キュート★スターズ', 'The Cutie-Pies', 'Las Guapetonas', 737, NULL),
(143, 'マスカレード', 'The Taskmaskers', 'Enmascarados Osados', 760, 675),
(144, 'モンスターズ', 'The Ghoul Hangers', 'Los Goles Fantasma', 765, 685),
(145, 'セレブリティーズ', 'La Crème de la Crème', 'Los Caviar', 747, 675),
(146, 'デモンフェイセズ', 'The Ugly Muggers', 'Los Preciosos', 758, 666),
(147, 'ザ･ビッグ', 'The Gentle Giants', 'Gigantes Bondadosos', 764, 672),
(148, 'ライモンアール', 'Côtes du Raimon', 'Raimon Costaleño', 746, 617),
(149, 'ザ･ディフェンズ', 'Doughty Defenders', 'Defensas Adamantinos', 749, 711),
(150, 'ファンタジース', 'The Fantasistas', 'Criaturas Legendarias', 752, 700),
(151, 'ハリケーンズ', 'The Belters', 'Las Voces de Oro', 777, 670),
(152, 'アナザーカラーズ', 'The Kaleidoscopes', 'Los Caleidoscopios', 737, 692),
(153, 'ファイアボーイズ', 'Balls of Fire', 'Balones Ardientes', 772, 707),
(154, 'ウォーターボーイズ', 'Liquid Football', 'Fútbol Líquido', 759, 688),
(155, 'イナズマレジェンド', 'The Absolute Legends', 'Leyendas de Antaño', 773, 698),
(156, 'ＬＥＶＥＬ—ＧＯ', 'Level Flyve', 'Level Flyve', 771, 649),
(157, 'イナズマ’08', 'Inazuma 08', 'Ases de Inazuma', 737, 680),
(158, '円堂レッズ', 'The Evans Eleven', 'Los Once de Mark', 768, NULL),
(159, 'クールガイズ', 'The Cool Customers', 'Los Guays', 749, 693),
(160, 'ネオ雷門', 'Neo Raimon', 'Neo Raimon', 768, 705),
(161, '真･世界選抜', 'True International Allstars', 'Selección Mundial Redux', 769, 704),
(162, 'イナズマ’09', 'Inazuma 09', 'Ases del Inazuma 2', 737, 680),
(163, '鬼道ホワイツ', 'The Sharp Enders', 'La Panda de Jude', 778, NULL),
(164, 'チームマサト', 'Team Syon', 'Equipo Blaze', 767, 705),
(165, 'キーパースターズ', 'Solely Goalies', 'Porteros Delanteros', 775, 702),
(166, 'イケメンスパークス', 'The Bolting Beaus', 'Galanes Electrizantes', 742, 655),
(167, 'おいろけボンバーズ', 'The Bombshells', 'Chicas Explosivas', 772, 641),
(168, 'イカサマイレブン', 'The I\'maloser Eleven', 'Calamidad Eleven', 756, 706),
(169, 'バッドボーイズ', 'The Foul Players', 'Los Malcarados', 779, 677),
(170, 'スキルスターズ', 'The Tiki-Taka Troupe', 'Maestros del Tiki-Taka', 778, 669),
(171, 'ジ・エレメンツ', 'The Elementalists', 'Los Elementalistas', 769, 695),
(172, 'ザ・ブロス', 'The Dribbling Sibling', 'Hermanos del Regate', 767, 625),
(173, 'ＰＥＮＧＵＩＮ', 'The Penguin Emperors', 'Pingüinos Emperadores', 748, 703),
(174, 'チャンプ２０１０', 'The 2010 Champs', 'Campeones de 2010', 774, 660),
(175, '全国チーム選抜Ａ', 'National Team A', 'Selección Nacional A', 772, 704),
(176, 'リレーションズ', 'Keep it in the Family', 'Chicharros en Familia', 765, 705),
(177, 'スペシャルズ', 'The Specialists', 'Los Especialistas', 772, 634),
(178, 'ザ･サプライズ', 'The Dark Horses', 'Caja de Sorpresas', 748, 664),
(179, '真･パイレーツ', 'Rip Curlers Redux', 'Los Surfieras Redux', 749, 685),
(180, 'ブリザードボンバー', 'Blizzard Bomber', 'Ventisca Explosiva', 766, 690),
(181, 'ダークエンジェル２', 'Dark Angel 2', 'Ángel Oscuro 2', 738, 665),
(182, 'ゴッドエンジェル', 'ゴッドエンジェル', 'Equipo Celestial', 760, 663),
(183, 'カオスエンジェルス', 'Chaos Angels', 'Ángeles del Caos', 738, 645),
(184, 'ファイアスパーク', 'The Firestorm Bolts', 'Rayo de Fuego', 765, 691),
(185, 'リアル・イナズマ', 'The Real Inazuma', 'Mega Inazuma Eleven', 779, 646);

-- --------------------------------------------------------

--
-- Table structure for table `tournament_name`
--

CREATE TABLE `tournament_name` (
  `tournament_name_id` int(11) NOT NULL,
  `tournament_name_ja` varchar(32) DEFAULT NULL,
  `tournament_name_en` varchar(32) DEFAULT NULL,
  `tournament_name_es` varchar(32) DEFAULT NULL,
  `tournament_rank_id` int(11) DEFAULT NULL
) ENGINE=InnoDB DEFAULT CHARSET=utf8mb4 COLLATE=utf8mb4_general_ci;

-- --------------------------------------------------------

--
-- Table structure for table `tournament_rank`
--

CREATE TABLE `tournament_rank` (
  `tournament_rank_id` int(11) NOT NULL,
  `tournament_rank_lv_range` varchar(5) DEFAULT NULL
) ENGINE=InnoDB DEFAULT CHARSET=utf8mb4 COLLATE=utf8mb4_general_ci;

-- --------------------------------------------------------

--
-- Table structure for table `tournament_rank_disputed_by_team`
--

CREATE TABLE `tournament_rank_disputed_by_team` (
  `tournament_rank_id` int(11) NOT NULL,
  `team_id` int(11) NOT NULL
) ENGINE=InnoDB DEFAULT CHARSET=utf8mb4 COLLATE=utf8mb4_general_ci;

-- --------------------------------------------------------

--
-- Table structure for table `tournament_rank_may_drop_item`
--

CREATE TABLE `tournament_rank_may_drop_item` (
  `tournament_rank_id` int(11) NOT NULL,
  `item_id` int(11) NOT NULL,
  `amount` int(11) DEFAULT NULL,
  `selection_rate` int(11) DEFAULT NULL,
  `drop_rate` int(11) DEFAULT NULL,
  `no_recover_rate` int(11) DEFAULT NULL
) ENGINE=InnoDB DEFAULT CHARSET=utf8mb4 COLLATE=utf8mb4_general_ci;

-- --------------------------------------------------------

--
-- Table structure for table `tournament_rank_requires_player`
--

CREATE TABLE `tournament_rank_requires_player` (
  `tournament_rank_id` int(11) NOT NULL,
  `player_id` int(11) NOT NULL
) ENGINE=InnoDB DEFAULT CHARSET=utf8mb4 COLLATE=utf8mb4_general_ci;

-- --------------------------------------------------------

--
-- Table structure for table `training_method`
--

CREATE TABLE `training_method` (
  `training_method_id` int(11) NOT NULL,
  `training_method_name_ja` varchar(32) DEFAULT NULL,
  `training_method_name_en` varchar(32) DEFAULT NULL,
  `training_method_name_es` varchar(32) DEFAULT NULL,
  `training_method_desc_ja` varchar(200) DEFAULT NULL,
  `training_method_desc_en` varchar(200) DEFAULT NULL,
  `training_method_desc_es` varchar(200) DEFAULT NULL
) ENGINE=InnoDB DEFAULT CHARSET=utf8mb4 COLLATE=utf8mb4_general_ci;

--
-- Dumping data for table `training_method`
--

INSERT INTO `training_method` (`training_method_id`, `training_method_name_ja`, `training_method_name_en`, `training_method_name_es`, `training_method_desc_ja`, `training_method_desc_en`, `training_method_desc_es`) VALUES
(1, 'エクスプローシブストライカー', 'Explosive Striker', 'Delantero Explosivo', '最大のショット力。', 'Maxed out shooting power.', 'Máximo poder de tiro.'),
(2, 'ライトニングストライカー', 'Lightning Striker', 'Delantero Relámpago', '平均的なショット力と高いスピード。', 'Average shooting power and high speed.', 'Poder de tiro intermedio y elevada rapidez.'),
(3, 'バランスストライカー', 'All-rounder Striker', 'Delantero Todoterreno', 'スピードに優れたバランスの取れたシュートとドリブル能力。 攻撃的ミッドフィールダーにも有効です。', 'Balanced shooting and dribbling capability with high speed. It also works for offensive midfielders.', 'Capacidad equilibrada de tiro y regate con elevada rapidez. También sirve para mediocentros ofensivos.'),
(4, 'エクスプローシブミッドフィールダー', 'Explosive Midfielder', 'Medio Explosivo', 'ドリブル力とブロック力は向上しますが、スピードは低下します。', 'Greater dribbling and blocking power but lesser speed.', 'Mayor poder de regate y bloqueo pero menor rapidez.'),
(5, 'バランス', 'en', 'All-rounder', '高いスピードを備えたバランスの取れたドリブルとブロック能力。', 'Balanced dribbling and blocking capability with high speed.', 'Capacidad equilibrada de regate y bloqueo con elevada rapidez.'),
(6, 'コントミッドフィールダー', 'Control Midfielder', 'Medio Control', 'コントの影響を受けたアクションでゴールを決めることができます。', 'It is possible to score a goal with actions influenced by control.', 'Permite marcar gol con acciones influenciadas por el control.'),
(7, 'ガッツディフェンダー', 'Guts Defender', 'Defensa Valor', '平均的なブロック能力と高いスピード。', 'Average blocking capability and high speed.', 'Capacidad de bloqueo intermedia y elevada rapidez.'),
(8, 'ガッツキーパー', 'Guts Keeper', 'Portero Valor', '最大のキャッチ力。', 'Maxed out save power.', 'Máximo poder de parada.'),
(9, 'スピードキーパー', 'Speed Keeper', 'Portero Rapidez', '平均的なキャッチ能力と高いスピード。', 'Average saving capability and high speed.', 'Capacidad de parada intermedia y elevada rapidez.');

-- --------------------------------------------------------

--
-- Table structure for table `training_method_focuses_on_stat`
--

CREATE TABLE `training_method_focuses_on_stat` (
  `training_method_id` int(11) NOT NULL,
  `stat_id` int(11) NOT NULL
) ENGINE=InnoDB DEFAULT CHARSET=utf8mb4 COLLATE=utf8mb4_general_ci;

--
-- Dumping data for table `training_method_focuses_on_stat`
--

INSERT INTO `training_method_focuses_on_stat` (`training_method_id`, `stat_id`) VALUES
(1, 3),
(1, 5),
(1, 9),
(2, 3),
(2, 7),
(2, 9),
(3, 3),
(3, 4),
(3, 7),
(4, 4),
(4, 6),
(4, 9),
(5, 4),
(5, 6),
(5, 7),
(6, 4),
(6, 5),
(6, 6),
(7, 6),
(7, 7),
(7, 9),
(8, 4),
(8, 6),
(8, 9),
(9, 4),
(9, 6),
(9, 7);

-- --------------------------------------------------------

--
-- Table structure for table `utc_drop_type`
--

CREATE TABLE `utc_drop_type` (
  `utc_drop_type_id` int(11) NOT NULL,
  `utc_drop_type_name` varchar(32) DEFAULT NULL
) ENGINE=InnoDB DEFAULT CHARSET=utf8mb4 COLLATE=utf8mb4_general_ci;

-- --------------------------------------------------------

--
-- Table structure for table `utc_session`
--

CREATE TABLE `utc_session` (
  `utc_session_id` int(11) NOT NULL,
  `utc_session_name_ja` varchar(32) DEFAULT NULL,
  `utc_session_name_en` varchar(32) DEFAULT NULL,
  `utc_session_name_es` varchar(32) DEFAULT NULL
) ENGINE=InnoDB DEFAULT CHARSET=utf8mb4 COLLATE=utf8mb4_general_ci;

-- --------------------------------------------------------

--
-- Table structure for table `utc_session_develops_stat`
--

CREATE TABLE `utc_session_develops_stat` (
  `utc_session_id` int(11) NOT NULL,
  `stat_id` int(11) NOT NULL
) ENGINE=InnoDB DEFAULT CHARSET=utf8mb4 COLLATE=utf8mb4_general_ci;

-- --------------------------------------------------------

--
-- Table structure for table `utc_session_drops`
--

CREATE TABLE `utc_session_drops` (
  `utc_session_id` int(11) NOT NULL,
  `item_id` int(11) NOT NULL,
  `utc_drop_type_id` int(11) DEFAULT NULL,
  `drop_rate` int(11) DEFAULT NULL
) ENGINE=InnoDB DEFAULT CHARSET=utf8mb4 COLLATE=utf8mb4_general_ci;

-- --------------------------------------------------------

--
-- Table structure for table `zone`
--

CREATE TABLE `zone` (
  `zone_id` int(11) NOT NULL,
  `zone_name_ja` varchar(32) DEFAULT NULL,
  `zone_name_en` varchar(32) DEFAULT NULL,
  `zone_name_es` varchar(32) DEFAULT NULL,
  `zone_type_id` int(11) DEFAULT NULL
) ENGINE=InnoDB DEFAULT CHARSET=utf8mb4 COLLATE=utf8mb4_general_ci;

--
-- Dumping data for table `zone`
--

INSERT INTO `zone` (`zone_id`, `zone_name_ja`, `zone_name_en`, `zone_name_es`, `zone_type_id`) VALUES
(1, '北東京', 'North Tokyo', 'Norte de Tokio', 1),
(2, '南東京', 'South Tokyo', 'Sur de Tokio', 1),
(3, '北海道', 'Hokkaido', 'Hokkaido', 1),
(4, '奈良', 'Nara', 'Nara', 1),
(5, '大阪', 'Osaka', 'Osaka', 1),
(6, '京都', 'Kioto', 'Kioto', 1),
(7, '愛媛', 'Ehime', 'Ehime', 1),
(8, '福岡', 'Fukuoka', 'Fukuoka', 1),
(9, '沖縄', 'Okinawa', 'Okinawa', 1),
(10, '富士', 'Fuji', 'Fuji', 1),
(11, 'エントランス', 'Entrance', 'Ciudad', 1),
(12, 'ジャパンエリア', 'Japan Area', 'Área de Japón', 1),
(13, 'イギリスエリア', 'UK Area', 'Área de Inglaterra', 1),
(14, 'ウミヘビ島', 'Sea Snake Island', 'Isla de Hidra', 1),
(15, 'アルゼンチンエリア', 'Argentina Area', 'Área de Argentina', 1),
(16, 'ヤマネコ島', 'Wildcat Island', 'Isla del Gato Montés', 1),
(17, 'アメリカエリア', 'US Area', 'Área de EE.UU.', 1),
(18, 'クジャク島', 'Peacock Island', 'Isla del Pavo Real', 1),
(19, 'イタリアエリア', 'Italy Area', 'Área de Iia', 1),
(20, 'コンドル島', 'Condor Island', 'Isla Cóndor', 1),
(21, 'ブラジルエリア', 'Brazil Area', 'Área de Brasil', 1),
(22, 'ウミガメ島', 'Sea Turtle Island', 'Isla de la Tortuga Marina', 1),
(23, 'コトアールエリア', 'Cotarl Area', 'Costail', 1),
(24, 'マグニード山', 'Mt.Magnitude', 'Monte Magnitud', 1),
(25, '未来', 'Future', 'Futuro', 1),
(26, 'イナズマキャラバン', 'Inazuma Caravan', 'Caravana Inazuma', 1),
(27, '住宅街', 'Residential Area', 'Zona Residencial', 2),
(28, '商店街', 'Shopping Street', 'Barrio de Tiendas', 2),
(29, '雷門中', 'Raimon Junior High', 'Instituto Raimon', 2),
(30, '河川敷', 'Stream Bed', 'Rivera del Rio', 2),
(31, '鉄塔', 'Steel Tower', 'Torre', 2),
(32, '病院', 'Hospital', 'Hospital', 2),
(33, '駅前', 'Station', 'Estación', 2),
(34, '傘美野中', 'Umbrella Junior High', 'Instituto Umbrella', 2),
(35, '帝国学園', 'Royal Academy', 'Royal Academy', 2),
(36, '裏山', 'Hill Behind', 'Cerro Arcano', 2),
(37, '東京大江戸国際空港', 'Tokyo International Airport', 'Aeropuerto de Tokio', 2),
(38, 'サッカー協会', 'Football Association', 'Sede de la Asociación de Fútbol', 2),
(39, 'フロンティアスタジアム', 'Frontier Stadium', 'Estadio Fútbol Frontier', 2),
(40, '虎ノ屋', 'Hobbes\'s Restaurant', 'Casa Hobbes', 2),
(41, '市街地', 'Urban Area', 'Ciudad', 2),
(42, '大雪原', 'Heavy Snow Field', 'Pico del Norte', 2),
(43, '白恋中', 'Alpine Junior High', 'Instituto Alpine', 2),
(44, '奈良市街地', 'Nara City Area', 'Ciudad', 2),
(45, 'シカ公園', 'Deer Park', 'Parque Deerfield', 2),
(46, '市街地', 'Urban Area', 'Ciudad', 2),
(47, 'ナニワランド', 'Naniwaland', 'Osakaland', 2),
(48, '京都市街地', 'Kyoto City Area', 'Ciudad', 2),
(49, '漫遊寺中', 'Cloister Divinity', 'Claustro Sagrado', 2),
(50, '愛媛市街地', 'Ehime City Area', 'Ciudad', 2),
(51, '埠頭', 'Pier', 'Puerto', 2),
(52, '福岡市街地', 'Fukuoka City Area', 'Ciudad', 2),
(53, '陽花戸中', 'Fauxshore', 'Fauxshore', 2),
(54, '沖縄市街地', 'Okinawa City Area', 'Ciudad', 2),
(55, '大海原中', 'Mary Times Junior High', 'Instituto Mary Times', 2),
(56, '富士の樹海', 'Fuji Forest', 'Bosque del Monte Fuji', 2),
(57, '星の使徒研究所', 'Fuji Lab', 'Laboratorio M. de las Estrellas', 2),
(58, 'ライオコット空港', 'Liocott Airport', 'Aeropuerto de Liocott', 2),
(59, 'セントラルパーク', 'Central Park', 'Parque Central', 2),
(60, 'タイタニックスタジアム', 'Titanic Stadium', 'Estadio Monumental', 2),
(61, 'ライオコット港', 'Liocott Port', 'Puerto', 2),
(62, '病院', 'Hospital', 'Hospital', 2),
(63, '店舗通り', 'Shopping Street', 'Zona de Tiendas', 2),
(64, '宿舎前', 'Hostel', 'Albergue', 2),
(65, '噴水通り', 'Fountain Street', 'Calle de la Fuente', 2),
(66, '空き地前', 'Empty Lot', 'Solar Vacío', 2),
(67, 'ウミヘビ港', 'Sea Snake Port', 'Puerto Hidra', 2),
(68, 'スタジアムへの道', 'Road to the Stadium', 'Camino del Estadio', 2),
(69, 'ウミヘビスタジアム', 'Sea Snake Stadium', 'Estadio Hidra', 2),
(70, 'メインストリート', 'Main Street', 'Calle Principal', 2),
(71, '銅像広場', 'Statue Square', 'Plaza de la Estatua', 2),
(72, 'Y字路前', 'Y-Intersection', 'Intersección en Y', 2),
(73, 'ヤマネコ港', 'Wildcat Port', 'Puerto Gato Montés', 2),
(74, 'スタジアムへの道', 'Road to the Stadium', 'Camino del estadio', 2),
(75, 'ヤマネコスタジアム', 'Wildcat Stadium', 'Estadio Gato Montés', 2),
(76, '入り口前', 'Urban Area', 'Ciudad', 2),
(77, 'スクラップ広場', 'Scrapping', 'Desguace', 2),
(78, '駅前広場', 'Station', 'Estación', 2),
(79, 'クジャク港', 'Peacock Port', 'Puerto Pavo Real', 2),
(80, 'スタジアムへの道', 'Road to the Stadium', 'Camino del Estadio', 2),
(81, 'クジャクスタジアム', 'Peacock Stadium', 'Estadio Pavo Real', 2),
(82, 'メインストリート', 'Main Street', 'Calle Principal', 2),
(83, '公園前', 'Park', 'Parque', 2),
(84, 'グラウンド前', 'Football Court', 'Campo de Fútbol', 2),
(85, 'コンドル港', 'Condor Port', 'Puerto Cóndor', 2),
(86, 'コンドルスタジアム', 'Condor Stadium', 'Estadio Cóndor', 2),
(87, 'メインストリート', 'Main Street', 'Calle Principal', 2),
(88, '下道', 'Downtown', 'Calle lateral', 2),
(89, '路地裏', 'Back Alley', 'Callejón', 2),
(90, 'ウミガメ港', 'Sea Turtle Port', 'Puerto Tortuga Marina', 2),
(91, 'スタジアムへの道', 'Road to the Stadium', 'Camino del Estadio', 2),
(92, 'ウミガメスタジアム', 'Sea Turtle Stadium', 'Estadio Tortuga Marina', 2),
(93, '入り口前', 'Urban Area', 'Ciudad', 2),
(94, '広場前', 'Square', 'Lugar de Reunión', 2),
(95, 'エントランス', 'Entrance', 'Entrada', 2),
(96, '未来', 'Future', 'Futuro', 2),
(97, '住宅街', 'Residential Area', 'Calle de Mark', 3),
(98, '商店街', 'Shopping Street', 'Barrio de Tiendas', 3),
(99, '商店街 路地裏', 'Back Alley', 'Calle de Bares', 3),
(100, '商店街グラウンド', 'Shopping Street Court', 'Campo Barrio de Tiendas', 3),
(101, '商店街アーケード', 'Shopping Street Gallery', 'Calle Peatonal', 3),
(102, '商店街 倉庫前', 'Shopping Street Warehouse', 'Zona del Almazén', 3),
(103, '雷門中 正門前', 'Raimon Entrance', 'Entrada del Raimon', 3),
(104, '合宿所', 'Training Camp', 'Residencia', 4),
(105, '1F', 'GF', 'PB', 5),
(106, '2F', 'F1', 'P1', 5),
(107, '正面校舎', 'Main Building', 'Edificio Principal', 4),
(108, '1F', 'GF', 'PB', 5),
(109, '2F', 'F1', 'P1', 5),
(110, '3F', 'F2', 'P2', 5),
(111, '雷門中 部室前', 'Club Area', 'Area de la Caseta', 3),
(112, 'サッカー部室', 'Club', 'Club', 4),
(113, 'サッカー部室', 'Club', 'Club', 5),
(114, '物置', 'Storage Room', 'Trastero', 5),
(115, '地下理手長室', 'Underground Bunker', 'Búnker Presidente', 5),
(116, '雷門中 体育館前', 'Raimon Gym Area', 'Gimnasio Raimon', 3),
(117, '雷門中 体育館', 'Raimon Gym', 'Gimnasio', 4),
(118, '駄菓子屋前', 'Sweet Shop Area', 'Zona Tienda Chuches', 3),
(119, '駄菓子屋', 'Sweet Shop', 'Tienda de Chuches', 4),
(120, '河川敷', 'Stream Bed', 'Ribera del Río', 3),
(121, '河川敷グラウンド', 'Stream Bed Court', 'Campo del Río', 3),
(122, '鉄塔', 'Steel Tower', 'Torre', 3),
(123, '鉄塔小屋', 'Steel Tower Hut', 'Caseta', 4),
(124, '鉄塔上', 'Platform', 'Plataforma', 4),
(125, '稲妻総合病院 中庭', 'Hospital Courtyard', 'Hospital', 3),
(126, '稲妻総合病院', 'Hospital', 'Hospital', 4),
(127, '受付', 'Reception', 'Recepción', 5),
(128, '2F', 'F1', 'P1', 5),
(129, '3F', 'F2', 'P2', 5),
(130, '稲妻町駅 駅前', 'Inazuma Station Square', 'Estacion Inazuma', 3),
(131, '傘美野中', 'Umbrella Junior High', 'Instututo Umbrella', 3),
(132, '帝国学園', 'Royal Academy', 'Royal Academy', 3),
(133, '帝国学園 通路', 'Royal Academy Passage', 'Entrada R. Academy', 3),
(134, '裏山', 'Hill Behind', 'Cerro Arcano', 3),
(135, '東京大江戸国際空港', 'Tokyo International Airport', 'Aeropuerto de Tokyo', 3),
(136, '東京大江戸国際空港', 'Tokyo International Airport', 'Aeropuerto de Tokyo', 4),
(137, 'サッカー協会前', 'Football Association', 'Asociación de Fútbol', 3),
(138, 'サッカー協会', 'Football Association', 'Asociación de Fútbol', 4),
(139, 'サッカー協会 ロビー', 'Lobby', 'Recepción', 5),
(140, 'サッカー協会 資料室', 'Resource Room', 'Archivo', 5),
(141, 'Fスタジアム前', 'Entrance', 'Entrada', 3),
(142, 'Fスタジアム', 'Frontier Stadium', 'Estadio FF', 4),
(143, 'Fスタジアム 廊下', 'Corridor', 'Vestíbulo', 5),
(144, 'Fスタジアム', 'Frontier Stadium', 'Estadio FF', 5),
(145, '虎ノ屋周辺', 'Around Hobbes\'s Restaurant', 'Alrededores C.Hobbes', 3),
(146, '虎ノ屋前', 'Hobbes\'s Restaurant Area', 'Casa Hobbes', 3),
(147, '虎ノ屋', 'Hobbes\'s Restaurant', 'Casa Hobbes', 4),
(148, '北海道街中', 'Hokkaido City Center', 'Hokkaido', 3),
(149, '北ヶ峰', 'Heavy Snow Field', 'Pico del Norte', 3),
(150, '白恋中 校舎側', 'Alpine Junior High Building Side', 'Instituto Alpino', 3),
(151, '白恋中 グラウンド側', 'Alpine Junior High Court Side', 'Campo Alpino', 3),
(152, '奈良市街地 東側', 'Nara City Area - East Side', 'Nara - Este', 3),
(153, '奈良市街地 西側', 'Nara City Area - West Side', 'Nara - Oeste', 3),
(154, 'シカ公園 市街地側', 'Deer Park', 'Parque Deerfield', 3),
(155, 'シカ公園 巨シカ像側 ', 'Deer Park Statue Side', 'Estatua P. Deerfield', 3),
(156, '大阪市街地', 'Osaka City Area', 'Osaka', 3),
(157, '大阪市街地 商店街側', 'Shopping Street Side', 'Barrio de Tiendas', 3),
(158, 'ナニワランド 入り口', 'Naniwaland Entrance', 'Ciudad', 3),
(159, 'ナニワランド 広場', 'Naniwaland Square', 'Osakaland', 3),
(160, '京都市街地', 'Kyoto City Area', 'Kioto', 3),
(161, '漫遊寺中', 'Cloister Divinity', 'Claustro Sagrado', 3),
(162, '愛媛市街地', 'Ehime City Area', 'Ehime', 3),
(163, '埠頭', 'Pier', 'Puerto', 3),
(164, '福岡市街地', 'Fukuoka City Area', 'Fukuoka', 3),
(165, '陽花戸中', 'Fauxshore', 'Fauxshore', 3),
(166, '沖縄市街地', 'Okinawa City Area', 'Okinawa', 3),
(167, '灯台', 'Lighthouse', 'Faro', 4),
(168, '1F', 'GF', 'PB', 5),
(169, '小部屋', 'Small Room', 'Casa del Faro', 5),
(170, '屋上', 'Rooftop', 'Parte Superior', 5),
(171, '大海原中', 'Mary Times Junior High', 'Mary Times', 3),
(173, '富士の樹海 迷路', 'Fuji Forest Maze', 'Laberinto del Bosque', 3),
(174, '最果ての洞くつ', 'Forest Cave', 'Cueva del Bosque', 3),
(175, '研究所駐車場', 'Lab Parking', 'Aparcam. Laboratorio', 3),
(176, '研究所 迷路', 'Lab Maze', 'Laberinto del Laboratorio', 3),
(177, 'エイリア石の部屋', 'Alius Stone Room', 'Camara Piedra Alius', 4),
(178, '下側', 'Lower Side', 'Parte Inferior', 5),
(179, '上側', 'Upper Side', 'Parte Superior', 5),
(180, '星の使徒グラウンド', 'Fuji Lab Court', 'Campo Academia Alius', 3),
(181, 'ライオコット空港', 'Liocott Airport', 'Aeropuerto de Liocott', 3),
(182, 'ライオコット空港', 'Liocott Airport', 'Aeropuerto de Liocott', 4),
(183, 'セントラルパーク', 'Central Park', 'Parque Central', 3),
(184, '新修練場 受付', 'New Training Center Reception', 'Nuevo C.E. Recepción', 4),
(185, 'Tスタジアム前', 'Titanic Stadium Area', 'Estadio Monumental', 3),
(186, 'Tスタジアム', 'Titanic Stadium', 'Estadio Monumental', 4),
(187, 'Tスタジアム 廊下', 'Corridor', 'Vestíbulo', 5),
(188, 'Tスタジアム 控え室 1', 'Waiting Room 1', 'Vestuario 1', 5),
(189, 'Tスタジアム 控え室 2', 'Waiting Room 2', 'Vestuario 2', 5),
(190, 'Tスタジアム 控え室 3', 'Waiting Room 3', 'Vestuario 3', 5),
(191, 'Tスタジアム', 'Titanic Stadium', 'Estadio Monumental', 5),
(192, 'ライオコット港', 'Liocott Port', 'Puerto de Liocott', 3),
(193, 'ライオコット病院', 'Liocott Hospital', 'Hospital de Liocott', 3),
(194, 'ライオコット病院', 'Liocott Hospital', 'Hospital de Liocott', 4),
(195, 'ライオコット病院', 'Liocott Hospital', 'Hospital de Liocott', 5),
(196, 'ライオコット病院', 'Liocott Hospital', 'Hospital de Liocott', 5),
(197, '店舗通り', 'Shopping Street', 'Zona de Tiendas', 3),
(198, '修練場 受付', 'Training Center Reception', 'Recepción C.E.', 4),
(199, '宿舎前', 'Hostel Area', 'Albergue', 3),
(200, '宿舎', 'Hostel', 'Albergue', 4),
(201, '1F', 'GF', 'PB', 5),
(202, '2F', 'F1', 'P1', 5),
(203, '噴水通り', 'Fountain Street', 'Calle de la Fuente', 3),
(204, '空き地前', 'Empty Lot Area', 'Solar Vacío', 3),
(205, 'ウミヘビ港', 'Sea Snake Port', 'Puerto Hidra', 3),
(206, 'スタジアムへの道', 'Road to the Stadium', 'Camino del Estadio', 3),
(207, 'ウミヘビスタジアム前', 'Sea Snake Stadium Entrance', 'Estadio Hidra - Entrada', 3),
(208, 'ウミヘビスタジアム', 'Sea Snake Stadium', 'Estadio Hidra', 4),
(209, 'メインストリート', 'Main Street', 'Calle Principal', 3),
(210, '銅像広場', 'Statue Square', 'Plaza de la Estatua', 3),
(211, 'Y字路前', 'Y-Intersection Area', 'Intersección en Y', 3),
(212, 'ヤマネコ港', 'Wildcat Port', 'Puerto Gato Montés', 3),
(213, 'スタジアムへの道', 'Road to the Stadium', 'Camino del Estadio', 3),
(214, 'ヤマネコスタジアム前', 'Wildcat Stadium Entrance', 'E. Gato Montés - Entrada', 3),
(215, 'ヤマネコスタジアム', 'Wildcat Stadium', 'Estadio Gato Montés', 4),
(216, '入り口前', 'Urban Area', 'Ciudad', 3),
(217, 'スクラップ広場', 'Scrapping', 'Desguace', 3),
(218, '駅前広場', 'Station', 'Estación', 3),
(219, 'クジャク港', 'Peacock Port', 'Puerto Pavo Real', 3),
(220, 'スタジアムへの道', 'Road to the Stadium', 'Camino del Estadio', 3),
(221, 'クジャクスタジアム前', 'Peacock Stadium Entrance', 'E. Pavo Real - Entrada', 3),
(222, 'クジャクスタジアム', 'Peacock Stadium', 'Estadio Pavo Real', 4),
(223, 'メインストリート', 'Main Street', 'Calle Principal', 3),
(224, '公園前', 'Park Area', 'Parque', 3),
(225, 'グラウンド前', 'Football Court', 'Campo de Fútbol', 3),
(226, 'コンドル港', 'Condor Port', 'Puerto Cóndor', 3),
(227, 'コンドルスタジアム前', 'Condor Stadium Entrance', 'Estadio Cóndor - Entrada', 3),
(228, 'コンドルタワー', 'Condor Tower', 'Torre Cóndor', 4),
(229, '1F', 'GF', 'PB', 5),
(230, '2F', 'F1', 'P1', 5),
(231, '3F', 'F2', 'P2', 5),
(232, '4F', 'F3', 'P3', 5),
(233, '5F', 'F4', 'P4', 5),
(234, '6F', 'F5', 'P5', 5),
(235, '7F', 'F6', 'P6', 5),
(236, 'コンドルスタジアム', 'Condor Stadium', 'Estadio Cóndor', 5),
(237, 'メインストリート', 'Main Street', 'Calle Principal', 3),
(238, 'ガルシルド邸', 'Zoolan Mansión', 'Mansión de Zoolan', 3),
(239, '下道', 'Downtown', 'Calle Lateral', 3),
(240, '路地裏', 'Back Alley', 'Callejón', 3),
(241, 'ウミガメ港', 'Sea Turtle Port', 'Puerto Tortuga Marina', 3),
(242, 'スタジアムへの道', 'Road to the Stadium', 'Camino del Estadio', 3),
(243, 'ウミガメスタジアム前', 'Sea Turtle Stadium Entrance', 'E. Tortuga M. - Entrada', 3),
(244, 'ウミガメスタジアム', 'Sea Turtle Stadium', 'Estadio Tortuga Marina', 4),
(245, '入り口前', 'Urban Area', 'Ciudad', 3),
(246, '広場前', 'Square', 'Lugar de Reunión', 3),
(247, 'マグニード山 迷路', 'Mt.Magnitude Maze', 'Laberinto Monte Magnitud', 3),
(248, 'デモンズゲート', 'Demon\'s Gate', 'Puerta Demoníaca', 3),
(249, 'ヘブンズガーデン', 'Heaven\'s Garden', 'Jardín Celestial', 3),
(250, '伝説の地', 'Legendary Land', 'Tierra Legendaria', 3),
(251, '未来 ストリート', 'Future Street', 'El Futuro - Calle', 3),
(252, '未来 住宅街', 'Future Residential Area', 'El Futuro - Z. Residencial', 3),
(253, 'カノンの家', 'Canon\'s House', 'Casa de Canon', 4),
(254, '未来 研究所前', 'Future Research Institute', 'El Futuro - Laboratorio', 3),
(255, 'キラード研究室', 'Killard\'s Laboratory', 'Laboratorio Prof. Killard', 4),
(256, '地下道路', 'Underground Tunnel', 'Túnel Subterráneo', 3),
(257, '下水道', 'Sewer', 'Alacantarilla', 3),
(258, 'オーガスタジアム前', 'Ogre Stadium Entrance', 'E. Ogro - Entrada', 3),
(259, 'オーガスタジアム', 'Ogre Stadium', 'Estadio del Ogro', 4),
(260, 'ガルシルド邸', 'Zoolan Mansión', 'Mansión de Zoolan', 4);

-- --------------------------------------------------------

--
-- Table structure for table `zone_building`
--

CREATE TABLE `zone_building` (
  `zone_building_id` int(11) NOT NULL,
  `zone_level_id` int(11) DEFAULT NULL
) ENGINE=InnoDB DEFAULT CHARSET=utf8mb4 COLLATE=utf8mb4_general_ci;

--
-- Dumping data for table `zone_building`
--

INSERT INTO `zone_building` (`zone_building_id`, `zone_level_id`) VALUES
(104, 103),
(107, 103),
(112, 111),
(117, 116),
(119, 118),
(123, 122),
(124, 122),
(126, 125),
(136, 135),
(138, 137),
(142, 141),
(147, 146),
(167, 166),
(177, 176),
(182, 181),
(184, 183),
(186, 185),
(194, 193),
(198, 197),
(200, 199),
(208, 207),
(215, 214),
(222, 221),
(228, 227),
(260, 238),
(244, 243),
(253, 252),
(255, 254),
(259, 258);

-- --------------------------------------------------------

--
-- Table structure for table `zone_building_floor`
--

CREATE TABLE `zone_building_floor` (
  `zone_building_floor_id` int(11) NOT NULL,
  `zone_building_id` int(11) DEFAULT NULL
) ENGINE=InnoDB DEFAULT CHARSET=utf8mb4 COLLATE=utf8mb4_general_ci;

--
-- Dumping data for table `zone_building_floor`
--

INSERT INTO `zone_building_floor` (`zone_building_floor_id`, `zone_building_id`) VALUES
(105, 104),
(106, 104),
(108, 107),
(109, 107),
(110, 107),
(113, 112),
(114, 112),
(115, 112),
(127, 126),
(128, 126),
(129, 126),
(139, 138),
(140, 138),
(143, 142),
(144, 142),
(168, 167),
(169, 167),
(170, 167),
(178, 177),
(179, 177),
(187, 186),
(188, 186),
(189, 186),
(190, 186),
(191, 186),
(195, 194),
(196, 194),
(201, 200),
(202, 200),
(229, 228),
(230, 228),
(231, 228),
(232, 228),
(233, 228),
(234, 228),
(235, 228),
(236, 228);

-- --------------------------------------------------------

--
-- Table structure for table `zone_inner`
--

CREATE TABLE `zone_inner` (
  `zone_inner_id` int(11) NOT NULL,
  `zone_outer_id` int(11) DEFAULT NULL
) ENGINE=InnoDB DEFAULT CHARSET=utf8mb4 COLLATE=utf8mb4_general_ci;

--
-- Dumping data for table `zone_inner`
--

INSERT INTO `zone_inner` (`zone_inner_id`, `zone_outer_id`) VALUES
(27, 1),
(28, 1),
(29, 1),
(30, 1),
(31, 1),
(32, 1),
(33, 1),
(34, 1),
(35, 1),
(36, 1),
(37, 2),
(38, 2),
(39, 2),
(40, 2),
(41, 3),
(42, 3),
(43, 3),
(44, 4),
(45, 4),
(46, 5),
(47, 5),
(48, 6),
(49, 6),
(50, 7),
(51, 7),
(52, 8),
(53, 8),
(54, 9),
(55, 9),
(56, 10),
(57, 10),
(58, 11),
(59, 11),
(60, 11),
(61, 11),
(62, 11),
(63, 12),
(64, 12),
(65, 13),
(66, 13),
(67, 14),
(68, 14),
(69, 14),
(70, 15),
(71, 15),
(72, 15),
(73, 16),
(74, 16),
(75, 16),
(76, 17),
(77, 17),
(78, 17),
(79, 18),
(80, 18),
(81, 18),
(82, 19),
(83, 19),
(84, 19),
(85, 20),
(86, 20),
(87, 21),
(88, 21),
(89, 21),
(90, 22),
(91, 22),
(92, 22),
(93, 23),
(94, 23),
(95, 24),
(96, 25);

-- --------------------------------------------------------

--
-- Table structure for table `zone_level`
--

CREATE TABLE `zone_level` (
  `zone_level_id` int(11) NOT NULL,
  `zone_inner_id` int(11) DEFAULT NULL
) ENGINE=InnoDB DEFAULT CHARSET=utf8mb4 COLLATE=utf8mb4_general_ci;

--
-- Dumping data for table `zone_level`
--

INSERT INTO `zone_level` (`zone_level_id`, `zone_inner_id`) VALUES
(97, 27),
(98, 28),
(99, 28),
(100, 28),
(101, 28),
(102, 28),
(103, 29),
(111, 29),
(116, 29),
(118, 29),
(120, 30),
(121, 30),
(122, 31),
(125, 32),
(130, 33),
(131, 34),
(132, 35),
(133, 35),
(134, 36),
(135, 37),
(137, 38),
(141, 39),
(145, 40),
(146, 40),
(148, 41),
(149, 42),
(150, 43),
(151, 43),
(152, 44),
(153, 44),
(154, 45),
(155, 45),
(156, 46),
(157, 46),
(158, 47),
(159, 47),
(160, 48),
(161, 49),
(162, 50),
(163, 51),
(164, 52),
(165, 53),
(166, 54),
(171, 55),
(173, 56),
(174, 56),
(175, 57),
(176, 57),
(180, 57),
(181, 58),
(183, 59),
(185, 60),
(192, 61),
(193, 62),
(197, 63),
(199, 64),
(203, 65),
(204, 66),
(205, 67),
(206, 68),
(207, 69),
(209, 70),
(210, 71),
(211, 72),
(212, 73),
(213, 74),
(214, 75),
(216, 76),
(217, 77),
(218, 78),
(219, 79),
(220, 80),
(221, 81),
(223, 82),
(224, 83),
(225, 84),
(226, 85),
(227, 86),
(237, 87),
(238, 87),
(239, 88),
(240, 89),
(241, 90),
(242, 91),
(243, 92),
(245, 93),
(246, 94),
(247, 95),
(248, 95),
(249, 95),
(250, 95),
(251, 96),
(252, 96),
(254, 96),
(256, 96),
(257, 96),
(258, 96);

-- --------------------------------------------------------

--
-- Table structure for table `zone_outer`
--

CREATE TABLE `zone_outer` (
  `zone_outer_id` int(11) NOT NULL,
  `region_id` int(11) DEFAULT NULL
) ENGINE=InnoDB DEFAULT CHARSET=utf8mb4 COLLATE=utf8mb4_general_ci;

--
-- Dumping data for table `zone_outer`
--

INSERT INTO `zone_outer` (`zone_outer_id`, `region_id`) VALUES
(1, 1),
(2, 1),
(3, 1),
(4, 1),
(5, 1),
(6, 1),
(7, 1),
(8, 1),
(9, 1),
(10, 1),
(11, 2),
(12, 2),
(13, 2),
(14, 2),
(15, 2),
(16, 2),
(17, 2),
(18, 2),
(19, 2),
(20, 2),
(21, 2),
(22, 2),
(23, 2),
(24, 2),
(25, 3),
(26, 4);

-- --------------------------------------------------------

--
-- Table structure for table `zone_type`
--

CREATE TABLE `zone_type` (
  `zone_type_id` int(11) NOT NULL,
  `zone_type_name` varchar(32) DEFAULT NULL
) ENGINE=InnoDB DEFAULT CHARSET=utf8mb4 COLLATE=utf8mb4_general_ci;

--
-- Dumping data for table `zone_type`
--

INSERT INTO `zone_type` (`zone_type_id`, `zone_type_name`) VALUES
(1, 'zone-outer'),
(2, 'zone-inner'),
(3, 'zone-level'),
(4, 'zone-building'),
(5, 'zone-building-floor');

--
-- Indexes for dumped tables
--

--
-- Indexes for table `attri`
--
ALTER TABLE `attri`
  ADD PRIMARY KEY (`attri_id`);

--
-- Indexes for table `body_type`
--
ALTER TABLE `body_type`
  ADD PRIMARY KEY (`body_type_id`);

--
-- Indexes for table `catch_type`
--
ALTER TABLE `catch_type`
  ADD PRIMARY KEY (`catch_type_id`);

--
-- Indexes for table `chest`
--
ALTER TABLE `chest`
  ADD PRIMARY KEY (`chest_id`),
  ADD KEY `chest_fk_zone` (`zone_id`),
  ADD KEY `chest_fk_item` (`item_id`);

--
-- Indexes for table `conn_link`
--
ALTER TABLE `conn_link`
  ADD PRIMARY KEY (`conn_link_id`),
  ADD KEY `conn_link_fk_conn_panel` (`conn_panel_id`);

--
-- Indexes for table `conn_link_type`
--
ALTER TABLE `conn_link_type`
  ADD PRIMARY KEY (`conn_link_type_id`);

--
-- Indexes for table `conn_panel`
--
ALTER TABLE `conn_panel`
  ADD PRIMARY KEY (`conn_panel_id`);

--
-- Indexes for table `equipment_strengthens_stat`
--
ALTER TABLE `equipment_strengthens_stat`
  ADD PRIMARY KEY (`item_equipment_id`,`stat_id`),
  ADD KEY `equipment_strengthens_stat_fk_stat` (`stat_id`);

--
-- Indexes for table `equipment_type`
--
ALTER TABLE `equipment_type`
  ADD PRIMARY KEY (`equipment_type_id`);

--
-- Indexes for table `extra_battle_route`
--
ALTER TABLE `extra_battle_route`
  ADD PRIMARY KEY (`extra_battle_route_id`),
  ADD KEY `extra_battle_route_fk_npc` (`npc_id`);

--
-- Indexes for table `gacha`
--
ALTER TABLE `gacha`
  ADD PRIMARY KEY (`gacha_id`),
  ADD KEY `gacha_fk_zone` (`zone_id`);

--
-- Indexes for table `gacha_yields`
--
ALTER TABLE `gacha_yields`
  ADD PRIMARY KEY (`gacha_id`,`player_id`,`item_currency_id`),
  ADD KEY `gacha_yields_fk_player` (`player_id`),
  ADD KEY `gacha_yields_fk_item_currency` (`item_currency_id`);

--
-- Indexes for table `gender`
--
ALTER TABLE `gender`
  ADD PRIMARY KEY (`gender_id`);

--
-- Indexes for table `growth_rate`
--
ALTER TABLE `growth_rate`
  ADD PRIMARY KEY (`growth_rate_id`);

--
-- Indexes for table `growth_type`
--
ALTER TABLE `growth_type`
  ADD PRIMARY KEY (`growth_type_id`);

--
-- Indexes for table `growth_type_can_achieve_growth_rate`
--
ALTER TABLE `growth_type_can_achieve_growth_rate`
  ADD PRIMARY KEY (`growth_type_id`,`growth_rate_id`),
  ADD KEY `growth_type_can_achieve_growth_rate_fk_growth_rate` (`growth_rate_id`);

--
-- Indexes for table `hissatsu_available_for_positi`
--
ALTER TABLE `hissatsu_available_for_positi`
  ADD PRIMARY KEY (`item_hissatsu_id`,`positi_id`),
  ADD KEY `hissatsu_available_for_positi_fk_positi` (`positi_id`);

--
-- Indexes for table `hissatsu_block`
--
ALTER TABLE `hissatsu_block`
  ADD PRIMARY KEY (`item_hissatsu_id`);

--
-- Indexes for table `hissatsu_catch`
--
ALTER TABLE `hissatsu_catch`
  ADD PRIMARY KEY (`item_hissatsu_id`),
  ADD KEY `hissatsu_catch_fk_catch_type` (`catch_type_id`);

--
-- Indexes for table `hissatsu_combined_with_hissatsu`
--
ALTER TABLE `hissatsu_combined_with_hissatsu`
  ADD PRIMARY KEY (`item_hissatsu_id_base`),
  ADD KEY `hissatsu_combined_with_hissatsu_fk_item_hissatsu2` (`item_hissatsu_id_combined`);

--
-- Indexes for table `hissatsu_constrained_by_body_type`
--
ALTER TABLE `hissatsu_constrained_by_body_type`
  ADD PRIMARY KEY (`item_hissatsu_id`,`body_type_id`),
  ADD KEY `hissatsu_constrained_by_body_type_fk_body_type` (`body_type_id`);

--
-- Indexes for table `hissatsu_designed_for_attri`
--
ALTER TABLE `hissatsu_designed_for_attri`
  ADD PRIMARY KEY (`item_hissatsu_id`),
  ADD KEY `hissatsu_designed_for_attri_fk_attri` (`attri_id`);

--
-- Indexes for table `hissatsu_dribble`
--
ALTER TABLE `hissatsu_dribble`
  ADD PRIMARY KEY (`item_hissatsu_id`);

--
-- Indexes for table `hissatsu_evokes_attri`
--
ALTER TABLE `hissatsu_evokes_attri`
  ADD PRIMARY KEY (`item_hissatsu_id`),
  ADD KEY `hissatsu_evokes_attri_fk_attri` (`attri_id`);

--
-- Indexes for table `hissatsu_evolves`
--
ALTER TABLE `hissatsu_evolves`
  ADD PRIMARY KEY (`item_hissatsu_id`,`growth_type_id`,`growth_rate_id`),
  ADD KEY `hissatsu_evolves_fk_growth_type` (`growth_type_id`),
  ADD KEY `hissatsu_evolves_fk_growth_rate` (`growth_rate_id`);

--
-- Indexes for table `hissatsu_helped_by_attri`
--
ALTER TABLE `hissatsu_helped_by_attri`
  ADD PRIMARY KEY (`item_hissatsu_id`,`attri_id`),
  ADD KEY `hissatsu_helped_by_attri_fk_attri` (`attri_id`);

--
-- Indexes for table `hissatsu_limited_by_gender`
--
ALTER TABLE `hissatsu_limited_by_gender`
  ADD PRIMARY KEY (`item_hissatsu_id`),
  ADD KEY `hissatsu_limited_by_gender_fk_gender` (`gender_id`);

--
-- Indexes for table `hissatsu_restricted_by_hissatsu_special_restriction`
--
ALTER TABLE `hissatsu_restricted_by_hissatsu_special_restriction`
  ADD PRIMARY KEY (`item_hissatsu_id`),
  ADD KEY `hissatsu_restricted_by_hsp_fk_hsp` (`hissatsu_special_restriction_id`);

--
-- Indexes for table `hissatsu_shoot`
--
ALTER TABLE `hissatsu_shoot`
  ADD PRIMARY KEY (`item_hissatsu_id`);

--
-- Indexes for table `hissatsu_shoot_can_have_shoot_special_property`
--
ALTER TABLE `hissatsu_shoot_can_have_shoot_special_property`
  ADD PRIMARY KEY (`item_hissatsu_id`),
  ADD KEY `hissatsu_shoot_can_have_spp_fk_spp` (`shoot_special_property_id`);

--
-- Indexes for table `hissatsu_skill`
--
ALTER TABLE `hissatsu_skill`
  ADD PRIMARY KEY (`item_hissatsu_id`);

--
-- Indexes for table `hissatsu_special_restriction`
--
ALTER TABLE `hissatsu_special_restriction`
  ADD PRIMARY KEY (`hissatsu_special_restriction_id`);

--
-- Indexes for table `hissatsu_type`
--
ALTER TABLE `hissatsu_type`
  ADD PRIMARY KEY (`hissatsu_type_id`);

--
-- Indexes for table `item`
--
ALTER TABLE `item`
  ADD PRIMARY KEY (`item_id`),
  ADD KEY `item_fk_item_type` (`item_type_id`);

--
-- Indexes for table `item_currency`
--
ALTER TABLE `item_currency`
  ADD PRIMARY KEY (`item_currency_id`);

--
-- Indexes for table `item_equipment`
--
ALTER TABLE `item_equipment`
  ADD PRIMARY KEY (`item_equipment_id`),
  ADD KEY `item_equipment_fk_equipment_type` (`equipment_type_id`);

--
-- Indexes for table `item_formation`
--
ALTER TABLE `item_formation`
  ADD PRIMARY KEY (`item_formation_id`),
  ADD KEY `item_formation_fk_item_formation` (`original_version`),
  ADD KEY `item_formation_fk_item_formation_type` (`item_formation_type_id`),
  ADD KEY `item_formation_fk_item_formation_scheme` (`item_formation_scheme_id`);

--
-- Indexes for table `item_formation_organized_as_positi`
--
ALTER TABLE `item_formation_organized_as_positi`
  ADD PRIMARY KEY (`item_formation_id`,`positi_id`,`place`),
  ADD KEY `item_formation_organized_as_positi_fk_positi` (`positi_id`);

--
-- Indexes for table `item_formation_scheme`
--
ALTER TABLE `item_formation_scheme`
  ADD PRIMARY KEY (`item_formation_scheme_id`);

--
-- Indexes for table `item_formation_type`
--
ALTER TABLE `item_formation_type`
  ADD PRIMARY KEY (`item_formation_type_id`);

--
-- Indexes for table `item_gifted_during_story`
--
ALTER TABLE `item_gifted_during_story`
  ADD PRIMARY KEY (`item_id`,`story_id`),
  ADD KEY `item_gifted_during_story_fk_story` (`story_id`);

--
-- Indexes for table `item_hissatsu`
--
ALTER TABLE `item_hissatsu`
  ADD PRIMARY KEY (`item_hissatsu_id`),
  ADD KEY `item_hissatsu_fk_hissatsu_type` (`hissatsu_type_id`);

--
-- Indexes for table `item_key`
--
ALTER TABLE `item_key`
  ADD PRIMARY KEY (`item_key_id`),
  ADD KEY `item_key_fk_zone` (`zone_id`);

--
-- Indexes for table `item_map`
--
ALTER TABLE `item_map`
  ADD PRIMARY KEY (`item_map_id`),
  ADD KEY `item_map_fk_zone` (`zone_id`);

--
-- Indexes for table `item_recovery`
--
ALTER TABLE `item_recovery`
  ADD PRIMARY KEY (`item_recovery_id`);

--
-- Indexes for table `item_reward_player`
--
ALTER TABLE `item_reward_player`
  ADD PRIMARY KEY (`item_reward_player_id`),
  ADD KEY `item_reward_player_fk_player` (`player_id`);

--
-- Indexes for table `item_sold_at_stor`
--
ALTER TABLE `item_sold_at_stor`
  ADD PRIMARY KEY (`stor_id`,`item_id`),
  ADD KEY `item_sold_at_stor_fk_item` (`item_id`);

--
-- Indexes for table `item_tactic`
--
ALTER TABLE `item_tactic`
  ADD PRIMARY KEY (`item_tactic_id`),
  ADD KEY `item_tactic_fk_tactic_type` (`tactic_type_id`),
  ADD KEY `item_tactic_fk_tactic_side` (`tactic_side_id`);

--
-- Indexes for table `item_type`
--
ALTER TABLE `item_type`
  ADD PRIMARY KEY (`item_type_id`);

--
-- Indexes for table `item_ultimate_note`
--
ALTER TABLE `item_ultimate_note`
  ADD PRIMARY KEY (`item_ultimate_note_id`);

--
-- Indexes for table `item_vscard`
--
ALTER TABLE `item_vscard`
  ADD PRIMARY KEY (`item_vscard_id`),
  ADD KEY `item_vscard_fk_practice_game` (`practice_game_id`);

--
-- Indexes for table `item_wear`
--
ALTER TABLE `item_wear`
  ADD PRIMARY KEY (`item_wear_id`);

--
-- Indexes for table `link_chest`
--
ALTER TABLE `link_chest`
  ADD PRIMARY KEY (`link_chest_id`),
  ADD KEY `link_chest_fk_item` (`item_id`);

--
-- Indexes for table `link_lock`
--
ALTER TABLE `link_lock`
  ADD PRIMARY KEY (`link_lock_id`),
  ADD KEY `link_lock_fk_story` (`story_id`),
  ADD KEY `link_lock_fk_player` (`player_id`);

--
-- Indexes for table `link_player`
--
ALTER TABLE `link_player`
  ADD PRIMARY KEY (`link_player_id`),
  ADD KEY `link_player_fk_player` (`player_id`);

--
-- Indexes for table `npc`
--
ALTER TABLE `npc`
  ADD PRIMARY KEY (`npc_id`),
  ADD KEY `npc_fk_zone` (`zone_id`);

--
-- Indexes for table `old_pin_badge_exchange`
--
ALTER TABLE `old_pin_badge_exchange`
  ADD PRIMARY KEY (`old_pin_badge_exchange_id`),
  ADD KEY `old_pin_badge_exchange_fk_item` (`item_id`);

--
-- Indexes for table `passwd`
--
ALTER TABLE `passwd`
  ADD PRIMARY KEY (`passwd_id`);

--
-- Indexes for table `player`
--
ALTER TABLE `player`
  ADD PRIMARY KEY (`player_id`),
  ADD KEY `player_fk_attri` (`attri_id`),
  ADD KEY `player_fk_positi` (`positi_id`),
  ADD KEY `player_fk_gender` (`gender_id`),
  ADD KEY `player_fk_body_type` (`body_type_id`),
  ADD KEY `player_fk_player_obtention_method` (`player_obtention_method_id`),
  ADD KEY `player_fk_player` (`original_version`);

--
-- Indexes for table `player_decrypted_with_passwd`
--
ALTER TABLE `player_decrypted_with_passwd`
  ADD PRIMARY KEY (`player_id`,`passwd_id`),
  ADD KEY `player_decrypted_with_passwd_fk_passwd` (`passwd_id`);

--
-- Indexes for table `player_found_at_zone`
--
ALTER TABLE `player_found_at_zone`
  ADD PRIMARY KEY (`player_id`),
  ADD KEY `player_found_at_zone_fk_zone` (`zone_id`);

--
-- Indexes for table `player_has_recommended_gear_equipment`
--
ALTER TABLE `player_has_recommended_gear_equipment`
  ADD PRIMARY KEY (`player_id`,`item_equipment_id`),
  ADD KEY `player_has_recommended_gear_equipment_fk_item_equipment` (`item_equipment_id`);

--
-- Indexes for table `player_has_recommended_routine_tm`
--
ALTER TABLE `player_has_recommended_routine_tm`
  ADD PRIMARY KEY (`player_id`,`training_method_id`),
  ADD KEY `player_has_recommended_routine_tm_fk_tm` (`training_method_id`);

--
-- Indexes for table `player_has_recommended_slot_hissatsu`
--
ALTER TABLE `player_has_recommended_slot_hissatsu`
  ADD PRIMARY KEY (`player_id`,`item_hissatsu_id`),
  ADD KEY `player_has_recommended_slot_hissatsu_fk_item_hissatsu` (`item_hissatsu_id`);

--
-- Indexes for table `player_is_part_of_team`
--
ALTER TABLE `player_is_part_of_team`
  ADD PRIMARY KEY (`player_id`,`team_id`),
  ADD KEY `player_is_part_of_team_fk_team` (`team_id`);

--
-- Indexes for table `player_learns_hissatsu`
--
ALTER TABLE `player_learns_hissatsu`
  ADD PRIMARY KEY (`player_id`,`item_hissatsu_id`),
  ADD KEY `player_learns_hissatsu_fk_item_hissatsu` (`item_hissatsu_id`);

--
-- Indexes for table `player_obtention_method`
--
ALTER TABLE `player_obtention_method`
  ADD PRIMARY KEY (`player_obtention_method_id`);

--
-- Indexes for table `player_plays_during_story_team`
--
ALTER TABLE `player_plays_during_story_team`
  ADD PRIMARY KEY (`player_id`),
  ADD KEY `player_plays_during_story_team_fk_team` (`team_id`);

--
-- Indexes for table `player_received_during_story`
--
ALTER TABLE `player_received_during_story`
  ADD PRIMARY KEY (`player_id`,`story_id`),
  ADD KEY `player_received_during_story_fk_story` (`story_id`);

--
-- Indexes for table `positi`
--
ALTER TABLE `positi`
  ADD PRIMARY KEY (`positi_id`);

--
-- Indexes for table `practice_game`
--
ALTER TABLE `practice_game`
  ADD PRIMARY KEY (`practice_game_id`),
  ADD KEY `practice_game_fk_route_path` (`route_path_id`),
  ADD KEY `practice_game_fk_team` (`team_id`);

--
-- Indexes for table `practice_game_can_drop_item`
--
ALTER TABLE `practice_game_can_drop_item`
  ADD PRIMARY KEY (`practice_game_id`,`item_id`),
  ADD KEY `practice_game_can_drop_item_fk_item` (`item_id`);

--
-- Indexes for table `practice_game_condition`
--
ALTER TABLE `practice_game_condition`
  ADD PRIMARY KEY (`practice_game_condition_id`);

--
-- Indexes for table `practice_game_dictated_by_pgc`
--
ALTER TABLE `practice_game_dictated_by_pgc`
  ADD PRIMARY KEY (`practice_game_id`),
  ADD KEY `practice_game_dictated_by_pgc_fk_pgc` (`practice_game_condition_id`);

--
-- Indexes for table `region`
--
ALTER TABLE `region`
  ADD PRIMARY KEY (`region_id`);

--
-- Indexes for table `route_path`
--
ALTER TABLE `route_path`
  ADD PRIMARY KEY (`route_path_id`),
  ADD KEY `route_path_fk_extra_battle_route` (`extra_battle_route_id`),
  ADD KEY `route_path_fk_item_n` (`reward_n`),
  ADD KEY `route_path_fk_item_s` (`reward_s`);

--
-- Indexes for table `shoot_special_property`
--
ALTER TABLE `shoot_special_property`
  ADD PRIMARY KEY (`shoot_special_property_id`);

--
-- Indexes for table `stat`
--
ALTER TABLE `stat`
  ADD PRIMARY KEY (`stat_id`);

--
-- Indexes for table `stor`
--
ALTER TABLE `stor`
  ADD PRIMARY KEY (`stor_id`),
  ADD KEY `stor_fk_stor_type` (`stor_type_id`),
  ADD KEY `stor_fk_zone` (`zone_id`);

--
-- Indexes for table `story`
--
ALTER TABLE `story`
  ADD PRIMARY KEY (`story_id`);

--
-- Indexes for table `stor_type`
--
ALTER TABLE `stor_type`
  ADD PRIMARY KEY (`stor_type_id`);

--
-- Indexes for table `tactic_executed_by_team`
--
ALTER TABLE `tactic_executed_by_team`
  ADD PRIMARY KEY (`item_tactic_id`,`team_id`),
  ADD KEY `tactic_executed_by_team_fk_team` (`team_id`);

--
-- Indexes for table `tactic_side`
--
ALTER TABLE `tactic_side`
  ADD PRIMARY KEY (`tactic_side_id`);

--
-- Indexes for table `tactic_type`
--
ALTER TABLE `tactic_type`
  ADD PRIMARY KEY (`tactic_type_id`);

--
-- Indexes for table `team`
--
ALTER TABLE `team`
  ADD PRIMARY KEY (`team_id`),
  ADD KEY `team_fk_item_formation` (`item_formation_id`),
  ADD KEY `team_fk_item_wear` (`item_wear_id`);

--
-- Indexes for table `tournament_name`
--
ALTER TABLE `tournament_name`
  ADD PRIMARY KEY (`tournament_name_id`),
  ADD KEY `tournament_name_fk_tournament_rank` (`tournament_rank_id`);

--
-- Indexes for table `tournament_rank`
--
ALTER TABLE `tournament_rank`
  ADD PRIMARY KEY (`tournament_rank_id`);

--
-- Indexes for table `tournament_rank_disputed_by_team`
--
ALTER TABLE `tournament_rank_disputed_by_team`
  ADD PRIMARY KEY (`tournament_rank_id`,`team_id`),
  ADD KEY `tournament_rank_disputed_by_team_fk_team` (`team_id`);

--
-- Indexes for table `tournament_rank_may_drop_item`
--
ALTER TABLE `tournament_rank_may_drop_item`
  ADD PRIMARY KEY (`tournament_rank_id`,`item_id`),
  ADD KEY `tournament_rank_may_drop_item_fk_item` (`item_id`);

--
-- Indexes for table `tournament_rank_requires_player`
--
ALTER TABLE `tournament_rank_requires_player`
  ADD PRIMARY KEY (`player_id`),
  ADD KEY `tournament_rank_requires_player_fk_tournament_rank` (`tournament_rank_id`);

--
-- Indexes for table `training_method`
--
ALTER TABLE `training_method`
  ADD PRIMARY KEY (`training_method_id`);

--
-- Indexes for table `training_method_focuses_on_stat`
--
ALTER TABLE `training_method_focuses_on_stat`
  ADD PRIMARY KEY (`training_method_id`,`stat_id`),
  ADD KEY `training_method_focuses_on_stat_fk_stat` (`stat_id`);

--
-- Indexes for table `utc_drop_type`
--
ALTER TABLE `utc_drop_type`
  ADD PRIMARY KEY (`utc_drop_type_id`);

--
-- Indexes for table `utc_session`
--
ALTER TABLE `utc_session`
  ADD PRIMARY KEY (`utc_session_id`);

--
-- Indexes for table `utc_session_develops_stat`
--
ALTER TABLE `utc_session_develops_stat`
  ADD PRIMARY KEY (`utc_session_id`,`stat_id`),
  ADD KEY `utc_session_develops_stat_fk_stat` (`stat_id`);

--
-- Indexes for table `utc_session_drops`
--
ALTER TABLE `utc_session_drops`
  ADD PRIMARY KEY (`utc_session_id`,`item_id`),
  ADD KEY `utc_session_drops_fk_item` (`item_id`),
  ADD KEY `utc_session_drops_fk_utc_drop_type` (`utc_drop_type_id`);

--
-- Indexes for table `zone`
--
ALTER TABLE `zone`
  ADD PRIMARY KEY (`zone_id`),
  ADD KEY `zone_fk_zone_type` (`zone_type_id`);

--
-- Indexes for table `zone_building`
--
ALTER TABLE `zone_building`
  ADD PRIMARY KEY (`zone_building_id`),
  ADD KEY `zone_building_fk_zone_level` (`zone_level_id`);

--
-- Indexes for table `zone_building_floor`
--
ALTER TABLE `zone_building_floor`
  ADD PRIMARY KEY (`zone_building_floor_id`),
  ADD KEY `zone_building_floor_fk_building` (`zone_building_id`);

--
-- Indexes for table `zone_inner`
--
ALTER TABLE `zone_inner`
  ADD PRIMARY KEY (`zone_inner_id`),
  ADD KEY `zone_inner_fk_zone_outer` (`zone_outer_id`);

--
-- Indexes for table `zone_level`
--
ALTER TABLE `zone_level`
  ADD PRIMARY KEY (`zone_level_id`),
  ADD KEY `zone_level_fk_zone_inner` (`zone_inner_id`);

--
-- Indexes for table `zone_outer`
--
ALTER TABLE `zone_outer`
  ADD PRIMARY KEY (`zone_outer_id`),
  ADD KEY `zone_outer_fk_region` (`region_id`);

--
-- Indexes for table `zone_type`
--
ALTER TABLE `zone_type`
  ADD PRIMARY KEY (`zone_type_id`);

--
-- AUTO_INCREMENT for dumped tables
--

--
-- AUTO_INCREMENT for table `attri`
--
ALTER TABLE `attri`
  MODIFY `attri_id` int(11) NOT NULL AUTO_INCREMENT, AUTO_INCREMENT=5;

--
-- AUTO_INCREMENT for table `body_type`
--
ALTER TABLE `body_type`
  MODIFY `body_type_id` int(11) NOT NULL AUTO_INCREMENT, AUTO_INCREMENT=5;

--
-- AUTO_INCREMENT for table `catch_type`
--
ALTER TABLE `catch_type`
  MODIFY `catch_type_id` int(11) NOT NULL AUTO_INCREMENT, AUTO_INCREMENT=4;

--
-- AUTO_INCREMENT for table `chest`
--
ALTER TABLE `chest`
  MODIFY `chest_id` int(11) NOT NULL AUTO_INCREMENT;

--
-- AUTO_INCREMENT for table `conn_link`
--
ALTER TABLE `conn_link`
  MODIFY `conn_link_id` int(11) NOT NULL AUTO_INCREMENT;

--
-- AUTO_INCREMENT for table `conn_link_type`
--
ALTER TABLE `conn_link_type`
  MODIFY `conn_link_type_id` int(11) NOT NULL AUTO_INCREMENT;

--
-- AUTO_INCREMENT for table `conn_panel`
--
ALTER TABLE `conn_panel`
  MODIFY `conn_panel_id` int(11) NOT NULL AUTO_INCREMENT;

--
-- AUTO_INCREMENT for table `extra_battle_route`
--
ALTER TABLE `extra_battle_route`
  MODIFY `extra_battle_route_id` int(11) NOT NULL AUTO_INCREMENT;

--
-- AUTO_INCREMENT for table `gacha`
--
ALTER TABLE `gacha`
  MODIFY `gacha_id` int(11) NOT NULL AUTO_INCREMENT;

--
-- AUTO_INCREMENT for table `gender`
--
ALTER TABLE `gender`
  MODIFY `gender_id` int(11) NOT NULL AUTO_INCREMENT, AUTO_INCREMENT=3;

--
-- AUTO_INCREMENT for table `growth_rate`
--
ALTER TABLE `growth_rate`
  MODIFY `growth_rate_id` int(11) NOT NULL AUTO_INCREMENT, AUTO_INCREMENT=4;

--
-- AUTO_INCREMENT for table `growth_type`
--
ALTER TABLE `growth_type`
  MODIFY `growth_type_id` int(11) NOT NULL AUTO_INCREMENT, AUTO_INCREMENT=4;

--
-- AUTO_INCREMENT for table `hissatsu_special_restriction`
--
ALTER TABLE `hissatsu_special_restriction`
  MODIFY `hissatsu_special_restriction_id` int(11) NOT NULL AUTO_INCREMENT;

--
-- AUTO_INCREMENT for table `hissatsu_type`
--
ALTER TABLE `hissatsu_type`
  MODIFY `hissatsu_type_id` int(11) NOT NULL AUTO_INCREMENT, AUTO_INCREMENT=6;

--
-- AUTO_INCREMENT for table `item`
--
ALTER TABLE `item`
  MODIFY `item_id` int(11) NOT NULL AUTO_INCREMENT, AUTO_INCREMENT=792;

--
-- AUTO_INCREMENT for table `item_formation`
--
ALTER TABLE `item_formation`
  MODIFY `item_formation_id` int(11) NOT NULL AUTO_INCREMENT, AUTO_INCREMENT=792;

--
-- AUTO_INCREMENT for table `item_formation_scheme`
--
ALTER TABLE `item_formation_scheme`
  MODIFY `item_formation_scheme_id` int(11) NOT NULL AUTO_INCREMENT, AUTO_INCREMENT=19;

--
-- AUTO_INCREMENT for table `item_formation_type`
--
ALTER TABLE `item_formation_type`
  MODIFY `item_formation_type_id` int(11) NOT NULL AUTO_INCREMENT, AUTO_INCREMENT=3;

--
-- AUTO_INCREMENT for table `item_type`
--
ALTER TABLE `item_type`
  MODIFY `item_type_id` int(11) NOT NULL AUTO_INCREMENT, AUTO_INCREMENT=13;

--
-- AUTO_INCREMENT for table `npc`
--
ALTER TABLE `npc`
  MODIFY `npc_id` int(11) NOT NULL AUTO_INCREMENT;

--
-- AUTO_INCREMENT for table `old_pin_badge_exchange`
--
ALTER TABLE `old_pin_badge_exchange`
  MODIFY `old_pin_badge_exchange_id` int(11) NOT NULL AUTO_INCREMENT;

--
-- AUTO_INCREMENT for table `passwd`
--
ALTER TABLE `passwd`
  MODIFY `passwd_id` int(11) NOT NULL AUTO_INCREMENT, AUTO_INCREMENT=23;

--
-- AUTO_INCREMENT for table `player`
--
ALTER TABLE `player`
  MODIFY `player_id` int(11) NOT NULL AUTO_INCREMENT, AUTO_INCREMENT=2333;

--
-- AUTO_INCREMENT for table `player_obtention_method`
--
ALTER TABLE `player_obtention_method`
  MODIFY `player_obtention_method_id` int(11) NOT NULL AUTO_INCREMENT, AUTO_INCREMENT=17;

--
-- AUTO_INCREMENT for table `positi`
--
ALTER TABLE `positi`
  MODIFY `positi_id` int(11) NOT NULL AUTO_INCREMENT, AUTO_INCREMENT=5;

--
-- AUTO_INCREMENT for table `practice_game`
--
ALTER TABLE `practice_game`
  MODIFY `practice_game_id` int(11) NOT NULL AUTO_INCREMENT;

--
-- AUTO_INCREMENT for table `practice_game_condition`
--
ALTER TABLE `practice_game_condition`
  MODIFY `practice_game_condition_id` int(11) NOT NULL AUTO_INCREMENT;

--
-- AUTO_INCREMENT for table `region`
--
ALTER TABLE `region`
  MODIFY `region_id` int(11) NOT NULL AUTO_INCREMENT, AUTO_INCREMENT=5;

--
-- AUTO_INCREMENT for table `route_path`
--
ALTER TABLE `route_path`
  MODIFY `route_path_id` int(11) NOT NULL AUTO_INCREMENT;

--
-- AUTO_INCREMENT for table `shoot_special_property`
--
ALTER TABLE `shoot_special_property`
  MODIFY `shoot_special_property_id` int(11) NOT NULL AUTO_INCREMENT, AUTO_INCREMENT=4;

--
-- AUTO_INCREMENT for table `stat`
--
ALTER TABLE `stat`
  MODIFY `stat_id` int(11) NOT NULL AUTO_INCREMENT, AUTO_INCREMENT=11;

--
-- AUTO_INCREMENT for table `stor`
--
ALTER TABLE `stor`
  MODIFY `stor_id` int(11) NOT NULL AUTO_INCREMENT, AUTO_INCREMENT=55;

--
-- AUTO_INCREMENT for table `story`
--
ALTER TABLE `story`
  MODIFY `story_id` int(11) NOT NULL AUTO_INCREMENT;

--
-- AUTO_INCREMENT for table `stor_type`
--
ALTER TABLE `stor_type`
  MODIFY `stor_type_id` int(11) NOT NULL AUTO_INCREMENT, AUTO_INCREMENT=8;

--
-- AUTO_INCREMENT for table `tactic_side`
--
ALTER TABLE `tactic_side`
  MODIFY `tactic_side_id` int(11) NOT NULL AUTO_INCREMENT, AUTO_INCREMENT=5;

--
-- AUTO_INCREMENT for table `tactic_type`
--
ALTER TABLE `tactic_type`
  MODIFY `tactic_type_id` int(11) NOT NULL AUTO_INCREMENT, AUTO_INCREMENT=5;

--
-- AUTO_INCREMENT for table `team`
--
ALTER TABLE `team`
  MODIFY `team_id` int(11) NOT NULL AUTO_INCREMENT, AUTO_INCREMENT=186;

--
-- AUTO_INCREMENT for table `tournament_name`
--
ALTER TABLE `tournament_name`
  MODIFY `tournament_name_id` int(11) NOT NULL AUTO_INCREMENT;

--
-- AUTO_INCREMENT for table `tournament_rank`
--
ALTER TABLE `tournament_rank`
  MODIFY `tournament_rank_id` int(11) NOT NULL AUTO_INCREMENT;

--
-- AUTO_INCREMENT for table `training_method`
--
ALTER TABLE `training_method`
  MODIFY `training_method_id` int(11) NOT NULL AUTO_INCREMENT, AUTO_INCREMENT=10;

--
-- AUTO_INCREMENT for table `utc_drop_type`
--
ALTER TABLE `utc_drop_type`
  MODIFY `utc_drop_type_id` int(11) NOT NULL AUTO_INCREMENT;

--
-- AUTO_INCREMENT for table `utc_session`
--
ALTER TABLE `utc_session`
  MODIFY `utc_session_id` int(11) NOT NULL AUTO_INCREMENT;

--
-- AUTO_INCREMENT for table `zone`
--
ALTER TABLE `zone`
  MODIFY `zone_id` int(11) NOT NULL AUTO_INCREMENT, AUTO_INCREMENT=261;

--
-- AUTO_INCREMENT for table `zone_type`
--
ALTER TABLE `zone_type`
  MODIFY `zone_type_id` int(11) NOT NULL AUTO_INCREMENT, AUTO_INCREMENT=6;

--
-- Constraints for dumped tables
--

--
-- Constraints for table `chest`
--
ALTER TABLE `chest`
  ADD CONSTRAINT `chest_fk_item` FOREIGN KEY (`item_id`) REFERENCES `item` (`item_id`) ON DELETE CASCADE,
  ADD CONSTRAINT `chest_fk_zone` FOREIGN KEY (`zone_id`) REFERENCES `zone` (`zone_id`) ON DELETE CASCADE;

--
-- Constraints for table `conn_link`
--
ALTER TABLE `conn_link`
  ADD CONSTRAINT `conn_link_fk_conn_panel` FOREIGN KEY (`conn_panel_id`) REFERENCES `conn_panel` (`conn_panel_id`) ON DELETE CASCADE;

--
-- Constraints for table `equipment_strengthens_stat`
--
ALTER TABLE `equipment_strengthens_stat`
  ADD CONSTRAINT `equipment_strengthens_stat_fk_item_equipment` FOREIGN KEY (`item_equipment_id`) REFERENCES `item_equipment` (`item_equipment_id`) ON DELETE CASCADE,
  ADD CONSTRAINT `equipment_strengthens_stat_fk_stat` FOREIGN KEY (`stat_id`) REFERENCES `stat` (`stat_id`) ON DELETE CASCADE;

--
-- Constraints for table `extra_battle_route`
--
ALTER TABLE `extra_battle_route`
  ADD CONSTRAINT `extra_battle_route_fk_npc` FOREIGN KEY (`npc_id`) REFERENCES `npc` (`npc_id`) ON DELETE CASCADE;

--
-- Constraints for table `gacha`
--
ALTER TABLE `gacha`
  ADD CONSTRAINT `gacha_fk_zone` FOREIGN KEY (`zone_id`) REFERENCES `zone` (`zone_id`) ON DELETE CASCADE;

--
-- Constraints for table `gacha_yields`
--
ALTER TABLE `gacha_yields`
  ADD CONSTRAINT `gacha_yields_fk_gacha` FOREIGN KEY (`gacha_id`) REFERENCES `gacha` (`gacha_id`) ON DELETE CASCADE,
  ADD CONSTRAINT `gacha_yields_fk_item_currency` FOREIGN KEY (`item_currency_id`) REFERENCES `item_currency` (`item_currency_id`) ON DELETE CASCADE,
  ADD CONSTRAINT `gacha_yields_fk_player` FOREIGN KEY (`player_id`) REFERENCES `player` (`player_id`) ON DELETE CASCADE;

--
-- Constraints for table `growth_type_can_achieve_growth_rate`
--
ALTER TABLE `growth_type_can_achieve_growth_rate`
  ADD CONSTRAINT `growth_type_can_achieve_growth_rate_fk_growth_rate` FOREIGN KEY (`growth_rate_id`) REFERENCES `growth_rate` (`growth_rate_id`) ON DELETE CASCADE,
  ADD CONSTRAINT `growth_type_can_achieve_growth_rate_fk_growth_type` FOREIGN KEY (`growth_type_id`) REFERENCES `growth_type` (`growth_type_id`) ON DELETE CASCADE;

--
-- Constraints for table `hissatsu_available_for_positi`
--
ALTER TABLE `hissatsu_available_for_positi`
  ADD CONSTRAINT `hissatsu_available_for_positi_fk_item_hissatsu` FOREIGN KEY (`item_hissatsu_id`) REFERENCES `item_hissatsu` (`item_hissatsu_id`) ON DELETE CASCADE,
  ADD CONSTRAINT `hissatsu_available_for_positi_fk_positi` FOREIGN KEY (`positi_id`) REFERENCES `positi` (`positi_id`) ON DELETE CASCADE;

--
-- Constraints for table `hissatsu_block`
--
ALTER TABLE `hissatsu_block`
  ADD CONSTRAINT `hissatsu_block_fk_item_hissatsu` FOREIGN KEY (`item_hissatsu_id`) REFERENCES `item_hissatsu` (`item_hissatsu_id`) ON DELETE CASCADE;

--
-- Constraints for table `hissatsu_catch`
--
ALTER TABLE `hissatsu_catch`
  ADD CONSTRAINT `hissatsu_catch_fk_catch_type` FOREIGN KEY (`catch_type_id`) REFERENCES `catch_type` (`catch_type_id`) ON DELETE CASCADE,
  ADD CONSTRAINT `hissatsu_catch_fk_item_hissatsu` FOREIGN KEY (`item_hissatsu_id`) REFERENCES `item_hissatsu` (`item_hissatsu_id`) ON DELETE CASCADE;

--
-- Constraints for table `hissatsu_combined_with_hissatsu`
--
ALTER TABLE `hissatsu_combined_with_hissatsu`
  ADD CONSTRAINT `hissatsu_combined_with_hissatsu_fk_item_hissatsu1` FOREIGN KEY (`item_hissatsu_id_base`) REFERENCES `item_hissatsu` (`item_hissatsu_id`) ON DELETE CASCADE,
  ADD CONSTRAINT `hissatsu_combined_with_hissatsu_fk_item_hissatsu2` FOREIGN KEY (`item_hissatsu_id_combined`) REFERENCES `item_hissatsu` (`item_hissatsu_id`) ON DELETE CASCADE;

--
-- Constraints for table `hissatsu_constrained_by_body_type`
--
ALTER TABLE `hissatsu_constrained_by_body_type`
  ADD CONSTRAINT `hissatsu_constrained_by_body_type_fk_body_type` FOREIGN KEY (`body_type_id`) REFERENCES `body_type` (`body_type_id`) ON DELETE CASCADE,
  ADD CONSTRAINT `hissatsu_constrained_by_body_type_fk_item_hissatsu` FOREIGN KEY (`item_hissatsu_id`) REFERENCES `item_hissatsu` (`item_hissatsu_id`) ON DELETE CASCADE;

--
-- Constraints for table `hissatsu_designed_for_attri`
--
ALTER TABLE `hissatsu_designed_for_attri`
  ADD CONSTRAINT `hissatsu_designed_for_attri_fk_attri` FOREIGN KEY (`attri_id`) REFERENCES `attri` (`attri_id`) ON DELETE CASCADE,
  ADD CONSTRAINT `hissatsu_designed_for_attri_fk_item_hissatsu` FOREIGN KEY (`item_hissatsu_id`) REFERENCES `item_hissatsu` (`item_hissatsu_id`) ON DELETE CASCADE;

--
-- Constraints for table `hissatsu_dribble`
--
ALTER TABLE `hissatsu_dribble`
  ADD CONSTRAINT `hissatsu_dribble_fk_item_hissatsu` FOREIGN KEY (`item_hissatsu_id`) REFERENCES `item_hissatsu` (`item_hissatsu_id`) ON DELETE CASCADE;

--
-- Constraints for table `hissatsu_evokes_attri`
--
ALTER TABLE `hissatsu_evokes_attri`
  ADD CONSTRAINT `hissatsu_evokes_attri_fk_attri` FOREIGN KEY (`attri_id`) REFERENCES `attri` (`attri_id`) ON DELETE CASCADE,
  ADD CONSTRAINT `hissatsu_evokes_attri_fk_item_hissatsu` FOREIGN KEY (`item_hissatsu_id`) REFERENCES `item_hissatsu` (`item_hissatsu_id`) ON DELETE CASCADE;

--
-- Constraints for table `hissatsu_evolves`
--
ALTER TABLE `hissatsu_evolves`
  ADD CONSTRAINT `hissatsu_evolves_fk_growth_rate` FOREIGN KEY (`growth_rate_id`) REFERENCES `growth_rate` (`growth_rate_id`) ON DELETE CASCADE,
  ADD CONSTRAINT `hissatsu_evolves_fk_growth_type` FOREIGN KEY (`growth_type_id`) REFERENCES `growth_type` (`growth_type_id`) ON DELETE CASCADE,
  ADD CONSTRAINT `hissatsu_evolves_fk_item_hissatsu` FOREIGN KEY (`item_hissatsu_id`) REFERENCES `item_hissatsu` (`item_hissatsu_id`) ON DELETE CASCADE;

--
-- Constraints for table `hissatsu_helped_by_attri`
--
ALTER TABLE `hissatsu_helped_by_attri`
  ADD CONSTRAINT `hissatsu_helped_by_attri_fk_attri` FOREIGN KEY (`attri_id`) REFERENCES `attri` (`attri_id`) ON DELETE CASCADE,
  ADD CONSTRAINT `hissatsu_helped_by_attri_fk_item_hissatsu` FOREIGN KEY (`item_hissatsu_id`) REFERENCES `item_hissatsu` (`item_hissatsu_id`) ON DELETE CASCADE;

--
-- Constraints for table `hissatsu_limited_by_gender`
--
ALTER TABLE `hissatsu_limited_by_gender`
  ADD CONSTRAINT `hissatsu_limited_by_gender_fk_gender` FOREIGN KEY (`gender_id`) REFERENCES `gender` (`gender_id`) ON DELETE CASCADE,
  ADD CONSTRAINT `hissatsu_limited_by_gender_fk_item_hissatsu` FOREIGN KEY (`item_hissatsu_id`) REFERENCES `item_hissatsu` (`item_hissatsu_id`) ON DELETE CASCADE;

--
-- Constraints for table `hissatsu_restricted_by_hissatsu_special_restriction`
--
ALTER TABLE `hissatsu_restricted_by_hissatsu_special_restriction`
  ADD CONSTRAINT `hissatsu_restricted_by_hsp_fk_hsp` FOREIGN KEY (`hissatsu_special_restriction_id`) REFERENCES `hissatsu_special_restriction` (`hissatsu_special_restriction_id`) ON DELETE CASCADE,
  ADD CONSTRAINT `hissatsu_restricted_by_hsp_fk_item_hissatsu` FOREIGN KEY (`item_hissatsu_id`) REFERENCES `item_hissatsu` (`item_hissatsu_id`) ON DELETE CASCADE;

--
-- Constraints for table `hissatsu_shoot`
--
ALTER TABLE `hissatsu_shoot`
  ADD CONSTRAINT `hissatsu_shoot_fk_item_hissatsu` FOREIGN KEY (`item_hissatsu_id`) REFERENCES `item_hissatsu` (`item_hissatsu_id`) ON DELETE CASCADE;

--
-- Constraints for table `hissatsu_shoot_can_have_shoot_special_property`
--
ALTER TABLE `hissatsu_shoot_can_have_shoot_special_property`
  ADD CONSTRAINT `hissatsu_shoot_can_have_spp_fk_spp` FOREIGN KEY (`shoot_special_property_id`) REFERENCES `shoot_special_property` (`shoot_special_property_id`) ON DELETE CASCADE,
  ADD CONSTRAINT `hissatsu_shoot_can_have_ssp_fk_hissatsu_shoot` FOREIGN KEY (`item_hissatsu_id`) REFERENCES `hissatsu_shoot` (`item_hissatsu_id`) ON DELETE CASCADE;

--
-- Constraints for table `hissatsu_skill`
--
ALTER TABLE `hissatsu_skill`
  ADD CONSTRAINT `hissatsu_skill_fk_item_hissatsu` FOREIGN KEY (`item_hissatsu_id`) REFERENCES `item_hissatsu` (`item_hissatsu_id`) ON DELETE CASCADE;

--
-- Constraints for table `item`
--
ALTER TABLE `item`
  ADD CONSTRAINT `item_fk_item_type` FOREIGN KEY (`item_type_id`) REFERENCES `item_type` (`item_type_id`) ON DELETE CASCADE;

--
-- Constraints for table `item_currency`
--
ALTER TABLE `item_currency`
  ADD CONSTRAINT `item_currency_fk_item` FOREIGN KEY (`item_currency_id`) REFERENCES `item` (`item_id`) ON DELETE CASCADE;

--
-- Constraints for table `item_equipment`
--
ALTER TABLE `item_equipment`
  ADD CONSTRAINT `item_equipment_fk_equipment_type` FOREIGN KEY (`equipment_type_id`) REFERENCES `equipment_type` (`equipment_type_id`) ON DELETE CASCADE,
  ADD CONSTRAINT `item_equipment_fk_item` FOREIGN KEY (`item_equipment_id`) REFERENCES `item` (`item_id`) ON DELETE CASCADE;

--
-- Constraints for table `item_formation`
--
ALTER TABLE `item_formation`
  ADD CONSTRAINT `item_formation_fk_item` FOREIGN KEY (`item_formation_id`) REFERENCES `item` (`item_id`) ON DELETE CASCADE,
  ADD CONSTRAINT `item_formation_fk_item_formation` FOREIGN KEY (`original_version`) REFERENCES `item_formation` (`item_formation_id`) ON DELETE CASCADE,
  ADD CONSTRAINT `item_formation_fk_item_formation_scheme` FOREIGN KEY (`item_formation_scheme_id`) REFERENCES `item_formation_scheme` (`item_formation_scheme_id`) ON DELETE CASCADE,
  ADD CONSTRAINT `item_formation_fk_item_formation_type` FOREIGN KEY (`item_formation_type_id`) REFERENCES `item_formation_type` (`item_formation_type_id`) ON DELETE CASCADE;

--
-- Constraints for table `item_formation_organized_as_positi`
--
ALTER TABLE `item_formation_organized_as_positi`
  ADD CONSTRAINT `item_formation_organized_as_positi_fk_item_formation` FOREIGN KEY (`item_formation_id`) REFERENCES `item_formation` (`item_formation_id`) ON DELETE CASCADE,
  ADD CONSTRAINT `item_formation_organized_as_positi_fk_positi` FOREIGN KEY (`positi_id`) REFERENCES `positi` (`positi_id`) ON DELETE CASCADE;

--
-- Constraints for table `item_gifted_during_story`
--
ALTER TABLE `item_gifted_during_story`
  ADD CONSTRAINT `item_gifted_during_story_fk_item` FOREIGN KEY (`item_id`) REFERENCES `item` (`item_id`) ON DELETE CASCADE,
  ADD CONSTRAINT `item_gifted_during_story_fk_story` FOREIGN KEY (`story_id`) REFERENCES `story` (`story_id`) ON DELETE CASCADE;

--
-- Constraints for table `item_hissatsu`
--
ALTER TABLE `item_hissatsu`
  ADD CONSTRAINT `item_hissatsu_fk_hissatsu_type` FOREIGN KEY (`hissatsu_type_id`) REFERENCES `hissatsu_type` (`hissatsu_type_id`) ON DELETE CASCADE,
  ADD CONSTRAINT `item_hissatsu_fk_item` FOREIGN KEY (`item_hissatsu_id`) REFERENCES `item` (`item_id`) ON DELETE CASCADE;

--
-- Constraints for table `item_key`
--
ALTER TABLE `item_key`
  ADD CONSTRAINT `item_key_fk_item` FOREIGN KEY (`item_key_id`) REFERENCES `item` (`item_id`) ON DELETE CASCADE,
  ADD CONSTRAINT `item_key_fk_zone` FOREIGN KEY (`zone_id`) REFERENCES `zone` (`zone_id`) ON DELETE CASCADE;

--
-- Constraints for table `item_map`
--
ALTER TABLE `item_map`
  ADD CONSTRAINT `item_map_fk_item` FOREIGN KEY (`item_map_id`) REFERENCES `item` (`item_id`) ON DELETE CASCADE,
  ADD CONSTRAINT `item_map_fk_zone` FOREIGN KEY (`zone_id`) REFERENCES `zone` (`zone_id`) ON DELETE CASCADE;

--
-- Constraints for table `item_recovery`
--
ALTER TABLE `item_recovery`
  ADD CONSTRAINT `item_recovery_fk_item` FOREIGN KEY (`item_recovery_id`) REFERENCES `item` (`item_id`) ON DELETE CASCADE;

--
-- Constraints for table `item_reward_player`
--
ALTER TABLE `item_reward_player`
  ADD CONSTRAINT `item_reward_player_fk_item` FOREIGN KEY (`item_reward_player_id`) REFERENCES `item` (`item_id`) ON DELETE CASCADE,
  ADD CONSTRAINT `item_reward_player_fk_player` FOREIGN KEY (`player_id`) REFERENCES `player` (`player_id`) ON DELETE CASCADE;

--
-- Constraints for table `item_sold_at_stor`
--
ALTER TABLE `item_sold_at_stor`
  ADD CONSTRAINT `item_sold_at_stor_fk_item` FOREIGN KEY (`item_id`) REFERENCES `item` (`item_id`) ON DELETE CASCADE,
  ADD CONSTRAINT `item_sold_at_stor_fk_stor` FOREIGN KEY (`stor_id`) REFERENCES `stor` (`stor_id`) ON DELETE CASCADE;

--
-- Constraints for table `item_tactic`
--
ALTER TABLE `item_tactic`
  ADD CONSTRAINT `item_tactic_fk_item` FOREIGN KEY (`item_tactic_id`) REFERENCES `item` (`item_id`) ON DELETE CASCADE,
  ADD CONSTRAINT `item_tactic_fk_tactic_side` FOREIGN KEY (`tactic_side_id`) REFERENCES `tactic_side` (`tactic_side_id`) ON DELETE CASCADE,
  ADD CONSTRAINT `item_tactic_fk_tactic_type` FOREIGN KEY (`tactic_type_id`) REFERENCES `tactic_type` (`tactic_type_id`) ON DELETE CASCADE;

--
-- Constraints for table `item_ultimate_note`
--
ALTER TABLE `item_ultimate_note`
  ADD CONSTRAINT `item_ultimate_note_fk_item` FOREIGN KEY (`item_ultimate_note_id`) REFERENCES `item` (`item_id`) ON DELETE CASCADE;

--
-- Constraints for table `item_vscard`
--
ALTER TABLE `item_vscard`
  ADD CONSTRAINT `item_vscard_fk_item` FOREIGN KEY (`item_vscard_id`) REFERENCES `item` (`item_id`) ON DELETE CASCADE,
  ADD CONSTRAINT `item_vscard_fk_practice_game` FOREIGN KEY (`practice_game_id`) REFERENCES `practice_game` (`practice_game_id`) ON DELETE CASCADE;

--
-- Constraints for table `item_wear`
--
ALTER TABLE `item_wear`
  ADD CONSTRAINT `item_wear_fk_item` FOREIGN KEY (`item_wear_id`) REFERENCES `item` (`item_id`) ON DELETE CASCADE;

--
-- Constraints for table `link_chest`
--
ALTER TABLE `link_chest`
  ADD CONSTRAINT `link_chest_fk_conn_link` FOREIGN KEY (`link_chest_id`) REFERENCES `conn_link` (`conn_link_id`) ON DELETE CASCADE,
  ADD CONSTRAINT `link_chest_fk_item` FOREIGN KEY (`item_id`) REFERENCES `item` (`item_id`) ON DELETE CASCADE;

--
-- Constraints for table `link_lock`
--
ALTER TABLE `link_lock`
  ADD CONSTRAINT `link_lock_fk_conn_link` FOREIGN KEY (`link_lock_id`) REFERENCES `conn_link` (`conn_link_id`) ON DELETE CASCADE,
  ADD CONSTRAINT `link_lock_fk_player` FOREIGN KEY (`player_id`) REFERENCES `player` (`player_id`) ON DELETE CASCADE,
  ADD CONSTRAINT `link_lock_fk_story` FOREIGN KEY (`story_id`) REFERENCES `story` (`story_id`) ON DELETE CASCADE;

--
-- Constraints for table `link_player`
--
ALTER TABLE `link_player`
  ADD CONSTRAINT `link_player_fk_conn_link` FOREIGN KEY (`link_player_id`) REFERENCES `conn_link` (`conn_link_id`) ON DELETE CASCADE,
  ADD CONSTRAINT `link_player_fk_player` FOREIGN KEY (`player_id`) REFERENCES `player` (`player_id`) ON DELETE CASCADE;

--
-- Constraints for table `npc`
--
ALTER TABLE `npc`
  ADD CONSTRAINT `npc_fk_zone` FOREIGN KEY (`zone_id`) REFERENCES `zone` (`zone_id`) ON DELETE CASCADE;

--
-- Constraints for table `old_pin_badge_exchange`
--
ALTER TABLE `old_pin_badge_exchange`
  ADD CONSTRAINT `old_pin_badge_exchange_fk_item` FOREIGN KEY (`item_id`) REFERENCES `item` (`item_id`) ON DELETE CASCADE;

--
-- Constraints for table `player_decrypted_with_passwd`
--
ALTER TABLE `player_decrypted_with_passwd`
  ADD CONSTRAINT `player_decrypted_with_passwd_fk_passwd` FOREIGN KEY (`passwd_id`) REFERENCES `passwd` (`passwd_id`) ON DELETE CASCADE,
  ADD CONSTRAINT `player_decrypted_with_passwd_fk_player` FOREIGN KEY (`player_id`) REFERENCES `player` (`player_id`) ON DELETE CASCADE;

--
-- Constraints for table `player_found_at_zone`
--
ALTER TABLE `player_found_at_zone`
  ADD CONSTRAINT `player_found_at_zone_fk_player` FOREIGN KEY (`player_id`) REFERENCES `player` (`player_id`) ON DELETE CASCADE,
  ADD CONSTRAINT `player_found_at_zone_fk_zone` FOREIGN KEY (`zone_id`) REFERENCES `zone` (`zone_id`) ON DELETE CASCADE;

--
-- Constraints for table `player_has_recommended_gear_equipment`
--
ALTER TABLE `player_has_recommended_gear_equipment`
  ADD CONSTRAINT `player_has_recommended_gear_equipment_fk_item_equipment` FOREIGN KEY (`item_equipment_id`) REFERENCES `item_equipment` (`item_equipment_id`) ON DELETE CASCADE,
  ADD CONSTRAINT `player_has_recommended_gear_equipment_fk_player` FOREIGN KEY (`player_id`) REFERENCES `player` (`player_id`) ON DELETE CASCADE;

--
-- Constraints for table `player_has_recommended_routine_tm`
--
ALTER TABLE `player_has_recommended_routine_tm`
  ADD CONSTRAINT `player_has_recommended_routine_tm_fk_player` FOREIGN KEY (`player_id`) REFERENCES `player` (`player_id`) ON DELETE CASCADE,
  ADD CONSTRAINT `player_has_recommended_routine_tm_fk_tm` FOREIGN KEY (`training_method_id`) REFERENCES `training_method` (`training_method_id`) ON DELETE CASCADE;

--
-- Constraints for table `player_has_recommended_slot_hissatsu`
--
ALTER TABLE `player_has_recommended_slot_hissatsu`
  ADD CONSTRAINT `player_has_recommended_slot_hissatsu_fk_item_hissatsu` FOREIGN KEY (`item_hissatsu_id`) REFERENCES `item_hissatsu` (`item_hissatsu_id`) ON DELETE CASCADE,
  ADD CONSTRAINT `player_has_recommended_slot_hissatsu_fk_player` FOREIGN KEY (`player_id`) REFERENCES `player` (`player_id`) ON DELETE CASCADE;

--
-- Constraints for table `player_is_part_of_team`
--
ALTER TABLE `player_is_part_of_team`
  ADD CONSTRAINT `player_is_part_of_team_fk_player` FOREIGN KEY (`player_id`) REFERENCES `player` (`player_id`) ON DELETE CASCADE,
  ADD CONSTRAINT `player_is_part_of_team_fk_team` FOREIGN KEY (`team_id`) REFERENCES `team` (`team_id`) ON DELETE CASCADE;

--
-- Constraints for table `player_learns_hissatsu`
--
ALTER TABLE `player_learns_hissatsu`
  ADD CONSTRAINT `player_learns_hissatsu_fk_item_hissatsu` FOREIGN KEY (`item_hissatsu_id`) REFERENCES `item_hissatsu` (`item_hissatsu_id`) ON DELETE CASCADE,
  ADD CONSTRAINT `player_learns_hissatsu_fk_player` FOREIGN KEY (`player_id`) REFERENCES `player` (`player_id`) ON DELETE CASCADE;

--
-- Constraints for table `player_plays_during_story_team`
--
ALTER TABLE `player_plays_during_story_team`
  ADD CONSTRAINT `player_plays_during_story_team_fk_player` FOREIGN KEY (`player_id`) REFERENCES `player` (`player_id`) ON DELETE CASCADE,
  ADD CONSTRAINT `player_plays_during_story_team_fk_team` FOREIGN KEY (`team_id`) REFERENCES `team` (`team_id`) ON DELETE CASCADE;

--
-- Constraints for table `player_received_during_story`
--
ALTER TABLE `player_received_during_story`
  ADD CONSTRAINT `player_received_during_story_fk_player` FOREIGN KEY (`player_id`) REFERENCES `player` (`player_id`) ON DELETE CASCADE,
  ADD CONSTRAINT `player_received_during_story_fk_story` FOREIGN KEY (`story_id`) REFERENCES `story` (`story_id`) ON DELETE CASCADE;

--
-- Constraints for table `practice_game`
--
ALTER TABLE `practice_game`
  ADD CONSTRAINT `practice_game_fk_route_path` FOREIGN KEY (`route_path_id`) REFERENCES `route_path` (`route_path_id`) ON DELETE CASCADE,
  ADD CONSTRAINT `practice_game_fk_team` FOREIGN KEY (`team_id`) REFERENCES `team` (`team_id`) ON DELETE CASCADE;

--
-- Constraints for table `practice_game_can_drop_item`
--
ALTER TABLE `practice_game_can_drop_item`
  ADD CONSTRAINT `practice_game_can_drop_item_fk_item` FOREIGN KEY (`item_id`) REFERENCES `item` (`item_id`) ON DELETE CASCADE,
  ADD CONSTRAINT `practice_game_can_drop_item_fk_practice_game` FOREIGN KEY (`practice_game_id`) REFERENCES `practice_game` (`practice_game_id`) ON DELETE CASCADE;

--
-- Constraints for table `practice_game_dictated_by_pgc`
--
ALTER TABLE `practice_game_dictated_by_pgc`
  ADD CONSTRAINT `practice_game_dictated_by_pgc_fk_pgc` FOREIGN KEY (`practice_game_condition_id`) REFERENCES `practice_game_condition` (`practice_game_condition_id`) ON DELETE CASCADE,
  ADD CONSTRAINT `practice_game_dictated_by_pgc_fk_practice_game` FOREIGN KEY (`practice_game_id`) REFERENCES `practice_game` (`practice_game_id`) ON DELETE CASCADE;

--
-- Constraints for table `route_path`
--
ALTER TABLE `route_path`
  ADD CONSTRAINT `route_path_fk_extra_battle_route` FOREIGN KEY (`extra_battle_route_id`) REFERENCES `extra_battle_route` (`extra_battle_route_id`) ON DELETE CASCADE,
  ADD CONSTRAINT `route_path_fk_item_n` FOREIGN KEY (`reward_n`) REFERENCES `item` (`item_id`) ON DELETE CASCADE,
  ADD CONSTRAINT `route_path_fk_item_s` FOREIGN KEY (`reward_s`) REFERENCES `item` (`item_id`) ON DELETE CASCADE;

--
-- Constraints for table `stor`
--
ALTER TABLE `stor`
  ADD CONSTRAINT `stor_fk_stor_type` FOREIGN KEY (`stor_type_id`) REFERENCES `stor_type` (`stor_type_id`) ON DELETE CASCADE,
  ADD CONSTRAINT `stor_fk_zone` FOREIGN KEY (`zone_id`) REFERENCES `zone` (`zone_id`) ON DELETE CASCADE;

--
-- Constraints for table `tactic_executed_by_team`
--
ALTER TABLE `tactic_executed_by_team`
  ADD CONSTRAINT `tactic_executed_by_team_fk_item_tactic` FOREIGN KEY (`item_tactic_id`) REFERENCES `item_tactic` (`item_tactic_id`) ON DELETE CASCADE,
  ADD CONSTRAINT `tactic_executed_by_team_fk_team` FOREIGN KEY (`team_id`) REFERENCES `team` (`team_id`) ON DELETE CASCADE;

--
-- Constraints for table `team`
--
ALTER TABLE `team`
  ADD CONSTRAINT `team_fk_item_formation` FOREIGN KEY (`item_formation_id`) REFERENCES `item_formation` (`item_formation_id`) ON DELETE CASCADE,
  ADD CONSTRAINT `team_fk_item_wear` FOREIGN KEY (`item_wear_id`) REFERENCES `item_wear` (`item_wear_id`) ON DELETE CASCADE;

--
-- Constraints for table `tournament_name`
--
ALTER TABLE `tournament_name`
  ADD CONSTRAINT `tournament_name_fk_tournament_rank` FOREIGN KEY (`tournament_rank_id`) REFERENCES `tournament_rank` (`tournament_rank_id`) ON DELETE CASCADE;

--
-- Constraints for table `tournament_rank_disputed_by_team`
--
ALTER TABLE `tournament_rank_disputed_by_team`
  ADD CONSTRAINT `tournament_rank_disputed_by_team_fk_team` FOREIGN KEY (`team_id`) REFERENCES `team` (`team_id`) ON DELETE CASCADE,
  ADD CONSTRAINT `tournament_rank_disputed_by_team_fk_tournament_rank` FOREIGN KEY (`tournament_rank_id`) REFERENCES `tournament_rank` (`tournament_rank_id`) ON DELETE CASCADE;

--
-- Constraints for table `tournament_rank_may_drop_item`
--
ALTER TABLE `tournament_rank_may_drop_item`
  ADD CONSTRAINT `tournament_rank_may_drop_item_fk_item` FOREIGN KEY (`item_id`) REFERENCES `item` (`item_id`) ON DELETE CASCADE,
  ADD CONSTRAINT `tournament_rank_may_drop_item_fk_tournament_rank` FOREIGN KEY (`tournament_rank_id`) REFERENCES `tournament_rank` (`tournament_rank_id`) ON DELETE CASCADE;

--
-- Constraints for table `tournament_rank_requires_player`
--
ALTER TABLE `tournament_rank_requires_player`
  ADD CONSTRAINT `tournament_rank_requires_player_fk_player` FOREIGN KEY (`player_id`) REFERENCES `player` (`player_id`) ON DELETE CASCADE,
  ADD CONSTRAINT `tournament_rank_requires_player_fk_tournament_rank` FOREIGN KEY (`tournament_rank_id`) REFERENCES `tournament_rank` (`tournament_rank_id`) ON DELETE CASCADE;

--
-- Constraints for table `training_method_focuses_on_stat`
--
ALTER TABLE `training_method_focuses_on_stat`
  ADD CONSTRAINT `training_method_focuses_on_stat_fk_stat` FOREIGN KEY (`stat_id`) REFERENCES `stat` (`stat_id`) ON DELETE CASCADE,
  ADD CONSTRAINT `training_method_focuses_on_stat_fk_training_method` FOREIGN KEY (`training_method_id`) REFERENCES `training_method` (`training_method_id`) ON DELETE CASCADE;

--
-- Constraints for table `utc_session_develops_stat`
--
ALTER TABLE `utc_session_develops_stat`
  ADD CONSTRAINT `utc_session_develops_stat_fk_stat` FOREIGN KEY (`stat_id`) REFERENCES `stat` (`stat_id`) ON DELETE CASCADE,
  ADD CONSTRAINT `utc_session_develops_stat_fk_utc_session` FOREIGN KEY (`utc_session_id`) REFERENCES `utc_session` (`utc_session_id`) ON DELETE CASCADE;

--
-- Constraints for table `utc_session_drops`
--
ALTER TABLE `utc_session_drops`
  ADD CONSTRAINT `utc_session_drops_fk_item` FOREIGN KEY (`item_id`) REFERENCES `item` (`item_id`) ON DELETE CASCADE,
  ADD CONSTRAINT `utc_session_drops_fk_utc_drop_type` FOREIGN KEY (`utc_drop_type_id`) REFERENCES `utc_drop_type` (`utc_drop_type_id`) ON DELETE CASCADE,
  ADD CONSTRAINT `utc_session_drops_fk_utc_session` FOREIGN KEY (`utc_session_id`) REFERENCES `utc_session` (`utc_session_id`) ON DELETE CASCADE;

--
-- Constraints for table `zone`
--
ALTER TABLE `zone`
  ADD CONSTRAINT `zone_fk_zone_type` FOREIGN KEY (`zone_type_id`) REFERENCES `zone_type` (`zone_type_id`) ON DELETE CASCADE;

--
-- Constraints for table `zone_building`
--
ALTER TABLE `zone_building`
  ADD CONSTRAINT `zone_building_fk_zone` FOREIGN KEY (`zone_building_id`) REFERENCES `zone` (`zone_id`) ON DELETE CASCADE,
  ADD CONSTRAINT `zone_building_fk_zone_level` FOREIGN KEY (`zone_level_id`) REFERENCES `zone_level` (`zone_level_id`) ON DELETE CASCADE;

--
-- Constraints for table `zone_building_floor`
--
ALTER TABLE `zone_building_floor`
  ADD CONSTRAINT `zone_building_floor_fk_building` FOREIGN KEY (`zone_building_id`) REFERENCES `zone_building` (`zone_building_id`) ON DELETE CASCADE,
  ADD CONSTRAINT `zone_building_floor_fk_zone` FOREIGN KEY (`zone_building_floor_id`) REFERENCES `zone` (`zone_id`) ON DELETE CASCADE;

--
-- Constraints for table `zone_inner`
--
ALTER TABLE `zone_inner`
  ADD CONSTRAINT `zone_inner_fk_zone` FOREIGN KEY (`zone_inner_id`) REFERENCES `zone` (`zone_id`) ON DELETE CASCADE,
  ADD CONSTRAINT `zone_inner_fk_zone_outer` FOREIGN KEY (`zone_outer_id`) REFERENCES `zone_outer` (`zone_outer_id`) ON DELETE CASCADE;

--
-- Constraints for table `zone_level`
--
ALTER TABLE `zone_level`
  ADD CONSTRAINT `zone_level_fk_zone` FOREIGN KEY (`zone_level_id`) REFERENCES `zone` (`zone_id`) ON DELETE CASCADE,
  ADD CONSTRAINT `zone_level_fk_zone_inner` FOREIGN KEY (`zone_inner_id`) REFERENCES `zone_inner` (`zone_inner_id`) ON DELETE CASCADE;

--
-- Constraints for table `zone_outer`
--
ALTER TABLE `zone_outer`
  ADD CONSTRAINT `zone_outer_fk_region` FOREIGN KEY (`region_id`) REFERENCES `region` (`region_id`) ON DELETE CASCADE,
  ADD CONSTRAINT `zone_outer_fk_zone` FOREIGN KEY (`zone_outer_id`) REFERENCES `zone` (`zone_id`) ON DELETE CASCADE;
COMMIT;

/*!40101 SET CHARACTER_SET_CLIENT=@OLD_CHARACTER_SET_CLIENT */;
/*!40101 SET CHARACTER_SET_RESULTS=@OLD_CHARACTER_SET_RESULTS */;
/*!40101 SET COLLATION_CONNECTION=@OLD_COLLATION_CONNECTION */;
